[30Apr2026 00:02:00.142] [Server thread/INFO] [dev.ryanhcode.sable.Sable/]: Saving sub-levels for level 'ServerLevel[world]'/minecraft:overworld
[30Apr2026 00:02:00.159] [Server thread/INFO] [dev.ryanhcode.sable.Sable/]: Saving sub-levels for level 'ServerLevel[world]'/minecraft:the_nether
[30Apr2026 00:02:00.159] [Server thread/INFO] [dev.ryanhcode.sable.Sable/]: Saving sub-levels for level 'ServerLevel[world]'/minecraft:the_end
[30Apr2026 00:02:00.167] [Server thread/INFO] [Chunk Activity Tracker/]: Saving data for 110 chunks for dimension 'the_nether' took 1 milliseconds
[30Apr2026 00:02:00.175] [Server thread/INFO] [Chunk Activity Tracker/]: Saving data for 2843 chunks for dimension 'overworld' took 8 milliseconds
[30Apr2026 00:03:28.742] [Server thread/INFO] [net.minecraft.server.network.ServerLoginPacketListenerImpl/]: THewatchEr49578 (/185.242.3.173:59058) lost connection: Disconnected
[30Apr2026 00:07:00.142] [Server thread/INFO] [dev.ryanhcode.sable.Sable/]: Saving sub-levels for level 'ServerLevel[world]'/minecraft:overworld
[30Apr2026 00:07:00.146] [Server thread/INFO] [dev.ryanhcode.sable.Sable/]: Saving sub-levels for level 'ServerLevel[world]'/minecraft:the_nether
[30Apr2026 00:07:00.146] [Server thread/INFO] [dev.ryanhcode.sable.Sable/]: Saving sub-levels for level 'ServerLevel[world]'/minecraft:the_end
[30Apr2026 00:07:00.164] [Server thread/INFO] [Chunk Activity Tracker/]: Saving data for 110 chunks for dimension 'the_nether' took 1 milliseconds
[30Apr2026 00:07:00.172] [Server thread/INFO] [Chunk Activity Tracker/]: Saving data for 2843 chunks for dimension 'overworld' took 8 milliseconds
[30Apr2026 00:07:08.042] [Server thread/INFO] [AllTheLeaks/]: Listing events...
[30Apr2026 00:07:08.043] [Server thread/INFO] [AllTheLeaks/]: Server Player Clone: 2
[30Apr2026 00:07:08.043] [Server thread/INFO] [AllTheLeaks/]: Server Player Logout: 7
[30Apr2026 00:07:08.043] [Server thread/INFO] [AllTheLeaks/]: Listing memory leaks so far...
[30Apr2026 00:07:08.043] [Server thread/INFO] [AllTheLeaks/]: B: 1289MB / C: 1469MB / Diff: +180MB
[30Apr2026 00:07:08.044] [Server thread/INFO] [AllTheLeaks/]: Memory Leaks detected: (/atl force_refresh to update)
[30Apr2026 00:07:08.044] [Server thread/INFO] [AllTheLeaks/]: | ChunkAccess:
[30Apr2026 00:07:08.044] [Server thread/INFO] [AllTheLeaks/]: |- LevelChunk (minecraft): 1059
[30Apr2026 00:07:08.044] [Server thread/INFO] [AllTheLeaks/]: | Player:
[30Apr2026 00:07:08.044] [Server thread/INFO] [AllTheLeaks/]: |- ServerPlayer (minecraft): 9
[30Apr2026 00:11:08.842] [Server thread/INFO] [net.minecraft.server.network.ServerLoginPacketListenerImpl/]: THewatchEr49578 (/185.242.3.173:43888) lost connection: Disconnected
[30Apr2026 00:12:00.142] [Server thread/INFO] [dev.ryanhcode.sable.Sable/]: Saving sub-levels for level 'ServerLevel[world]'/minecraft:overworld
[30Apr2026 00:12:00.147] [Server thread/INFO] [dev.ryanhcode.sable.Sable/]: Saving sub-levels for level 'ServerLevel[world]'/minecraft:the_nether
[30Apr2026 00:12:00.147] [Server thread/INFO] [dev.ryanhcode.sable.Sable/]: Saving sub-levels for level 'ServerLevel[world]'/minecraft:the_end
[30Apr2026 00:12:00.159] [Server thread/INFO] [Chunk Activity Tracker/]: Saving data for 110 chunks for dimension 'the_nether' took 1 milliseconds
[30Apr2026 00:12:00.168] [Server thread/INFO] [Chunk Activity Tracker/]: Saving data for 2843 chunks for dimension 'overworld' took 9 milliseconds
[30Apr2026 00:17:00.142] [Server thread/INFO] [dev.ryanhcode.sable.Sable/]: Saving sub-levels for level 'ServerLevel[world]'/minecraft:overworld
[30Apr2026 00:17:00.172] [Server thread/INFO] [dev.ryanhcode.sable.Sable/]: Saving sub-levels for level 'ServerLevel[world]'/minecraft:the_nether
[30Apr2026 00:17:00.173] [Server thread/INFO] [dev.ryanhcode.sable.Sable/]: Saving sub-levels for level 'ServerLevel[world]'/minecraft:the_end
[30Apr2026 00:17:00.182] [Server thread/INFO] [Chunk Activity Tracker/]: Saving data for 110 chunks for dimension 'the_nether' took 2 milliseconds
[30Apr2026 00:17:00.191] [Server thread/INFO] [Chunk Activity Tracker/]: Saving data for 2843 chunks for dimension 'overworld' took 9 milliseconds
[30Apr2026 00:17:08.092] [Server thread/INFO] [AllTheLeaks/]: Listing events...
[30Apr2026 00:17:08.093] [Server thread/INFO] [AllTheLeaks/]: Server Player Clone: 2
[30Apr2026 00:17:08.093] [Server thread/INFO] [AllTheLeaks/]: Server Player Logout: 7
[30Apr2026 00:17:08.093] [Server thread/INFO] [AllTheLeaks/]: Listing memory leaks so far...
[30Apr2026 00:17:08.093] [Server thread/INFO] [AllTheLeaks/]: B: 1289MB / C: 1469MB / Diff: +180MB
[30Apr2026 00:17:08.094] [Server thread/INFO] [AllTheLeaks/]: Memory Leaks detected: (/atl force_refresh to update)
[30Apr2026 00:17:08.094] [Server thread/INFO] [AllTheLeaks/]: | ChunkAccess:
[30Apr2026 00:17:08.094] [Server thread/INFO] [AllTheLeaks/]: |- LevelChunk (minecraft): 1059
[30Apr2026 00:17:08.094] [Server thread/INFO] [AllTheLeaks/]: | Player:
[30Apr2026 00:17:08.094] [Server thread/INFO] [AllTheLeaks/]: |- ServerPlayer (minecraft): 9
[30Apr2026 00:18:58.892] [Server thread/INFO] [net.minecraft.server.network.ServerLoginPacketListenerImpl/]: THewatchEr49578 (/185.242.3.173:37404) lost connection: Disconnected
[30Apr2026 00:22:00.143] [Server thread/INFO] [dev.ryanhcode.sable.Sable/]: Saving sub-levels for level 'ServerLevel[world]'/minecraft:overworld
[30Apr2026 00:22:00.147] [Server thread/INFO] [dev.ryanhcode.sable.Sable/]: Saving sub-levels for level 'ServerLevel[world]'/minecraft:the_nether
[30Apr2026 00:22:00.147] [Server thread/INFO] [dev.ryanhcode.sable.Sable/]: Saving sub-levels for level 'ServerLevel[world]'/minecraft:the_end
[30Apr2026 00:22:00.155] [Server thread/INFO] [Chunk Activity Tracker/]: Saving data for 110 chunks for dimension 'the_nether' took 1 milliseconds
[30Apr2026 00:22:00.163] [Server thread/INFO] [Chunk Activity Tracker/]: Saving data for 2843 chunks for dimension 'overworld' took 8 milliseconds
[30Apr2026 00:26:50.092] [Server thread/INFO] [net.minecraft.server.network.ServerLoginPacketListenerImpl/]: THewatchEr49578 (/185.242.3.173:37540) lost connection: Disconnected
[30Apr2026 00:27:00.142] [Server thread/INFO] [dev.ryanhcode.sable.Sable/]: Saving sub-levels for level 'ServerLevel[world]'/minecraft:overworld
[30Apr2026 00:27:00.146] [Server thread/INFO] [dev.ryanhcode.sable.Sable/]: Saving sub-levels for level 'ServerLevel[world]'/minecraft:the_nether
[30Apr2026 00:27:00.147] [Server thread/INFO] [dev.ryanhcode.sable.Sable/]: Saving sub-levels for level 'ServerLevel[world]'/minecraft:the_end
[30Apr2026 00:27:00.154] [Server thread/INFO] [Chunk Activity Tracker/]: Saving data for 110 chunks for dimension 'the_nether' took 1 milliseconds
[30Apr2026 00:27:00.162] [Server thread/INFO] [Chunk Activity Tracker/]: Saving data for 2843 chunks for dimension 'overworld' took 7 milliseconds
[30Apr2026 00:27:08.143] [Server thread/INFO] [AllTheLeaks/]: Listing events...
[30Apr2026 00:27:08.143] [Server thread/INFO] [AllTheLeaks/]: Server Player Clone: 2
[30Apr2026 00:27:08.143] [Server thread/INFO] [AllTheLeaks/]: Server Player Logout: 7
[30Apr2026 00:27:08.143] [Server thread/INFO] [AllTheLeaks/]: Listing memory leaks so far...
[30Apr2026 00:27:08.144] [Server thread/INFO] [AllTheLeaks/]: B: 1289MB / C: 1469MB / Diff: +180MB
[30Apr2026 00:27:08.144] [Server thread/INFO] [AllTheLeaks/]: Memory Leaks detected: (/atl force_refresh to update)
[30Apr2026 00:27:08.144] [Server thread/INFO] [AllTheLeaks/]: | ChunkAccess:
[30Apr2026 00:27:08.144] [Server thread/INFO] [AllTheLeaks/]: |- LevelChunk (minecraft): 1059
[30Apr2026 00:27:08.144] [Server thread/INFO] [AllTheLeaks/]: | Player:
[30Apr2026 00:27:08.145] [Server thread/INFO] [AllTheLeaks/]: |- ServerPlayer (minecraft): 9
[30Apr2026 00:32:00.142] [Server thread/INFO] [dev.ryanhcode.sable.Sable/]: Saving sub-levels for level 'ServerLevel[world]'/minecraft:overworld
[30Apr2026 00:32:00.146] [Server thread/INFO] [dev.ryanhcode.sable.Sable/]: Saving sub-levels for level 'ServerLevel[world]'/minecraft:the_nether
[30Apr2026 00:32:00.151] [Server thread/INFO] [dev.ryanhcode.sable.Sable/]: Saving sub-levels for level 'ServerLevel[world]'/minecraft:the_end
[30Apr2026 00:32:00.158] [Server thread/INFO] [Chunk Activity Tracker/]: Saving data for 110 chunks for dimension 'the_nether' took 1 milliseconds
[30Apr2026 00:32:00.166] [Server thread/INFO] [Chunk Activity Tracker/]: Saving data for 2843 chunks for dimension 'overworld' took 8 milliseconds
[30Apr2026 00:34:44.642] [Server thread/INFO] [net.minecraft.server.network.ServerLoginPacketListenerImpl/]: THewatchEr49578 (/185.242.3.173:48288) lost connection: Disconnected
[30Apr2026 00:37:00.142] [Server thread/INFO] [dev.ryanhcode.sable.Sable/]: Saving sub-levels for level 'ServerLevel[world]'/minecraft:overworld
[30Apr2026 00:37:00.146] [Server thread/INFO] [dev.ryanhcode.sable.Sable/]: Saving sub-levels for level 'ServerLevel[world]'/minecraft:the_nether
[30Apr2026 00:37:00.147] [Server thread/INFO] [dev.ryanhcode.sable.Sable/]: Saving sub-levels for level 'ServerLevel[world]'/minecraft:the_end
[30Apr2026 00:37:00.154] [Server thread/INFO] [Chunk Activity Tracker/]: Saving data for 110 chunks for dimension 'the_nether' took 1 milliseconds
[30Apr2026 00:37:00.161] [Server thread/INFO] [Chunk Activity Tracker/]: Saving data for 2843 chunks for dimension 'overworld' took 7 milliseconds
[30Apr2026 00:37:08.192] [Server thread/INFO] [AllTheLeaks/]: Listing events...
[30Apr2026 00:37:08.193] [Server thread/INFO] [AllTheLeaks/]: Server Player Clone: 2
[30Apr2026 00:37:08.193] [Server thread/INFO] [AllTheLeaks/]: Server Player Logout: 7
[30Apr2026 00:37:08.193] [Server thread/INFO] [AllTheLeaks/]: Listing memory leaks so far...
[30Apr2026 00:37:08.193] [Server thread/INFO] [AllTheLeaks/]: B: 1289MB / C: 1469MB / Diff: +180MB
[30Apr2026 00:37:08.193] [Server thread/INFO] [AllTheLeaks/]: Memory Leaks detected: (/atl force_refresh to update)
[30Apr2026 00:37:08.194] [Server thread/INFO] [AllTheLeaks/]: | ChunkAccess:
[30Apr2026 00:37:08.194] [Server thread/INFO] [AllTheLeaks/]: |- LevelChunk (minecraft): 1059
[30Apr2026 00:37:08.194] [Server thread/INFO] [AllTheLeaks/]: | Player:
[30Apr2026 00:37:08.194] [Server thread/INFO] [AllTheLeaks/]: |- ServerPlayer (minecraft): 9
[30Apr2026 00:42:00.143] [Server thread/INFO] [dev.ryanhcode.sable.Sable/]: Saving sub-levels for level 'ServerLevel[world]'/minecraft:overworld
[30Apr2026 00:42:00.147] [Server thread/INFO] [dev.ryanhcode.sable.Sable/]: Saving sub-levels for level 'ServerLevel[world]'/minecraft:the_nether
[30Apr2026 00:42:00.147] [Server thread/INFO] [dev.ryanhcode.sable.Sable/]: Saving sub-levels for level 'ServerLevel[world]'/minecraft:the_end
[30Apr2026 00:42:00.154] [Server thread/INFO] [Chunk Activity Tracker/]: Saving data for 110 chunks for dimension 'the_nether' took 1 milliseconds
[30Apr2026 00:42:00.163] [Server thread/INFO] [Chunk Activity Tracker/]: Saving data for 2843 chunks for dimension 'overworld' took 8 milliseconds
[30Apr2026 00:42:45.892] [Server thread/INFO] [net.minecraft.server.network.ServerLoginPacketListenerImpl/]: THewatchEr49578 (/185.242.3.173:33662) lost connection: Disconnected
[30Apr2026 00:47:00.142] [Server thread/INFO] [dev.ryanhcode.sable.Sable/]: Saving sub-levels for level 'ServerLevel[world]'/minecraft:overworld
[30Apr2026 00:47:00.146] [Server thread/INFO] [dev.ryanhcode.sable.Sable/]: Saving sub-levels for level 'ServerLevel[world]'/minecraft:the_nether
[30Apr2026 00:47:00.147] [Server thread/INFO] [dev.ryanhcode.sable.Sable/]: Saving sub-levels for level 'ServerLevel[world]'/minecraft:the_end
[30Apr2026 00:47:00.154] [Server thread/INFO] [Chunk Activity Tracker/]: Saving data for 110 chunks for dimension 'the_nether' took 1 milliseconds
[30Apr2026 00:47:00.162] [Server thread/INFO] [Chunk Activity Tracker/]: Saving data for 2843 chunks for dimension 'overworld' took 8 milliseconds
[30Apr2026 00:47:08.243] [Server thread/INFO] [AllTheLeaks/]: Listing events...
[30Apr2026 00:47:08.243] [Server thread/INFO] [AllTheLeaks/]: Server Player Clone: 2
[30Apr2026 00:47:08.243] [Server thread/INFO] [AllTheLeaks/]: Server Player Logout: 7
[30Apr2026 00:47:08.243] [Server thread/INFO] [AllTheLeaks/]: Listing memory leaks so far...
[30Apr2026 00:47:08.243] [Server thread/INFO] [AllTheLeaks/]: B: 1289MB / C: 1469MB / Diff: +180MB
[30Apr2026 00:47:08.244] [Server thread/INFO] [AllTheLeaks/]: Memory Leaks detected: (/atl force_refresh to update)
[30Apr2026 00:47:08.244] [Server thread/INFO] [AllTheLeaks/]: | ChunkAccess:
[30Apr2026 00:47:08.244] [Server thread/INFO] [AllTheLeaks/]: |- LevelChunk (minecraft): 1059
[30Apr2026 00:47:08.244] [Server thread/INFO] [AllTheLeaks/]: | Player:
[30Apr2026 00:47:08.244] [Server thread/INFO] [AllTheLeaks/]: |- ServerPlayer (minecraft): 9
[30Apr2026 00:50:46.192] [Server thread/INFO] [net.minecraft.server.network.ServerLoginPacketListenerImpl/]: THewatchEr49578 (/185.242.3.173:36962) lost connection: Disconnected
[30Apr2026 00:52:00.142] [Server thread/INFO] [dev.ryanhcode.sable.Sable/]: Saving sub-levels for level 'ServerLevel[world]'/minecraft:overworld
[30Apr2026 00:52:00.146] [Server thread/INFO] [dev.ryanhcode.sable.Sable/]: Saving sub-levels for level 'ServerLevel[world]'/minecraft:the_nether
[30Apr2026 00:52:00.146] [Server thread/INFO] [dev.ryanhcode.sable.Sable/]: Saving sub-levels for level 'ServerLevel[world]'/minecraft:the_end
[30Apr2026 00:52:00.154] [Server thread/INFO] [Chunk Activity Tracker/]: Saving data for 110 chunks for dimension 'the_nether' took 1 milliseconds
[30Apr2026 00:52:00.162] [Server thread/INFO] [Chunk Activity Tracker/]: Saving data for 2843 chunks for dimension 'overworld' took 8 milliseconds
[30Apr2026 00:57:00.142] [Server thread/INFO] [dev.ryanhcode.sable.Sable/]: Saving sub-levels for level 'ServerLevel[world]'/minecraft:overworld
[30Apr2026 00:57:00.147] [Server thread/INFO] [dev.ryanhcode.sable.Sable/]: Saving sub-levels for level 'ServerLevel[world]'/minecraft:the_nether
[30Apr2026 00:57:00.147] [Server thread/INFO] [dev.ryanhcode.sable.Sable/]: Saving sub-levels for level 'ServerLevel[world]'/minecraft:the_end
[30Apr2026 00:57:00.155] [Server thread/INFO] [Chunk Activity Tracker/]: Saving data for 110 chunks for dimension 'the_nether' took 1 milliseconds
[30Apr2026 00:57:00.163] [Server thread/INFO] [Chunk Activity Tracker/]: Saving data for 2843 chunks for dimension 'overworld' took 8 milliseconds
[30Apr2026 00:57:08.292] [Server thread/INFO] [AllTheLeaks/]: Listing events...
[30Apr2026 00:57:08.293] [Server thread/INFO] [AllTheLeaks/]: Server Player Clone: 2
[30Apr2026 00:57:08.293] [Server thread/INFO] [AllTheLeaks/]: Server Player Logout: 7
[30Apr2026 00:57:08.293] [Server thread/INFO] [AllTheLeaks/]: Listing memory leaks so far...
[30Apr2026 00:57:08.294] [Server thread/INFO] [AllTheLeaks/]: B: 1289MB / C: 1469MB / Diff: +180MB
[30Apr2026 00:57:08.294] [Server thread/INFO] [AllTheLeaks/]: Memory Leaks detected: (/atl force_refresh to update)
[30Apr2026 00:57:08.294] [Server thread/INFO] [AllTheLeaks/]: | ChunkAccess:
[30Apr2026 00:57:08.294] [Server thread/INFO] [AllTheLeaks/]: |- LevelChunk (minecraft): 1059
[30Apr2026 00:57:08.294] [Server thread/INFO] [AllTheLeaks/]: | Player:
[30Apr2026 00:57:08.294] [Server thread/INFO] [AllTheLeaks/]: |- ServerPlayer (minecraft): 9
[30Apr2026 00:58:43.842] [Server thread/INFO] [net.minecraft.server.network.ServerLoginPacketListenerImpl/]: THewatchEr49578 (/185.242.3.173:40796) lost connection: Disconnected
[30Apr2026 01:02:00.142] [Server thread/INFO] [dev.ryanhcode.sable.Sable/]: Saving sub-levels for level 'ServerLevel[world]'/minecraft:overworld
[30Apr2026 01:02:00.147] [Server thread/INFO] [dev.ryanhcode.sable.Sable/]: Saving sub-levels for level 'ServerLevel[world]'/minecraft:the_nether
[30Apr2026 01:02:00.147] [Server thread/INFO] [dev.ryanhcode.sable.Sable/]: Saving sub-levels for level 'ServerLevel[world]'/minecraft:the_end
[30Apr2026 01:02:00.154] [Server thread/INFO] [Chunk Activity Tracker/]: Saving data for 110 chunks for dimension 'the_nether' took 1 milliseconds
[30Apr2026 01:02:00.162] [Server thread/INFO] [Chunk Activity Tracker/]: Saving data for 2843 chunks for dimension 'overworld' took 8 milliseconds
[30Apr2026 01:06:53.093] [Server thread/INFO] [net.minecraft.server.network.ServerLoginPacketListenerImpl/]: THewatchEr49578 (/185.242.3.173:53426) lost connection: Disconnected
[30Apr2026 01:07:00.142] [Server thread/INFO] [dev.ryanhcode.sable.Sable/]: Saving sub-levels for level 'ServerLevel[world]'/minecraft:overworld
[30Apr2026 01:07:00.146] [Server thread/INFO] [dev.ryanhcode.sable.Sable/]: Saving sub-levels for level 'ServerLevel[world]'/minecraft:the_nether
[30Apr2026 01:07:00.146] [Server thread/INFO] [dev.ryanhcode.sable.Sable/]: Saving sub-levels for level 'ServerLevel[world]'/minecraft:the_end
[30Apr2026 01:07:00.153] [Server thread/INFO] [Chunk Activity Tracker/]: Saving data for 110 chunks for dimension 'the_nether' took 1 milliseconds
[30Apr2026 01:07:00.161] [Server thread/INFO] [Chunk Activity Tracker/]: Saving data for 2843 chunks for dimension 'overworld' took 8 milliseconds
[30Apr2026 01:07:08.342] [Server thread/INFO] [AllTheLeaks/]: Listing events...
[30Apr2026 01:07:08.343] [Server thread/INFO] [AllTheLeaks/]: Server Player Clone: 2
[30Apr2026 01:07:08.343] [Server thread/INFO] [AllTheLeaks/]: Server Player Logout: 7
[30Apr2026 01:07:08.343] [Server thread/INFO] [AllTheLeaks/]: Listing memory leaks so far...
[30Apr2026 01:07:08.343] [Server thread/INFO] [AllTheLeaks/]: B: 1289MB / C: 1469MB / Diff: +180MB
[30Apr2026 01:07:08.344] [Server thread/INFO] [AllTheLeaks/]: Memory Leaks detected: (/atl force_refresh to update)
[30Apr2026 01:07:08.344] [Server thread/INFO] [AllTheLeaks/]: | ChunkAccess:
[30Apr2026 01:07:08.344] [Server thread/INFO] [AllTheLeaks/]: |- LevelChunk (minecraft): 1059
[30Apr2026 01:07:08.344] [Server thread/INFO] [AllTheLeaks/]: | Player:
[30Apr2026 01:07:08.344] [Server thread/INFO] [AllTheLeaks/]: |- ServerPlayer (minecraft): 9
[30Apr2026 01:12:00.142] [Server thread/INFO] [dev.ryanhcode.sable.Sable/]: Saving sub-levels for level 'ServerLevel[world]'/minecraft:overworld
[30Apr2026 01:12:00.146] [Server thread/INFO] [dev.ryanhcode.sable.Sable/]: Saving sub-levels for level 'ServerLevel[world]'/minecraft:the_nether
[30Apr2026 01:12:00.147] [Server thread/INFO] [dev.ryanhcode.sable.Sable/]: Saving sub-levels for level 'ServerLevel[world]'/minecraft:the_end
[30Apr2026 01:12:00.154] [Server thread/INFO] [Chunk Activity Tracker/]: Saving data for 110 chunks for dimension 'the_nether' took 1 milliseconds
[30Apr2026 01:12:00.163] [Server thread/INFO] [Chunk Activity Tracker/]: Saving data for 2843 chunks for dimension 'overworld' took 8 milliseconds
[30Apr2026 01:15:12.792] [Server thread/INFO] [net.minecraft.server.network.ServerLoginPacketListenerImpl/]: THewatchEr49578 (/185.242.3.173:34928) lost connection: Disconnected
[30Apr2026 01:17:00.142] [Server thread/INFO] [dev.ryanhcode.sable.Sable/]: Saving sub-levels for level 'ServerLevel[world]'/minecraft:overworld
[30Apr2026 01:17:00.146] [Server thread/INFO] [dev.ryanhcode.sable.Sable/]: Saving sub-levels for level 'ServerLevel[world]'/minecraft:the_nether
[30Apr2026 01:17:00.146] [Server thread/INFO] [dev.ryanhcode.sable.Sable/]: Saving sub-levels for level 'ServerLevel[world]'/minecraft:the_end
[30Apr2026 01:17:00.153] [Server thread/INFO] [Chunk Activity Tracker/]: Saving data for 110 chunks for dimension 'the_nether' took 1 milliseconds
[30Apr2026 01:17:00.161] [Server thread/INFO] [Chunk Activity Tracker/]: Saving data for 2843 chunks for dimension 'overworld' took 8 milliseconds
[30Apr2026 01:17:08.392] [Server thread/INFO] [AllTheLeaks/]: Listing events...
[30Apr2026 01:17:08.393] [Server thread/INFO] [AllTheLeaks/]: Server Player Clone: 2
[30Apr2026 01:17:08.393] [Server thread/INFO] [AllTheLeaks/]: Server Player Logout: 7
[30Apr2026 01:17:08.393] [Server thread/INFO] [AllTheLeaks/]: Listing memory leaks so far...
[30Apr2026 01:17:08.394] [Server thread/INFO] [AllTheLeaks/]: B: 1289MB / C: 1470MB / Diff: +181MB
[30Apr2026 01:17:08.394] [Server thread/INFO] [AllTheLeaks/]: Memory Leaks detected: (/atl force_refresh to update)
[30Apr2026 01:17:08.394] [Server thread/INFO] [AllTheLeaks/]: | ChunkAccess:
[30Apr2026 01:17:08.394] [Server thread/INFO] [AllTheLeaks/]: |- LevelChunk (minecraft): 1059
[30Apr2026 01:17:08.394] [Server thread/INFO] [AllTheLeaks/]: | Player:
[30Apr2026 01:17:08.394] [Server thread/INFO] [AllTheLeaks/]: |- ServerPlayer (minecraft): 9
[30Apr2026 01:22:00.143] [Server thread/INFO] [dev.ryanhcode.sable.Sable/]: Saving sub-levels for level 'ServerLevel[world]'/minecraft:overworld
[30Apr2026 01:22:00.147] [Server thread/INFO] [dev.ryanhcode.sable.Sable/]: Saving sub-levels for level 'ServerLevel[world]'/minecraft:the_nether
[30Apr2026 01:22:00.147] [Server thread/INFO] [dev.ryanhcode.sable.Sable/]: Saving sub-levels for level 'ServerLevel[world]'/minecraft:the_end
[30Apr2026 01:22:00.154] [Server thread/INFO] [Chunk Activity Tracker/]: Saving data for 110 chunks for dimension 'the_nether' took 1 milliseconds
[30Apr2026 01:22:00.163] [Server thread/INFO] [Chunk Activity Tracker/]: Saving data for 2843 chunks for dimension 'overworld' took 8 milliseconds
[30Apr2026 01:23:28.142] [Server thread/INFO] [net.minecraft.server.network.ServerLoginPacketListenerImpl/]: THewatchEr49578 (/185.242.3.173:52916) lost connection: Disconnected
[30Apr2026 01:25:29.143] [Server thread/INFO] [net.minecraft.server.network.ServerLoginPacketListenerImpl/]: mori3 (/185.254.75.45:37590) lost connection: Disconnected
[30Apr2026 01:27:00.142] [Server thread/INFO] [dev.ryanhcode.sable.Sable/]: Saving sub-levels for level 'ServerLevel[world]'/minecraft:overworld
[30Apr2026 01:27:00.146] [Server thread/INFO] [dev.ryanhcode.sable.Sable/]: Saving sub-levels for level 'ServerLevel[world]'/minecraft:the_nether
[30Apr2026 01:27:00.146] [Server thread/INFO] [dev.ryanhcode.sable.Sable/]: Saving sub-levels for level 'ServerLevel[world]'/minecraft:the_end
[30Apr2026 01:27:00.153] [Server thread/INFO] [Chunk Activity Tracker/]: Saving data for 110 chunks for dimension 'the_nether' took 0 milliseconds
[30Apr2026 01:27:00.162] [Server thread/INFO] [Chunk Activity Tracker/]: Saving data for 2843 chunks for dimension 'overworld' took 8 milliseconds
[30Apr2026 01:27:08.442] [Server thread/INFO] [AllTheLeaks/]: Listing events...
[30Apr2026 01:27:08.443] [Server thread/INFO] [AllTheLeaks/]: Server Player Clone: 2
[30Apr2026 01:27:08.443] [Server thread/INFO] [AllTheLeaks/]: Server Player Logout: 7
[30Apr2026 01:27:08.443] [Server thread/INFO] [AllTheLeaks/]: Listing memory leaks so far...
[30Apr2026 01:27:08.443] [Server thread/INFO] [AllTheLeaks/]: B: 1289MB / C: 1470MB / Diff: +181MB
[30Apr2026 01:27:08.444] [Server thread/INFO] [AllTheLeaks/]: Memory Leaks detected: (/atl force_refresh to update)
[30Apr2026 01:27:08.444] [Server thread/INFO] [AllTheLeaks/]: | ChunkAccess:
[30Apr2026 01:27:08.444] [Server thread/INFO] [AllTheLeaks/]: |- LevelChunk (minecraft): 1059
[30Apr2026 01:27:08.444] [Server thread/INFO] [AllTheLeaks/]: | Player:
[30Apr2026 01:27:08.444] [Server thread/INFO] [AllTheLeaks/]: |- ServerPlayer (minecraft): 9
[30Apr2026 01:31:40.592] [Server thread/INFO] [net.minecraft.server.network.ServerLoginPacketListenerImpl/]: THewatchEr49578 (/185.242.3.173:54306) lost connection: Disconnected
[30Apr2026 01:32:00.143] [Server thread/INFO] [dev.ryanhcode.sable.Sable/]: Saving sub-levels for level 'ServerLevel[world]'/minecraft:overworld
[30Apr2026 01:32:00.147] [Server thread/INFO] [dev.ryanhcode.sable.Sable/]: Saving sub-levels for level 'ServerLevel[world]'/minecraft:the_nether
[30Apr2026 01:32:00.148] [Server thread/INFO] [dev.ryanhcode.sable.Sable/]: Saving sub-levels for level 'ServerLevel[world]'/minecraft:the_end
[30Apr2026 01:32:00.155] [Server thread/INFO] [Chunk Activity Tracker/]: Saving data for 110 chunks for dimension 'the_nether' took 1 milliseconds
[30Apr2026 01:32:00.165] [Server thread/INFO] [Chunk Activity Tracker/]: Saving data for 2843 chunks for dimension 'overworld' took 9 milliseconds
[30Apr2026 01:37:00.142] [Server thread/INFO] [dev.ryanhcode.sable.Sable/]: Saving sub-levels for level 'ServerLevel[world]'/minecraft:overworld
[30Apr2026 01:37:00.147] [Server thread/INFO] [dev.ryanhcode.sable.Sable/]: Saving sub-levels for level 'ServerLevel[world]'/minecraft:the_nether
[30Apr2026 01:37:00.147] [Server thread/INFO] [dev.ryanhcode.sable.Sable/]: Saving sub-levels for level 'ServerLevel[world]'/minecraft:the_end
[30Apr2026 01:37:00.154] [Server thread/INFO] [Chunk Activity Tracker/]: Saving data for 110 chunks for dimension 'the_nether' took 1 milliseconds
[30Apr2026 01:37:00.162] [Server thread/INFO] [Chunk Activity Tracker/]: Saving data for 2843 chunks for dimension 'overworld' took 8 milliseconds
[30Apr2026 01:37:08.492] [Server thread/INFO] [AllTheLeaks/]: Listing events...
[30Apr2026 01:37:08.493] [Server thread/INFO] [AllTheLeaks/]: Server Player Clone: 2
[30Apr2026 01:37:08.493] [Server thread/INFO] [AllTheLeaks/]: Server Player Logout: 7
[30Apr2026 01:37:08.493] [Server thread/INFO] [AllTheLeaks/]: Listing memory leaks so far...
[30Apr2026 01:37:08.493] [Server thread/INFO] [AllTheLeaks/]: B: 1289MB / C: 1470MB / Diff: +181MB
[30Apr2026 01:37:08.494] [Server thread/INFO] [AllTheLeaks/]: Memory Leaks detected: (/atl force_refresh to update)
[30Apr2026 01:37:08.494] [Server thread/INFO] [AllTheLeaks/]: | ChunkAccess:
[30Apr2026 01:37:08.494] [Server thread/INFO] [AllTheLeaks/]: |- LevelChunk (minecraft): 1059
[30Apr2026 01:37:08.494] [Server thread/INFO] [AllTheLeaks/]: | Player:
[30Apr2026 01:37:08.494] [Server thread/INFO] [AllTheLeaks/]: |- ServerPlayer (minecraft): 9
[30Apr2026 01:39:47.842] [Server thread/INFO] [net.minecraft.server.network.ServerLoginPacketListenerImpl/]: THewatchEr49578 (/185.242.3.173:33116) lost connection: Disconnected
[30Apr2026 01:42:00.142] [Server thread/INFO] [dev.ryanhcode.sable.Sable/]: Saving sub-levels for level 'ServerLevel[world]'/minecraft:overworld
[30Apr2026 01:42:00.147] [Server thread/INFO] [dev.ryanhcode.sable.Sable/]: Saving sub-levels for level 'ServerLevel[world]'/minecraft:the_nether
[30Apr2026 01:42:00.148] [Server thread/INFO] [dev.ryanhcode.sable.Sable/]: Saving sub-levels for level 'ServerLevel[world]'/minecraft:the_end
[30Apr2026 01:42:00.156] [Server thread/INFO] [Chunk Activity Tracker/]: Saving data for 110 chunks for dimension 'the_nether' took 1 milliseconds
[30Apr2026 01:42:00.164] [Server thread/INFO] [Chunk Activity Tracker/]: Saving data for 2843 chunks for dimension 'overworld' took 8 milliseconds
[30Apr2026 01:47:00.142] [Server thread/INFO] [dev.ryanhcode.sable.Sable/]: Saving sub-levels for level 'ServerLevel[world]'/minecraft:overworld
[30Apr2026 01:47:00.146] [Server thread/INFO] [dev.ryanhcode.sable.Sable/]: Saving sub-levels for level 'ServerLevel[world]'/minecraft:the_nether
[30Apr2026 01:47:00.147] [Server thread/INFO] [dev.ryanhcode.sable.Sable/]: Saving sub-levels for level 'ServerLevel[world]'/minecraft:the_end
[30Apr2026 01:47:00.154] [Server thread/INFO] [Chunk Activity Tracker/]: Saving data for 110 chunks for dimension 'the_nether' took 1 milliseconds
[30Apr2026 01:47:00.162] [Server thread/INFO] [Chunk Activity Tracker/]: Saving data for 2843 chunks for dimension 'overworld' took 8 milliseconds
[30Apr2026 01:47:08.542] [Server thread/INFO] [AllTheLeaks/]: Listing events...
[30Apr2026 01:47:08.543] [Server thread/INFO] [AllTheLeaks/]: Server Player Clone: 2
[30Apr2026 01:47:08.543] [Server thread/INFO] [AllTheLeaks/]: Server Player Logout: 7
[30Apr2026 01:47:08.543] [Server thread/INFO] [AllTheLeaks/]: Listing memory leaks so far...
[30Apr2026 01:47:08.543] [Server thread/INFO] [AllTheLeaks/]: B: 1289MB / C: 1470MB / Diff: +181MB
[30Apr2026 01:47:08.544] [Server thread/INFO] [AllTheLeaks/]: Memory Leaks detected: (/atl force_refresh to update)
[30Apr2026 01:47:08.544] [Server thread/INFO] [AllTheLeaks/]: | ChunkAccess:
[30Apr2026 01:47:08.544] [Server thread/INFO] [AllTheLeaks/]: |- LevelChunk (minecraft): 1059
[30Apr2026 01:47:08.544] [Server thread/INFO] [AllTheLeaks/]: | Player:
[30Apr2026 01:47:08.544] [Server thread/INFO] [AllTheLeaks/]: |- ServerPlayer (minecraft): 9
[30Apr2026 01:47:45.442] [Server thread/INFO] [net.minecraft.server.network.ServerLoginPacketListenerImpl/]: THewatchEr49578 (/185.242.3.173:56858) lost connection: Disconnected
[30Apr2026 01:52:00.142] [Server thread/INFO] [dev.ryanhcode.sable.Sable/]: Saving sub-levels for level 'ServerLevel[world]'/minecraft:overworld
[30Apr2026 01:52:00.156] [Server thread/INFO] [dev.ryanhcode.sable.Sable/]: Saving sub-levels for level 'ServerLevel[world]'/minecraft:the_nether
[30Apr2026 01:52:00.158] [Server thread/INFO] [dev.ryanhcode.sable.Sable/]: Saving sub-levels for level 'ServerLevel[world]'/minecraft:the_end
[30Apr2026 01:52:00.165] [Server thread/INFO] [Chunk Activity Tracker/]: Saving data for 110 chunks for dimension 'the_nether' took 1 milliseconds
[30Apr2026 01:52:00.173] [Server thread/INFO] [Chunk Activity Tracker/]: Saving data for 2843 chunks for dimension 'overworld' took 7 milliseconds
[30Apr2026 01:55:41.292] [Server thread/INFO] [net.minecraft.server.network.ServerLoginPacketListenerImpl/]: THewatchEr49578 (/185.242.3.173:57646) lost connection: Disconnected
[30Apr2026 01:57:00.142] [Server thread/INFO] [dev.ryanhcode.sable.Sable/]: Saving sub-levels for level 'ServerLevel[world]'/minecraft:overworld
[30Apr2026 01:57:00.146] [Server thread/INFO] [dev.ryanhcode.sable.Sable/]: Saving sub-levels for level 'ServerLevel[world]'/minecraft:the_nether
[30Apr2026 01:57:00.146] [Server thread/INFO] [dev.ryanhcode.sable.Sable/]: Saving sub-levels for level 'ServerLevel[world]'/minecraft:the_end
[30Apr2026 01:57:00.153] [Server thread/INFO] [Chunk Activity Tracker/]: Saving data for 110 chunks for dimension 'the_nether' took 1 milliseconds
[30Apr2026 01:57:00.161] [Server thread/INFO] [Chunk Activity Tracker/]: Saving data for 2843 chunks for dimension 'overworld' took 8 milliseconds
[30Apr2026 01:57:08.592] [Server thread/INFO] [AllTheLeaks/]: Listing events...
[30Apr2026 01:57:08.593] [Server thread/INFO] [AllTheLeaks/]: Server Player Clone: 2
[30Apr2026 01:57:08.593] [Server thread/INFO] [AllTheLeaks/]: Server Player Logout: 7
[30Apr2026 01:57:08.593] [Server thread/INFO] [AllTheLeaks/]: Listing memory leaks so far...
[30Apr2026 01:57:08.593] [Server thread/INFO] [AllTheLeaks/]: B: 1289MB / C: 1470MB / Diff: +181MB
[30Apr2026 01:57:08.594] [Server thread/INFO] [AllTheLeaks/]: Memory Leaks detected: (/atl force_refresh to update)
[30Apr2026 01:57:08.594] [Server thread/INFO] [AllTheLeaks/]: | ChunkAccess:
[30Apr2026 01:57:08.594] [Server thread/INFO] [AllTheLeaks/]: |- LevelChunk (minecraft): 1059
[30Apr2026 01:57:08.594] [Server thread/INFO] [AllTheLeaks/]: | Player:
[30Apr2026 01:57:08.594] [Server thread/INFO] [AllTheLeaks/]: |- ServerPlayer (minecraft): 9
[30Apr2026 02:02:00.142] [Server thread/INFO] [dev.ryanhcode.sable.Sable/]: Saving sub-levels for level 'ServerLevel[world]'/minecraft:overworld
[30Apr2026 02:02:00.146] [Server thread/INFO] [dev.ryanhcode.sable.Sable/]: Saving sub-levels for level 'ServerLevel[world]'/minecraft:the_nether
[30Apr2026 02:02:00.147] [Server thread/INFO] [dev.ryanhcode.sable.Sable/]: Saving sub-levels for level 'ServerLevel[world]'/minecraft:the_end
[30Apr2026 02:02:00.154] [Server thread/INFO] [Chunk Activity Tracker/]: Saving data for 110 chunks for dimension 'the_nether' took 1 milliseconds
[30Apr2026 02:02:00.162] [Server thread/INFO] [Chunk Activity Tracker/]: Saving data for 2843 chunks for dimension 'overworld' took 8 milliseconds
[30Apr2026 02:03:48.143] [Server thread/INFO] [net.minecraft.server.network.ServerLoginPacketListenerImpl/]: THewatchEr49578 (/185.242.3.173:35582) lost connection: Disconnected
[30Apr2026 02:07:00.142] [Server thread/INFO] [dev.ryanhcode.sable.Sable/]: Saving sub-levels for level 'ServerLevel[world]'/minecraft:overworld
[30Apr2026 02:07:00.146] [Server thread/INFO] [dev.ryanhcode.sable.Sable/]: Saving sub-levels for level 'ServerLevel[world]'/minecraft:the_nether
[30Apr2026 02:07:00.146] [Server thread/INFO] [dev.ryanhcode.sable.Sable/]: Saving sub-levels for level 'ServerLevel[world]'/minecraft:the_end
[30Apr2026 02:07:00.155] [Server thread/INFO] [Chunk Activity Tracker/]: Saving data for 110 chunks for dimension 'the_nether' took 1 milliseconds
[30Apr2026 02:07:00.162] [Server thread/INFO] [Chunk Activity Tracker/]: Saving data for 2843 chunks for dimension 'overworld' took 7 milliseconds
[30Apr2026 02:07:08.643] [Server thread/INFO] [AllTheLeaks/]: Listing events...
[30Apr2026 02:07:08.643] [Server thread/INFO] [AllTheLeaks/]: Server Player Clone: 2
[30Apr2026 02:07:08.644] [Server thread/INFO] [AllTheLeaks/]: Server Player Logout: 7
[30Apr2026 02:07:08.644] [Server thread/INFO] [AllTheLeaks/]: Listing memory leaks so far...
[30Apr2026 02:07:08.644] [Server thread/INFO] [AllTheLeaks/]: B: 1289MB / C: 1470MB / Diff: +181MB
[30Apr2026 02:07:08.644] [Server thread/INFO] [AllTheLeaks/]: Memory Leaks detected: (/atl force_refresh to update)
[30Apr2026 02:07:08.644] [Server thread/INFO] [AllTheLeaks/]: | ChunkAccess:
[30Apr2026 02:07:08.645] [Server thread/INFO] [AllTheLeaks/]: |- LevelChunk (minecraft): 1059
[30Apr2026 02:07:08.645] [Server thread/INFO] [AllTheLeaks/]: | Player:
[30Apr2026 02:07:08.645] [Server thread/INFO] [AllTheLeaks/]: |- ServerPlayer (minecraft): 9
[30Apr2026 02:11:49.142] [Server thread/INFO] [net.minecraft.server.network.ServerLoginPacketListenerImpl/]: THewatchEr49578 (/185.242.3.173:51794) lost connection: Disconnected
[30Apr2026 02:12:00.142] [Server thread/INFO] [dev.ryanhcode.sable.Sable/]: Saving sub-levels for level 'ServerLevel[world]'/minecraft:overworld
[30Apr2026 02:12:00.163] [Server thread/INFO] [dev.ryanhcode.sable.Sable/]: Saving sub-levels for level 'ServerLevel[world]'/minecraft:the_nether
[30Apr2026 02:12:00.163] [Server thread/INFO] [dev.ryanhcode.sable.Sable/]: Saving sub-levels for level 'ServerLevel[world]'/minecraft:the_end
[30Apr2026 02:12:00.171] [Server thread/INFO] [Chunk Activity Tracker/]: Saving data for 110 chunks for dimension 'the_nether' took 1 milliseconds
[30Apr2026 02:12:00.179] [Server thread/INFO] [Chunk Activity Tracker/]: Saving data for 2843 chunks for dimension 'overworld' took 7 milliseconds
[30Apr2026 02:16:16.992] [Server thread/INFO] [net.minecraft.server.network.ServerLoginPacketListenerImpl/]: mori1 (/185.254.75.45:47658) lost connection: Disconnected
[30Apr2026 02:17:00.142] [Server thread/INFO] [dev.ryanhcode.sable.Sable/]: Saving sub-levels for level 'ServerLevel[world]'/minecraft:overworld
[30Apr2026 02:17:00.146] [Server thread/INFO] [dev.ryanhcode.sable.Sable/]: Saving sub-levels for level 'ServerLevel[world]'/minecraft:the_nether
[30Apr2026 02:17:00.146] [Server thread/INFO] [dev.ryanhcode.sable.Sable/]: Saving sub-levels for level 'ServerLevel[world]'/minecraft:the_end
[30Apr2026 02:17:00.153] [Server thread/INFO] [Chunk Activity Tracker/]: Saving data for 110 chunks for dimension 'the_nether' took 1 milliseconds
[30Apr2026 02:17:00.161] [Server thread/INFO] [Chunk Activity Tracker/]: Saving data for 2843 chunks for dimension 'overworld' took 8 milliseconds
[30Apr2026 02:17:08.693] [Server thread/INFO] [AllTheLeaks/]: Listing events...
[30Apr2026 02:17:08.693] [Server thread/INFO] [AllTheLeaks/]: Server Player Clone: 2
[30Apr2026 02:17:08.693] [Server thread/INFO] [AllTheLeaks/]: Server Player Logout: 7
[30Apr2026 02:17:08.693] [Server thread/INFO] [AllTheLeaks/]: Listing memory leaks so far...
[30Apr2026 02:17:08.693] [Server thread/INFO] [AllTheLeaks/]: B: 1289MB / C: 1467MB / Diff: +178MB
[30Apr2026 02:17:08.694] [Server thread/INFO] [AllTheLeaks/]: Memory Leaks detected: (/atl force_refresh to update)
[30Apr2026 02:17:08.694] [Server thread/INFO] [AllTheLeaks/]: | ChunkAccess:
[30Apr2026 02:17:08.694] [Server thread/INFO] [AllTheLeaks/]: |- LevelChunk (minecraft): 1059
[30Apr2026 02:17:08.694] [Server thread/INFO] [AllTheLeaks/]: | Player:
[30Apr2026 02:17:08.694] [Server thread/INFO] [AllTheLeaks/]: |- ServerPlayer (minecraft): 9
[30Apr2026 02:20:04.792] [Server thread/INFO] [net.minecraft.server.network.ServerLoginPacketListenerImpl/]: THewatchEr49578 (/185.242.3.173:40046) lost connection: Disconnected
[30Apr2026 02:22:00.142] [Server thread/INFO] [dev.ryanhcode.sable.Sable/]: Saving sub-levels for level 'ServerLevel[world]'/minecraft:overworld
[30Apr2026 02:22:00.146] [Server thread/INFO] [dev.ryanhcode.sable.Sable/]: Saving sub-levels for level 'ServerLevel[world]'/minecraft:the_nether
[30Apr2026 02:22:00.146] [Server thread/INFO] [dev.ryanhcode.sable.Sable/]: Saving sub-levels for level 'ServerLevel[world]'/minecraft:the_end
[30Apr2026 02:22:00.154] [Server thread/INFO] [Chunk Activity Tracker/]: Saving data for 110 chunks for dimension 'the_nether' took 1 milliseconds
[30Apr2026 02:22:00.162] [Server thread/INFO] [Chunk Activity Tracker/]: Saving data for 2843 chunks for dimension 'overworld' took 8 milliseconds
[30Apr2026 02:27:00.142] [Server thread/INFO] [dev.ryanhcode.sable.Sable/]: Saving sub-levels for level 'ServerLevel[world]'/minecraft:overworld
[30Apr2026 02:27:00.146] [Server thread/INFO] [dev.ryanhcode.sable.Sable/]: Saving sub-levels for level 'ServerLevel[world]'/minecraft:the_nether
[30Apr2026 02:27:00.146] [Server thread/INFO] [dev.ryanhcode.sable.Sable/]: Saving sub-levels for level 'ServerLevel[world]'/minecraft:the_end
[30Apr2026 02:27:00.154] [Server thread/INFO] [Chunk Activity Tracker/]: Saving data for 110 chunks for dimension 'the_nether' took 1 milliseconds
[30Apr2026 02:27:00.162] [Server thread/INFO] [Chunk Activity Tracker/]: Saving data for 2843 chunks for dimension 'overworld' took 8 milliseconds
[30Apr2026 02:27:08.742] [Server thread/INFO] [AllTheLeaks/]: Listing events...
[30Apr2026 02:27:08.743] [Server thread/INFO] [AllTheLeaks/]: Server Player Clone: 2
[30Apr2026 02:27:08.743] [Server thread/INFO] [AllTheLeaks/]: Server Player Logout: 7
[30Apr2026 02:27:08.743] [Server thread/INFO] [AllTheLeaks/]: Listing memory leaks so far...
[30Apr2026 02:27:08.743] [Server thread/INFO] [AllTheLeaks/]: B: 1289MB / C: 1467MB / Diff: +178MB
[30Apr2026 02:27:08.744] [Server thread/INFO] [AllTheLeaks/]: Memory Leaks detected: (/atl force_refresh to update)
[30Apr2026 02:27:08.744] [Server thread/INFO] [AllTheLeaks/]: | ChunkAccess:
[30Apr2026 02:27:08.744] [Server thread/INFO] [AllTheLeaks/]: |- LevelChunk (minecraft): 1059
[30Apr2026 02:27:08.744] [Server thread/INFO] [AllTheLeaks/]: | Player:
[30Apr2026 02:27:08.744] [Server thread/INFO] [AllTheLeaks/]: |- ServerPlayer (minecraft): 9
[30Apr2026 02:28:04.442] [Server thread/INFO] [net.minecraft.server.network.ServerLoginPacketListenerImpl/]: THewatchEr49578 (/185.242.3.173:50278) lost connection: Disconnected
[30Apr2026 02:32:00.142] [Server thread/INFO] [dev.ryanhcode.sable.Sable/]: Saving sub-levels for level 'ServerLevel[world]'/minecraft:overworld
[30Apr2026 02:32:00.145] [Server thread/INFO] [dev.ryanhcode.sable.Sable/]: Saving sub-levels for level 'ServerLevel[world]'/minecraft:the_nether
[30Apr2026 02:32:00.146] [Server thread/INFO] [dev.ryanhcode.sable.Sable/]: Saving sub-levels for level 'ServerLevel[world]'/minecraft:the_end
[30Apr2026 02:32:00.153] [Server thread/INFO] [Chunk Activity Tracker/]: Saving data for 110 chunks for dimension 'the_nether' took 1 milliseconds
[30Apr2026 02:32:00.161] [Server thread/INFO] [Chunk Activity Tracker/]: Saving data for 2843 chunks for dimension 'overworld' took 8 milliseconds
[30Apr2026 02:35:57.342] [Server thread/INFO] [net.minecraft.server.network.ServerLoginPacketListenerImpl/]: THewatchEr49578 (/185.242.3.173:50504) lost connection: Disconnected
[30Apr2026 02:37:00.142] [Server thread/INFO] [dev.ryanhcode.sable.Sable/]: Saving sub-levels for level 'ServerLevel[world]'/minecraft:overworld
[30Apr2026 02:37:00.146] [Server thread/INFO] [dev.ryanhcode.sable.Sable/]: Saving sub-levels for level 'ServerLevel[world]'/minecraft:the_nether
[30Apr2026 02:37:00.147] [Server thread/INFO] [dev.ryanhcode.sable.Sable/]: Saving sub-levels for level 'ServerLevel[world]'/minecraft:the_end
[30Apr2026 02:37:00.154] [Server thread/INFO] [Chunk Activity Tracker/]: Saving data for 110 chunks for dimension 'the_nether' took 1 milliseconds
[30Apr2026 02:37:00.162] [Server thread/INFO] [Chunk Activity Tracker/]: Saving data for 2843 chunks for dimension 'overworld' took 8 milliseconds
[30Apr2026 02:37:08.792] [Server thread/INFO] [AllTheLeaks/]: Listing events...
[30Apr2026 02:37:08.793] [Server thread/INFO] [AllTheLeaks/]: Server Player Clone: 2
[30Apr2026 02:37:08.793] [Server thread/INFO] [AllTheLeaks/]: Server Player Logout: 7
[30Apr2026 02:37:08.793] [Server thread/INFO] [AllTheLeaks/]: Listing memory leaks so far...
[30Apr2026 02:37:08.794] [Server thread/INFO] [AllTheLeaks/]: B: 1289MB / C: 1467MB / Diff: +178MB
[30Apr2026 02:37:08.794] [Server thread/INFO] [AllTheLeaks/]: Memory Leaks detected: (/atl force_refresh to update)
[30Apr2026 02:37:08.794] [Server thread/INFO] [AllTheLeaks/]: | ChunkAccess:
[30Apr2026 02:37:08.794] [Server thread/INFO] [AllTheLeaks/]: |- LevelChunk (minecraft): 1059
[30Apr2026 02:37:08.794] [Server thread/INFO] [AllTheLeaks/]: | Player:
[30Apr2026 02:37:08.794] [Server thread/INFO] [AllTheLeaks/]: |- ServerPlayer (minecraft): 9
[30Apr2026 02:42:00.142] [Server thread/INFO] [dev.ryanhcode.sable.Sable/]: Saving sub-levels for level 'ServerLevel[world]'/minecraft:overworld
[30Apr2026 02:42:00.146] [Server thread/INFO] [dev.ryanhcode.sable.Sable/]: Saving sub-levels for level 'ServerLevel[world]'/minecraft:the_nether
[30Apr2026 02:42:00.146] [Server thread/INFO] [dev.ryanhcode.sable.Sable/]: Saving sub-levels for level 'ServerLevel[world]'/minecraft:the_end
[30Apr2026 02:42:00.153] [Server thread/INFO] [Chunk Activity Tracker/]: Saving data for 110 chunks for dimension 'the_nether' took 0 milliseconds
[30Apr2026 02:42:00.161] [Server thread/INFO] [Chunk Activity Tracker/]: Saving data for 2843 chunks for dimension 'overworld' took 7 milliseconds
[30Apr2026 02:43:53.342] [Server thread/INFO] [net.minecraft.server.network.ServerLoginPacketListenerImpl/]: THewatchEr49578 (/185.242.3.173:37920) lost connection: Disconnected
[30Apr2026 02:47:00.143] [Server thread/INFO] [dev.ryanhcode.sable.Sable/]: Saving sub-levels for level 'ServerLevel[world]'/minecraft:overworld
[30Apr2026 02:47:00.145] [Server thread/INFO] [dev.ryanhcode.sable.Sable/]: Saving sub-levels for level 'ServerLevel[world]'/minecraft:the_nether
[30Apr2026 02:47:00.146] [Server thread/INFO] [dev.ryanhcode.sable.Sable/]: Saving sub-levels for level 'ServerLevel[world]'/minecraft:the_end
[30Apr2026 02:47:00.153] [Server thread/INFO] [Chunk Activity Tracker/]: Saving data for 110 chunks for dimension 'the_nether' took 1 milliseconds
[30Apr2026 02:47:00.161] [Server thread/INFO] [Chunk Activity Tracker/]: Saving data for 2843 chunks for dimension 'overworld' took 8 milliseconds
[30Apr2026 02:47:08.842] [Server thread/INFO] [AllTheLeaks/]: Listing events...
[30Apr2026 02:47:08.843] [Server thread/INFO] [AllTheLeaks/]: Server Player Clone: 2
[30Apr2026 02:47:08.843] [Server thread/INFO] [AllTheLeaks/]: Server Player Logout: 7
[30Apr2026 02:47:08.843] [Server thread/INFO] [AllTheLeaks/]: Listing memory leaks so far...
[30Apr2026 02:47:08.843] [Server thread/INFO] [AllTheLeaks/]: B: 1289MB / C: 1467MB / Diff: +178MB
[30Apr2026 02:47:08.844] [Server thread/INFO] [AllTheLeaks/]: Memory Leaks detected: (/atl force_refresh to update)
[30Apr2026 02:47:08.844] [Server thread/INFO] [AllTheLeaks/]: | ChunkAccess:
[30Apr2026 02:47:08.844] [Server thread/INFO] [AllTheLeaks/]: |- LevelChunk (minecraft): 1059
[30Apr2026 02:47:08.844] [Server thread/INFO] [AllTheLeaks/]: | Player:
[30Apr2026 02:47:08.844] [Server thread/INFO] [AllTheLeaks/]: |- ServerPlayer (minecraft): 9
[30Apr2026 02:52:00.142] [Server thread/INFO] [dev.ryanhcode.sable.Sable/]: Saving sub-levels for level 'ServerLevel[world]'/minecraft:overworld
[30Apr2026 02:52:00.145] [Server thread/INFO] [dev.ryanhcode.sable.Sable/]: Saving sub-levels for level 'ServerLevel[world]'/minecraft:the_nether
[30Apr2026 02:52:00.146] [Server thread/INFO] [dev.ryanhcode.sable.Sable/]: Saving sub-levels for level 'ServerLevel[world]'/minecraft:the_end
[30Apr2026 02:52:00.154] [Server thread/INFO] [Chunk Activity Tracker/]: Saving data for 110 chunks for dimension 'the_nether' took 1 milliseconds
[30Apr2026 02:52:00.161] [Server thread/INFO] [Chunk Activity Tracker/]: Saving data for 2843 chunks for dimension 'overworld' took 7 milliseconds
[30Apr2026 02:52:02.242] [Server thread/INFO] [net.minecraft.server.network.ServerLoginPacketListenerImpl/]: THewatchEr49578 (/185.242.3.173:52170) lost connection: Disconnected
[30Apr2026 02:57:00.146] [Server thread/INFO] [dev.ryanhcode.sable.Sable/]: Saving sub-levels for level 'ServerLevel[world]'/minecraft:overworld
[30Apr2026 02:57:00.155] [Server thread/INFO] [dev.ryanhcode.sable.Sable/]: Saving sub-levels for level 'ServerLevel[world]'/minecraft:the_nether
[30Apr2026 02:57:00.156] [Server thread/INFO] [dev.ryanhcode.sable.Sable/]: Saving sub-levels for level 'ServerLevel[world]'/minecraft:the_end
[30Apr2026 02:57:00.163] [Server thread/INFO] [Chunk Activity Tracker/]: Saving data for 110 chunks for dimension 'the_nether' took 1 milliseconds
[30Apr2026 02:57:00.172] [Server thread/INFO] [Chunk Activity Tracker/]: Saving data for 2843 chunks for dimension 'overworld' took 9 milliseconds
[30Apr2026 02:57:08.892] [Server thread/INFO] [AllTheLeaks/]: Listing events...
[30Apr2026 02:57:08.893] [Server thread/INFO] [AllTheLeaks/]: Server Player Clone: 2
[30Apr2026 02:57:08.893] [Server thread/INFO] [AllTheLeaks/]: Server Player Logout: 7
[30Apr2026 02:57:08.893] [Server thread/INFO] [AllTheLeaks/]: Listing memory leaks so far...
[30Apr2026 02:57:08.894] [Server thread/INFO] [AllTheLeaks/]: B: 1289MB / C: 1467MB / Diff: +178MB
[30Apr2026 02:57:08.894] [Server thread/INFO] [AllTheLeaks/]: Memory Leaks detected: (/atl force_refresh to update)
[30Apr2026 02:57:08.894] [Server thread/INFO] [AllTheLeaks/]: | ChunkAccess:
[30Apr2026 02:57:08.894] [Server thread/INFO] [AllTheLeaks/]: |- LevelChunk (minecraft): 1059
[30Apr2026 02:57:08.894] [Server thread/INFO] [AllTheLeaks/]: | Player:
[30Apr2026 02:57:08.894] [Server thread/INFO] [AllTheLeaks/]: |- ServerPlayer (minecraft): 9
[30Apr2026 03:00:04.742] [Server thread/INFO] [net.minecraft.server.network.ServerLoginPacketListenerImpl/]: THewatchEr49578 (/185.242.3.173:44726) lost connection: Disconnected
[30Apr2026 03:02:00.143] [Server thread/INFO] [dev.ryanhcode.sable.Sable/]: Saving sub-levels for level 'ServerLevel[world]'/minecraft:overworld
[30Apr2026 03:02:00.147] [Server thread/INFO] [dev.ryanhcode.sable.Sable/]: Saving sub-levels for level 'ServerLevel[world]'/minecraft:the_nether
[30Apr2026 03:02:00.147] [Server thread/INFO] [dev.ryanhcode.sable.Sable/]: Saving sub-levels for level 'ServerLevel[world]'/minecraft:the_end
[30Apr2026 03:02:00.154] [Server thread/INFO] [Chunk Activity Tracker/]: Saving data for 110 chunks for dimension 'the_nether' took 1 milliseconds
[30Apr2026 03:02:00.162] [Server thread/INFO] [Chunk Activity Tracker/]: Saving data for 2843 chunks for dimension 'overworld' took 7 milliseconds
[30Apr2026 03:07:00.142] [Server thread/INFO] [dev.ryanhcode.sable.Sable/]: Saving sub-levels for level 'ServerLevel[world]'/minecraft:overworld
[30Apr2026 03:07:00.149] [Server thread/INFO] [dev.ryanhcode.sable.Sable/]: Saving sub-levels for level 'ServerLevel[world]'/minecraft:the_nether
[30Apr2026 03:07:00.150] [Server thread/INFO] [dev.ryanhcode.sable.Sable/]: Saving sub-levels for level 'ServerLevel[world]'/minecraft:the_end
[30Apr2026 03:07:00.157] [Server thread/INFO] [Chunk Activity Tracker/]: Saving data for 110 chunks for dimension 'the_nether' took 1 milliseconds
[30Apr2026 03:07:00.165] [Server thread/INFO] [Chunk Activity Tracker/]: Saving data for 2843 chunks for dimension 'overworld' took 8 milliseconds
[30Apr2026 03:07:08.942] [Server thread/INFO] [AllTheLeaks/]: Listing events...
[30Apr2026 03:07:08.943] [Server thread/INFO] [AllTheLeaks/]: Server Player Clone: 2
[30Apr2026 03:07:08.943] [Server thread/INFO] [AllTheLeaks/]: Server Player Logout: 7
[30Apr2026 03:07:08.943] [Server thread/INFO] [AllTheLeaks/]: Listing memory leaks so far...
[30Apr2026 03:07:08.943] [Server thread/INFO] [AllTheLeaks/]: B: 1289MB / C: 1467MB / Diff: +178MB
[30Apr2026 03:07:08.947] [Server thread/INFO] [AllTheLeaks/]: Memory Leaks detected: (/atl force_refresh to update)
[30Apr2026 03:07:08.947] [Server thread/INFO] [AllTheLeaks/]: | ChunkAccess:
[30Apr2026 03:07:08.948] [Server thread/INFO] [AllTheLeaks/]: |- LevelChunk (minecraft): 1059
[30Apr2026 03:07:08.948] [Server thread/INFO] [AllTheLeaks/]: | Player:
[30Apr2026 03:07:08.948] [Server thread/INFO] [AllTheLeaks/]: |- ServerPlayer (minecraft): 9
[30Apr2026 03:08:11.442] [Server thread/INFO] [net.minecraft.server.network.ServerLoginPacketListenerImpl/]: THewatchEr49578 (/185.242.3.173:52738) lost connection: Disconnected
[30Apr2026 03:12:00.142] [Server thread/INFO] [dev.ryanhcode.sable.Sable/]: Saving sub-levels for level 'ServerLevel[world]'/minecraft:overworld
[30Apr2026 03:12:00.146] [Server thread/INFO] [dev.ryanhcode.sable.Sable/]: Saving sub-levels for level 'ServerLevel[world]'/minecraft:the_nether
[30Apr2026 03:12:00.147] [Server thread/INFO] [dev.ryanhcode.sable.Sable/]: Saving sub-levels for level 'ServerLevel[world]'/minecraft:the_end
[30Apr2026 03:12:00.154] [Server thread/INFO] [Chunk Activity Tracker/]: Saving data for 110 chunks for dimension 'the_nether' took 1 milliseconds
[30Apr2026 03:12:00.162] [Server thread/INFO] [Chunk Activity Tracker/]: Saving data for 2843 chunks for dimension 'overworld' took 8 milliseconds
[30Apr2026 03:17:00.143] [Server thread/INFO] [dev.ryanhcode.sable.Sable/]: Saving sub-levels for level 'ServerLevel[world]'/minecraft:overworld
[30Apr2026 03:17:00.147] [Server thread/INFO] [dev.ryanhcode.sable.Sable/]: Saving sub-levels for level 'ServerLevel[world]'/minecraft:the_nether
[30Apr2026 03:17:00.147] [Server thread/INFO] [dev.ryanhcode.sable.Sable/]: Saving sub-levels for level 'ServerLevel[world]'/minecraft:the_end
[30Apr2026 03:17:00.154] [Server thread/INFO] [Chunk Activity Tracker/]: Saving data for 110 chunks for dimension 'the_nether' took 1 milliseconds
[30Apr2026 03:17:00.162] [Server thread/INFO] [Chunk Activity Tracker/]: Saving data for 2843 chunks for dimension 'overworld' took 8 milliseconds
[30Apr2026 03:17:00.392] [Server thread/INFO] [net.minecraft.server.network.ServerLoginPacketListenerImpl/]: THewatchEr49578 (/185.242.3.173:45598) lost connection: Disconnected
[30Apr2026 03:17:08.992] [Server thread/INFO] [AllTheLeaks/]: Listing events...
[30Apr2026 03:17:08.993] [Server thread/INFO] [AllTheLeaks/]: Server Player Clone: 2
[30Apr2026 03:17:08.993] [Server thread/INFO] [AllTheLeaks/]: Server Player Logout: 7
[30Apr2026 03:17:08.993] [Server thread/INFO] [AllTheLeaks/]: Listing memory leaks so far...
[30Apr2026 03:17:08.993] [Server thread/INFO] [AllTheLeaks/]: B: 1289MB / C: 1438MB / Diff: +149MB
[30Apr2026 03:17:08.994] [Server thread/INFO] [AllTheLeaks/]: Memory Leaks detected: (/atl force_refresh to update)
[30Apr2026 03:17:08.994] [Server thread/INFO] [AllTheLeaks/]: | ChunkAccess:
[30Apr2026 03:17:08.994] [Server thread/INFO] [AllTheLeaks/]: |- LevelChunk (minecraft): 1054
[30Apr2026 03:17:08.994] [Server thread/INFO] [AllTheLeaks/]: | Player:
[30Apr2026 03:17:08.994] [Server thread/INFO] [AllTheLeaks/]: |- ServerPlayer (minecraft): 9
[30Apr2026 03:22:00.143] [Server thread/INFO] [dev.ryanhcode.sable.Sable/]: Saving sub-levels for level 'ServerLevel[world]'/minecraft:overworld
[30Apr2026 03:22:00.156] [Server thread/INFO] [dev.ryanhcode.sable.Sable/]: Saving sub-levels for level 'ServerLevel[world]'/minecraft:the_nether
[30Apr2026 03:22:00.156] [Server thread/INFO] [dev.ryanhcode.sable.Sable/]: Saving sub-levels for level 'ServerLevel[world]'/minecraft:the_end
[30Apr2026 03:22:00.164] [Server thread/INFO] [Chunk Activity Tracker/]: Saving data for 110 chunks for dimension 'the_nether' took 1 milliseconds
[30Apr2026 03:22:00.172] [Server thread/INFO] [Chunk Activity Tracker/]: Saving data for 2843 chunks for dimension 'overworld' took 8 milliseconds
[30Apr2026 03:25:08.792] [Server thread/INFO] [net.minecraft.server.network.ServerLoginPacketListenerImpl/]: THewatchEr49578 (/185.242.3.173:40960) lost connection: Disconnected
[30Apr2026 03:27:00.142] [Server thread/INFO] [dev.ryanhcode.sable.Sable/]: Saving sub-levels for level 'ServerLevel[world]'/minecraft:overworld
[30Apr2026 03:27:00.145] [Server thread/INFO] [dev.ryanhcode.sable.Sable/]: Saving sub-levels for level 'ServerLevel[world]'/minecraft:the_nether
[30Apr2026 03:27:00.146] [Server thread/INFO] [dev.ryanhcode.sable.Sable/]: Saving sub-levels for level 'ServerLevel[world]'/minecraft:the_end
[30Apr2026 03:27:00.153] [Server thread/INFO] [Chunk Activity Tracker/]: Saving data for 110 chunks for dimension 'the_nether' took 1 milliseconds
[30Apr2026 03:27:00.161] [Server thread/INFO] [Chunk Activity Tracker/]: Saving data for 2843 chunks for dimension 'overworld' took 8 milliseconds
[30Apr2026 03:27:09.042] [Server thread/INFO] [AllTheLeaks/]: Listing events...
[30Apr2026 03:27:09.043] [Server thread/INFO] [AllTheLeaks/]: Server Player Clone: 2
[30Apr2026 03:27:09.043] [Server thread/INFO] [AllTheLeaks/]: Server Player Logout: 7
[30Apr2026 03:27:09.043] [Server thread/INFO] [AllTheLeaks/]: Listing memory leaks so far...
[30Apr2026 03:27:09.043] [Server thread/INFO] [AllTheLeaks/]: B: 1289MB / C: 1438MB / Diff: +149MB
[30Apr2026 03:27:09.044] [Server thread/INFO] [AllTheLeaks/]: Memory Leaks detected: (/atl force_refresh to update)
[30Apr2026 03:27:09.044] [Server thread/INFO] [AllTheLeaks/]: | ChunkAccess:
[30Apr2026 03:27:09.044] [Server thread/INFO] [AllTheLeaks/]: |- LevelChunk (minecraft): 1054
[30Apr2026 03:27:09.044] [Server thread/INFO] [AllTheLeaks/]: | Player:
[30Apr2026 03:27:09.044] [Server thread/INFO] [AllTheLeaks/]: |- ServerPlayer (minecraft): 9
[30Apr2026 03:32:00.143] [Server thread/INFO] [dev.ryanhcode.sable.Sable/]: Saving sub-levels for level 'ServerLevel[world]'/minecraft:overworld
[30Apr2026 03:32:00.146] [Server thread/INFO] [dev.ryanhcode.sable.Sable/]: Saving sub-levels for level 'ServerLevel[world]'/minecraft:the_nether
[30Apr2026 03:32:00.147] [Server thread/INFO] [dev.ryanhcode.sable.Sable/]: Saving sub-levels for level 'ServerLevel[world]'/minecraft:the_end
[30Apr2026 03:32:00.155] [Server thread/INFO] [Chunk Activity Tracker/]: Saving data for 110 chunks for dimension 'the_nether' took 1 milliseconds
[30Apr2026 03:32:00.164] [Server thread/INFO] [Chunk Activity Tracker/]: Saving data for 2843 chunks for dimension 'overworld' took 9 milliseconds
[30Apr2026 03:33:10.942] [Server thread/INFO] [net.minecraft.server.network.ServerLoginPacketListenerImpl/]: THewatchEr49578 (/185.242.3.173:55962) lost connection: Disconnected
[30Apr2026 03:37:00.142] [Server thread/INFO] [dev.ryanhcode.sable.Sable/]: Saving sub-levels for level 'ServerLevel[world]'/minecraft:overworld
[30Apr2026 03:37:00.146] [Server thread/INFO] [dev.ryanhcode.sable.Sable/]: Saving sub-levels for level 'ServerLevel[world]'/minecraft:the_nether
[30Apr2026 03:37:00.147] [Server thread/INFO] [dev.ryanhcode.sable.Sable/]: Saving sub-levels for level 'ServerLevel[world]'/minecraft:the_end
[30Apr2026 03:37:00.154] [Server thread/INFO] [Chunk Activity Tracker/]: Saving data for 110 chunks for dimension 'the_nether' took 1 milliseconds
[30Apr2026 03:37:00.161] [Server thread/INFO] [Chunk Activity Tracker/]: Saving data for 2843 chunks for dimension 'overworld' took 7 milliseconds
[30Apr2026 03:37:09.092] [Server thread/INFO] [AllTheLeaks/]: Listing events...
[30Apr2026 03:37:09.093] [Server thread/INFO] [AllTheLeaks/]: Server Player Clone: 2
[30Apr2026 03:37:09.093] [Server thread/INFO] [AllTheLeaks/]: Server Player Logout: 7
[30Apr2026 03:37:09.093] [Server thread/INFO] [AllTheLeaks/]: Listing memory leaks so far...
[30Apr2026 03:37:09.094] [Server thread/INFO] [AllTheLeaks/]: B: 1289MB / C: 1438MB / Diff: +149MB
[30Apr2026 03:37:09.094] [Server thread/INFO] [AllTheLeaks/]: Memory Leaks detected: (/atl force_refresh to update)
[30Apr2026 03:37:09.094] [Server thread/INFO] [AllTheLeaks/]: | ChunkAccess:
[30Apr2026 03:37:09.094] [Server thread/INFO] [AllTheLeaks/]: |- LevelChunk (minecraft): 1054
[30Apr2026 03:37:09.094] [Server thread/INFO] [AllTheLeaks/]: | Player:
[30Apr2026 03:37:09.095] [Server thread/INFO] [AllTheLeaks/]: |- ServerPlayer (minecraft): 9
[30Apr2026 03:41:20.343] [Server thread/INFO] [net.minecraft.server.network.ServerLoginPacketListenerImpl/]: THewatchEr49578 (/185.242.3.173:34986) lost connection: Disconnected
[30Apr2026 03:42:00.142] [Server thread/INFO] [dev.ryanhcode.sable.Sable/]: Saving sub-levels for level 'ServerLevel[world]'/minecraft:overworld
[30Apr2026 03:42:00.146] [Server thread/INFO] [dev.ryanhcode.sable.Sable/]: Saving sub-levels for level 'ServerLevel[world]'/minecraft:the_nether
[30Apr2026 03:42:00.146] [Server thread/INFO] [dev.ryanhcode.sable.Sable/]: Saving sub-levels for level 'ServerLevel[world]'/minecraft:the_end
[30Apr2026 03:42:00.154] [Server thread/INFO] [Chunk Activity Tracker/]: Saving data for 110 chunks for dimension 'the_nether' took 1 milliseconds
[30Apr2026 03:42:00.162] [Server thread/INFO] [Chunk Activity Tracker/]: Saving data for 2843 chunks for dimension 'overworld' took 8 milliseconds
[30Apr2026 03:47:00.143] [Server thread/INFO] [dev.ryanhcode.sable.Sable/]: Saving sub-levels for level 'ServerLevel[world]'/minecraft:overworld
[30Apr2026 03:47:00.147] [Server thread/INFO] [dev.ryanhcode.sable.Sable/]: Saving sub-levels for level 'ServerLevel[world]'/minecraft:the_nether
[30Apr2026 03:47:00.147] [Server thread/INFO] [dev.ryanhcode.sable.Sable/]: Saving sub-levels for level 'ServerLevel[world]'/minecraft:the_end
[30Apr2026 03:47:00.154] [Server thread/INFO] [Chunk Activity Tracker/]: Saving data for 110 chunks for dimension 'the_nether' took 1 milliseconds
[30Apr2026 03:47:00.162] [Server thread/INFO] [Chunk Activity Tracker/]: Saving data for 2843 chunks for dimension 'overworld' took 7 milliseconds
[30Apr2026 03:47:09.142] [Server thread/INFO] [AllTheLeaks/]: Listing events...
[30Apr2026 03:47:09.143] [Server thread/INFO] [AllTheLeaks/]: Server Player Clone: 2
[30Apr2026 03:47:09.143] [Server thread/INFO] [AllTheLeaks/]: Server Player Logout: 7
[30Apr2026 03:47:09.143] [Server thread/INFO] [AllTheLeaks/]: Listing memory leaks so far...
[30Apr2026 03:47:09.143] [Server thread/INFO] [AllTheLeaks/]: B: 1289MB / C: 1438MB / Diff: +149MB
[30Apr2026 03:47:09.144] [Server thread/INFO] [AllTheLeaks/]: Memory Leaks detected: (/atl force_refresh to update)
[30Apr2026 03:47:09.144] [Server thread/INFO] [AllTheLeaks/]: | ChunkAccess:
[30Apr2026 03:47:09.144] [Server thread/INFO] [AllTheLeaks/]: |- LevelChunk (minecraft): 1054
[30Apr2026 03:47:09.144] [Server thread/INFO] [AllTheLeaks/]: | Player:
[30Apr2026 03:47:09.144] [Server thread/INFO] [AllTheLeaks/]: |- ServerPlayer (minecraft): 9
[30Apr2026 03:49:26.392] [Server thread/INFO] [net.minecraft.server.network.ServerLoginPacketListenerImpl/]: THewatchEr49578 (/185.242.3.173:38412) lost connection: Disconnected
[30Apr2026 03:52:00.142] [Server thread/INFO] [dev.ryanhcode.sable.Sable/]: Saving sub-levels for level 'ServerLevel[world]'/minecraft:overworld
[30Apr2026 03:52:00.146] [Server thread/INFO] [dev.ryanhcode.sable.Sable/]: Saving sub-levels for level 'ServerLevel[world]'/minecraft:the_nether
[30Apr2026 03:52:00.147] [Server thread/INFO] [dev.ryanhcode.sable.Sable/]: Saving sub-levels for level 'ServerLevel[world]'/minecraft:the_end
[30Apr2026 03:52:00.154] [Server thread/INFO] [Chunk Activity Tracker/]: Saving data for 110 chunks for dimension 'the_nether' took 1 milliseconds
[30Apr2026 03:52:00.162] [Server thread/INFO] [Chunk Activity Tracker/]: Saving data for 2843 chunks for dimension 'overworld' took 8 milliseconds
[30Apr2026 03:57:00.142] [Server thread/INFO] [dev.ryanhcode.sable.Sable/]: Saving sub-levels for level 'ServerLevel[world]'/minecraft:overworld
[30Apr2026 03:57:00.146] [Server thread/INFO] [dev.ryanhcode.sable.Sable/]: Saving sub-levels for level 'ServerLevel[world]'/minecraft:the_nether
[30Apr2026 03:57:00.146] [Server thread/INFO] [dev.ryanhcode.sable.Sable/]: Saving sub-levels for level 'ServerLevel[world]'/minecraft:the_end
[30Apr2026 03:57:00.154] [Server thread/INFO] [Chunk Activity Tracker/]: Saving data for 110 chunks for dimension 'the_nether' took 1 milliseconds
[30Apr2026 03:57:00.162] [Server thread/INFO] [Chunk Activity Tracker/]: Saving data for 2843 chunks for dimension 'overworld' took 8 milliseconds
[30Apr2026 03:57:09.192] [Server thread/INFO] [AllTheLeaks/]: Listing events...
[30Apr2026 03:57:09.193] [Server thread/INFO] [AllTheLeaks/]: Server Player Clone: 2
[30Apr2026 03:57:09.193] [Server thread/INFO] [AllTheLeaks/]: Server Player Logout: 7
[30Apr2026 03:57:09.193] [Server thread/INFO] [AllTheLeaks/]: Listing memory leaks so far...
[30Apr2026 03:57:09.194] [Server thread/INFO] [AllTheLeaks/]: B: 1289MB / C: 1438MB / Diff: +149MB
[30Apr2026 03:57:09.194] [Server thread/INFO] [AllTheLeaks/]: Memory Leaks detected: (/atl force_refresh to update)
[30Apr2026 03:57:09.194] [Server thread/INFO] [AllTheLeaks/]: | ChunkAccess:
[30Apr2026 03:57:09.194] [Server thread/INFO] [AllTheLeaks/]: |- LevelChunk (minecraft): 1054
[30Apr2026 03:57:09.194] [Server thread/INFO] [AllTheLeaks/]: | Player:
[30Apr2026 03:57:09.195] [Server thread/INFO] [AllTheLeaks/]: |- ServerPlayer (minecraft): 9
[30Apr2026 03:57:34.892] [Server thread/INFO] [net.minecraft.server.network.ServerLoginPacketListenerImpl/]: THewatchEr49578 (/185.242.3.173:34104) lost connection: Disconnected
[30Apr2026 04:02:00.142] [Server thread/INFO] [dev.ryanhcode.sable.Sable/]: Saving sub-levels for level 'ServerLevel[world]'/minecraft:overworld
[30Apr2026 04:02:00.147] [Server thread/INFO] [dev.ryanhcode.sable.Sable/]: Saving sub-levels for level 'ServerLevel[world]'/minecraft:the_nether
[30Apr2026 04:02:00.147] [Server thread/INFO] [dev.ryanhcode.sable.Sable/]: Saving sub-levels for level 'ServerLevel[world]'/minecraft:the_end
[30Apr2026 04:02:00.155] [Server thread/INFO] [Chunk Activity Tracker/]: Saving data for 110 chunks for dimension 'the_nether' took 1 milliseconds
[30Apr2026 04:02:00.163] [Server thread/INFO] [Chunk Activity Tracker/]: Saving data for 2843 chunks for dimension 'overworld' took 8 milliseconds
[30Apr2026 04:05:37.942] [Server thread/INFO] [net.minecraft.server.network.ServerLoginPacketListenerImpl/]: THewatchEr49578 (/185.242.3.173:42704) lost connection: Disconnected
[30Apr2026 04:07:00.142] [Server thread/INFO] [dev.ryanhcode.sable.Sable/]: Saving sub-levels for level 'ServerLevel[world]'/minecraft:overworld
[30Apr2026 04:07:00.146] [Server thread/INFO] [dev.ryanhcode.sable.Sable/]: Saving sub-levels for level 'ServerLevel[world]'/minecraft:the_nether
[30Apr2026 04:07:00.147] [Server thread/INFO] [dev.ryanhcode.sable.Sable/]: Saving sub-levels for level 'ServerLevel[world]'/minecraft:the_end
[30Apr2026 04:07:00.154] [Server thread/INFO] [Chunk Activity Tracker/]: Saving data for 110 chunks for dimension 'the_nether' took 1 milliseconds
[30Apr2026 04:07:00.162] [Server thread/INFO] [Chunk Activity Tracker/]: Saving data for 2843 chunks for dimension 'overworld' took 8 milliseconds
[30Apr2026 04:07:09.242] [Server thread/INFO] [AllTheLeaks/]: Listing events...
[30Apr2026 04:07:09.243] [Server thread/INFO] [AllTheLeaks/]: Server Player Clone: 2
[30Apr2026 04:07:09.243] [Server thread/INFO] [AllTheLeaks/]: Server Player Logout: 7
[30Apr2026 04:07:09.243] [Server thread/INFO] [AllTheLeaks/]: Listing memory leaks so far...
[30Apr2026 04:07:09.243] [Server thread/INFO] [AllTheLeaks/]: B: 1289MB / C: 1438MB / Diff: +149MB
[30Apr2026 04:07:09.244] [Server thread/INFO] [AllTheLeaks/]: Memory Leaks detected: (/atl force_refresh to update)
[30Apr2026 04:07:09.244] [Server thread/INFO] [AllTheLeaks/]: | ChunkAccess:
[30Apr2026 04:07:09.244] [Server thread/INFO] [AllTheLeaks/]: |- LevelChunk (minecraft): 1054
[30Apr2026 04:07:09.244] [Server thread/INFO] [AllTheLeaks/]: | Player:
[30Apr2026 04:07:09.244] [Server thread/INFO] [AllTheLeaks/]: |- ServerPlayer (minecraft): 9
[30Apr2026 04:12:00.142] [Server thread/INFO] [dev.ryanhcode.sable.Sable/]: Saving sub-levels for level 'ServerLevel[world]'/minecraft:overworld
[30Apr2026 04:12:00.146] [Server thread/INFO] [dev.ryanhcode.sable.Sable/]: Saving sub-levels for level 'ServerLevel[world]'/minecraft:the_nether
[30Apr2026 04:12:00.146] [Server thread/INFO] [dev.ryanhcode.sable.Sable/]: Saving sub-levels for level 'ServerLevel[world]'/minecraft:the_end
[30Apr2026 04:12:00.154] [Server thread/INFO] [Chunk Activity Tracker/]: Saving data for 110 chunks for dimension 'the_nether' took 1 milliseconds
[30Apr2026 04:12:00.162] [Server thread/INFO] [Chunk Activity Tracker/]: Saving data for 2843 chunks for dimension 'overworld' took 8 milliseconds
[30Apr2026 04:13:38.392] [Server thread/INFO] [net.minecraft.server.network.ServerLoginPacketListenerImpl/]: THewatchEr49578 (/185.242.3.173:38048) lost connection: Disconnected
[30Apr2026 04:17:00.142] [Server thread/INFO] [dev.ryanhcode.sable.Sable/]: Saving sub-levels for level 'ServerLevel[world]'/minecraft:overworld
[30Apr2026 04:17:00.149] [Server thread/INFO] [dev.ryanhcode.sable.Sable/]: Saving sub-levels for level 'ServerLevel[world]'/minecraft:the_nether
[30Apr2026 04:17:00.149] [Server thread/INFO] [dev.ryanhcode.sable.Sable/]: Saving sub-levels for level 'ServerLevel[world]'/minecraft:the_end
[30Apr2026 04:17:00.157] [Server thread/INFO] [Chunk Activity Tracker/]: Saving data for 110 chunks for dimension 'the_nether' took 1 milliseconds
[30Apr2026 04:17:00.164] [Server thread/INFO] [Chunk Activity Tracker/]: Saving data for 2843 chunks for dimension 'overworld' took 7 milliseconds
[30Apr2026 04:17:09.292] [Server thread/INFO] [AllTheLeaks/]: Listing events...
[30Apr2026 04:17:09.293] [Server thread/INFO] [AllTheLeaks/]: Server Player Clone: 2
[30Apr2026 04:17:09.293] [Server thread/INFO] [AllTheLeaks/]: Server Player Logout: 7
[30Apr2026 04:17:09.293] [Server thread/INFO] [AllTheLeaks/]: Listing memory leaks so far...
[30Apr2026 04:17:09.293] [Server thread/INFO] [AllTheLeaks/]: B: 1289MB / C: 1438MB / Diff: +149MB
[30Apr2026 04:17:09.293] [Server thread/INFO] [AllTheLeaks/]: Memory Leaks detected: (/atl force_refresh to update)
[30Apr2026 04:17:09.294] [Server thread/INFO] [AllTheLeaks/]: | ChunkAccess:
[30Apr2026 04:17:09.294] [Server thread/INFO] [AllTheLeaks/]: |- LevelChunk (minecraft): 1054
[30Apr2026 04:17:09.294] [Server thread/INFO] [AllTheLeaks/]: | Player:
[30Apr2026 04:17:09.294] [Server thread/INFO] [AllTheLeaks/]: |- ServerPlayer (minecraft): 9
[30Apr2026 04:21:34.742] [Server thread/INFO] [net.minecraft.server.network.ServerLoginPacketListenerImpl/]: THewatchEr49578 (/185.242.3.173:35270) lost connection: Disconnected
[30Apr2026 04:22:00.142] [Server thread/INFO] [dev.ryanhcode.sable.Sable/]: Saving sub-levels for level 'ServerLevel[world]'/minecraft:overworld
[30Apr2026 04:22:00.146] [Server thread/INFO] [dev.ryanhcode.sable.Sable/]: Saving sub-levels for level 'ServerLevel[world]'/minecraft:the_nether
[30Apr2026 04:22:00.146] [Server thread/INFO] [dev.ryanhcode.sable.Sable/]: Saving sub-levels for level 'ServerLevel[world]'/minecraft:the_end
[30Apr2026 04:22:00.153] [Server thread/INFO] [Chunk Activity Tracker/]: Saving data for 110 chunks for dimension 'the_nether' took 0 milliseconds
[30Apr2026 04:22:00.161] [Server thread/INFO] [Chunk Activity Tracker/]: Saving data for 2843 chunks for dimension 'overworld' took 7 milliseconds
[30Apr2026 04:27:00.143] [Server thread/INFO] [dev.ryanhcode.sable.Sable/]: Saving sub-levels for level 'ServerLevel[world]'/minecraft:overworld
[30Apr2026 04:27:00.147] [Server thread/INFO] [dev.ryanhcode.sable.Sable/]: Saving sub-levels for level 'ServerLevel[world]'/minecraft:the_nether
[30Apr2026 04:27:00.147] [Server thread/INFO] [dev.ryanhcode.sable.Sable/]: Saving sub-levels for level 'ServerLevel[world]'/minecraft:the_end
[30Apr2026 04:27:00.154] [Server thread/INFO] [Chunk Activity Tracker/]: Saving data for 110 chunks for dimension 'the_nether' took 1 milliseconds
[30Apr2026 04:27:00.162] [Server thread/INFO] [Chunk Activity Tracker/]: Saving data for 2843 chunks for dimension 'overworld' took 8 milliseconds
[30Apr2026 04:27:09.342] [Server thread/INFO] [AllTheLeaks/]: Listing events...
[30Apr2026 04:27:09.343] [Server thread/INFO] [AllTheLeaks/]: Server Player Clone: 2
[30Apr2026 04:27:09.343] [Server thread/INFO] [AllTheLeaks/]: Server Player Logout: 7
[30Apr2026 04:27:09.343] [Server thread/INFO] [AllTheLeaks/]: Listing memory leaks so far...
[30Apr2026 04:27:09.343] [Server thread/INFO] [AllTheLeaks/]: B: 1289MB / C: 1438MB / Diff: +149MB
[30Apr2026 04:27:09.344] [Server thread/INFO] [AllTheLeaks/]: Memory Leaks detected: (/atl force_refresh to update)
[30Apr2026 04:27:09.344] [Server thread/INFO] [AllTheLeaks/]: | ChunkAccess:
[30Apr2026 04:27:09.344] [Server thread/INFO] [AllTheLeaks/]: |- LevelChunk (minecraft): 1054
[30Apr2026 04:27:09.344] [Server thread/INFO] [AllTheLeaks/]: | Player:
[30Apr2026 04:27:09.344] [Server thread/INFO] [AllTheLeaks/]: |- ServerPlayer (minecraft): 9
[30Apr2026 04:29:31.992] [Server thread/INFO] [net.minecraft.server.network.ServerLoginPacketListenerImpl/]: THewatchEr49578 (/185.242.3.173:50474) lost connection: Disconnected
[30Apr2026 04:32:00.142] [Server thread/INFO] [dev.ryanhcode.sable.Sable/]: Saving sub-levels for level 'ServerLevel[world]'/minecraft:overworld
[30Apr2026 04:32:00.146] [Server thread/INFO] [dev.ryanhcode.sable.Sable/]: Saving sub-levels for level 'ServerLevel[world]'/minecraft:the_nether
[30Apr2026 04:32:00.146] [Server thread/INFO] [dev.ryanhcode.sable.Sable/]: Saving sub-levels for level 'ServerLevel[world]'/minecraft:the_end
[30Apr2026 04:32:00.154] [Server thread/INFO] [Chunk Activity Tracker/]: Saving data for 110 chunks for dimension 'the_nether' took 1 milliseconds
[30Apr2026 04:32:00.162] [Server thread/INFO] [Chunk Activity Tracker/]: Saving data for 2843 chunks for dimension 'overworld' took 8 milliseconds
[30Apr2026 04:37:00.142] [Server thread/INFO] [dev.ryanhcode.sable.Sable/]: Saving sub-levels for level 'ServerLevel[world]'/minecraft:overworld
[30Apr2026 04:37:00.146] [Server thread/INFO] [dev.ryanhcode.sable.Sable/]: Saving sub-levels for level 'ServerLevel[world]'/minecraft:the_nether
[30Apr2026 04:37:00.147] [Server thread/INFO] [dev.ryanhcode.sable.Sable/]: Saving sub-levels for level 'ServerLevel[world]'/minecraft:the_end
[30Apr2026 04:37:00.154] [Server thread/INFO] [Chunk Activity Tracker/]: Saving data for 110 chunks for dimension 'the_nether' took 1 milliseconds
[30Apr2026 04:37:00.162] [Server thread/INFO] [Chunk Activity Tracker/]: Saving data for 2843 chunks for dimension 'overworld' took 8 milliseconds
[30Apr2026 04:37:09.392] [Server thread/INFO] [AllTheLeaks/]: Listing events...
[30Apr2026 04:37:09.393] [Server thread/INFO] [AllTheLeaks/]: Server Player Clone: 2
[30Apr2026 04:37:09.393] [Server thread/INFO] [AllTheLeaks/]: Server Player Logout: 7
[30Apr2026 04:37:09.393] [Server thread/INFO] [AllTheLeaks/]: Listing memory leaks so far...
[30Apr2026 04:37:09.393] [Server thread/INFO] [AllTheLeaks/]: B: 1289MB / C: 1438MB / Diff: +149MB
[30Apr2026 04:37:09.394] [Server thread/INFO] [AllTheLeaks/]: Memory Leaks detected: (/atl force_refresh to update)
[30Apr2026 04:37:09.394] [Server thread/INFO] [AllTheLeaks/]: | ChunkAccess:
[30Apr2026 04:37:09.394] [Server thread/INFO] [AllTheLeaks/]: |- LevelChunk (minecraft): 1054
[30Apr2026 04:37:09.394] [Server thread/INFO] [AllTheLeaks/]: | Player:
[30Apr2026 04:37:09.394] [Server thread/INFO] [AllTheLeaks/]: |- ServerPlayer (minecraft): 9
[30Apr2026 04:37:21.892] [Server thread/INFO] [net.minecraft.server.network.ServerLoginPacketListenerImpl/]: THewatchEr49578 (/185.242.3.173:45610) lost connection: Disconnected
[30Apr2026 04:42:00.142] [Server thread/INFO] [dev.ryanhcode.sable.Sable/]: Saving sub-levels for level 'ServerLevel[world]'/minecraft:overworld
[30Apr2026 04:42:00.146] [Server thread/INFO] [dev.ryanhcode.sable.Sable/]: Saving sub-levels for level 'ServerLevel[world]'/minecraft:the_nether
[30Apr2026 04:42:00.147] [Server thread/INFO] [dev.ryanhcode.sable.Sable/]: Saving sub-levels for level 'ServerLevel[world]'/minecraft:the_end
[30Apr2026 04:42:00.154] [Server thread/INFO] [Chunk Activity Tracker/]: Saving data for 110 chunks for dimension 'the_nether' took 0 milliseconds
[30Apr2026 04:42:00.163] [Server thread/INFO] [Chunk Activity Tracker/]: Saving data for 2843 chunks for dimension 'overworld' took 8 milliseconds
[30Apr2026 04:45:13.842] [Server thread/INFO] [net.minecraft.server.network.ServerLoginPacketListenerImpl/]: THewatchEr49578 (/185.242.3.173:55598) lost connection: Disconnected
[30Apr2026 04:47:00.143] [Server thread/INFO] [dev.ryanhcode.sable.Sable/]: Saving sub-levels for level 'ServerLevel[world]'/minecraft:overworld
[30Apr2026 04:47:00.146] [Server thread/INFO] [dev.ryanhcode.sable.Sable/]: Saving sub-levels for level 'ServerLevel[world]'/minecraft:the_nether
[30Apr2026 04:47:00.146] [Server thread/INFO] [dev.ryanhcode.sable.Sable/]: Saving sub-levels for level 'ServerLevel[world]'/minecraft:the_end
[30Apr2026 04:47:00.153] [Server thread/INFO] [Chunk Activity Tracker/]: Saving data for 110 chunks for dimension 'the_nether' took 1 milliseconds
[30Apr2026 04:47:00.161] [Server thread/INFO] [Chunk Activity Tracker/]: Saving data for 2843 chunks for dimension 'overworld' took 8 milliseconds
[30Apr2026 04:47:09.442] [Server thread/INFO] [AllTheLeaks/]: Listing events...
[30Apr2026 04:47:09.443] [Server thread/INFO] [AllTheLeaks/]: Server Player Clone: 2
[30Apr2026 04:47:09.443] [Server thread/INFO] [AllTheLeaks/]: Server Player Logout: 7
[30Apr2026 04:47:09.443] [Server thread/INFO] [AllTheLeaks/]: Listing memory leaks so far...
[30Apr2026 04:47:09.444] [Server thread/INFO] [AllTheLeaks/]: B: 1289MB / C: 1438MB / Diff: +149MB
[30Apr2026 04:47:09.444] [Server thread/INFO] [AllTheLeaks/]: Memory Leaks detected: (/atl force_refresh to update)
[30Apr2026 04:47:09.444] [Server thread/INFO] [AllTheLeaks/]: | ChunkAccess:
[30Apr2026 04:47:09.444] [Server thread/INFO] [AllTheLeaks/]: |- LevelChunk (minecraft): 1054
[30Apr2026 04:47:09.444] [Server thread/INFO] [AllTheLeaks/]: | Player:
[30Apr2026 04:47:09.444] [Server thread/INFO] [AllTheLeaks/]: |- ServerPlayer (minecraft): 9
[30Apr2026 04:52:00.142] [Server thread/INFO] [dev.ryanhcode.sable.Sable/]: Saving sub-levels for level 'ServerLevel[world]'/minecraft:overworld
[30Apr2026 04:52:00.146] [Server thread/INFO] [dev.ryanhcode.sable.Sable/]: Saving sub-levels for level 'ServerLevel[world]'/minecraft:the_nether
[30Apr2026 04:52:00.146] [Server thread/INFO] [dev.ryanhcode.sable.Sable/]: Saving sub-levels for level 'ServerLevel[world]'/minecraft:the_end
[30Apr2026 04:52:00.154] [Server thread/INFO] [Chunk Activity Tracker/]: Saving data for 110 chunks for dimension 'the_nether' took 1 milliseconds
[30Apr2026 04:52:00.161] [Server thread/INFO] [Chunk Activity Tracker/]: Saving data for 2843 chunks for dimension 'overworld' took 7 milliseconds
[30Apr2026 04:52:16.010] [Netty Epoll Server IO #14/ERROR] [net.minecraft.network.PacketEncoder/]: Error sending packet clientbound/minecraft:disconnect
io.netty.handler.codec.EncoderException: Sending unknown packet 'clientbound/minecraft:disconnect'
	at TRANSFORMER/minecraft@1.21.1/net.minecraft.network.codec.IdDispatchCodec.encode(IdDispatchCodec.java:47) ~[server-1.21.1-20240808.144430-srg.jar%23228!/:?]
	at TRANSFORMER/minecraft@1.21.1/net.minecraft.network.codec.IdDispatchCodec.encode(IdDispatchCodec.java:14) ~[server-1.21.1-20240808.144430-srg.jar%23228!/:?]
	at TRANSFORMER/minecraft@1.21.1/net.minecraft.network.PacketEncoder.encode(PacketEncoder.java:24) [server-1.21.1-20240808.144430-srg.jar%23228!/:?]
	at TRANSFORMER/minecraft@1.21.1/net.minecraft.network.PacketEncoder.encode(PacketEncoder.java:12) [server-1.21.1-20240808.144430-srg.jar%23228!/:?]
	at MC-BOOTSTRAP/io.netty.codec@4.1.97.Final/io.netty.handler.codec.MessageToByteEncoder.write(MessageToByteEncoder.java:107) [netty-codec-4.1.97.Final.jar%23102!/:4.1.97.Final]
	at MC-BOOTSTRAP/io.netty.transport@4.1.97.Final/io.netty.channel.AbstractChannelHandlerContext.invokeWrite0(AbstractChannelHandlerContext.java:881) [netty-transport-4.1.97.Final.jar%23106!/:4.1.97.Final]
	at MC-BOOTSTRAP/io.netty.transport@4.1.97.Final/io.netty.channel.AbstractChannelHandlerContext.invokeWrite(AbstractChannelHandlerContext.java:863) [netty-transport-4.1.97.Final.jar%23106!/:4.1.97.Final]
	at MC-BOOTSTRAP/io.netty.transport@4.1.97.Final/io.netty.channel.AbstractChannelHandlerContext.write(AbstractChannelHandlerContext.java:968) [netty-transport-4.1.97.Final.jar%23106!/:4.1.97.Final]
	at MC-BOOTSTRAP/io.netty.transport@4.1.97.Final/io.netty.channel.AbstractChannelHandlerContext.write(AbstractChannelHandlerContext.java:856) [netty-transport-4.1.97.Final.jar%23106!/:4.1.97.Final]
	at MC-BOOTSTRAP/io.netty.transport@4.1.97.Final/io.netty.channel.ChannelOutboundHandlerAdapter.write(ChannelOutboundHandlerAdapter.java:113) [netty-transport-4.1.97.Final.jar%23106!/:4.1.97.Final]
	at TRANSFORMER/minecraft@1.21.1/net.minecraft.network.Connection$2.write(Connection.java:528) [server-1.21.1-20240808.144430-srg.jar%23228!/:?]
	at MC-BOOTSTRAP/io.netty.transport@4.1.97.Final/io.netty.channel.AbstractChannelHandlerContext.invokeWrite0(AbstractChannelHandlerContext.java:881) [netty-transport-4.1.97.Final.jar%23106!/:4.1.97.Final]
	at MC-BOOTSTRAP/io.netty.transport@4.1.97.Final/io.netty.channel.AbstractChannelHandlerContext.invokeWriteAndFlush(AbstractChannelHandlerContext.java:940) [netty-transport-4.1.97.Final.jar%23106!/:4.1.97.Final]
	at MC-BOOTSTRAP/io.netty.transport@4.1.97.Final/io.netty.channel.AbstractChannelHandlerContext.write(AbstractChannelHandlerContext.java:966) [netty-transport-4.1.97.Final.jar%23106!/:4.1.97.Final]
	at MC-BOOTSTRAP/io.netty.transport@4.1.97.Final/io.netty.channel.AbstractChannelHandlerContext.writeAndFlush(AbstractChannelHandlerContext.java:934) [netty-transport-4.1.97.Final.jar%23106!/:4.1.97.Final]
	at MC-BOOTSTRAP/io.netty.transport@4.1.97.Final/io.netty.channel.AbstractChannelHandlerContext.writeAndFlush(AbstractChannelHandlerContext.java:984) [netty-transport-4.1.97.Final.jar%23106!/:4.1.97.Final]
	at MC-BOOTSTRAP/io.netty.transport@4.1.97.Final/io.netty.channel.DefaultChannelPipeline.writeAndFlush(DefaultChannelPipeline.java:1025) [netty-transport-4.1.97.Final.jar%23106!/:4.1.97.Final]
	at MC-BOOTSTRAP/io.netty.transport@4.1.97.Final/io.netty.channel.AbstractChannel.writeAndFlush(AbstractChannel.java:306) [netty-transport-4.1.97.Final.jar%23106!/:4.1.97.Final]
	at TRANSFORMER/minecraft@1.21.1/net.minecraft.network.Connection.doSendPacket$mixinextras$wrapped$100(Connection.java:364) [server-1.21.1-20240808.144430-srg.jar%23228!/:?]
	at TRANSFORMER/minecraft@1.21.1/net.minecraft.network.Connection.mixinextras$bridge$doSendPacket$mixinextras$wrapped$100$101(Connection.java) [server-1.21.1-20240808.144430-srg.jar%23228!/:?]
	at TRANSFORMER/minecraft@1.21.1/net.minecraft.network.Connection.wrapMethod$zdg000$modernfix$checkClientPresence(Connection.java:1750) [server-1.21.1-20240808.144430-srg.jar%23228!/:?]
	at TRANSFORMER/minecraft@1.21.1/net.minecraft.network.Connection.doSendPacket(Connection.java) [server-1.21.1-20240808.144430-srg.jar%23228!/:?]
	at TRANSFORMER/minecraft@1.21.1/net.minecraft.network.Connection.sendPacket(Connection.java:357) [server-1.21.1-20240808.144430-srg.jar%23228!/:?]
	at TRANSFORMER/minecraft@1.21.1/net.minecraft.network.Connection.mixinextras$bridge$sendPacket$99(Connection.java) [server-1.21.1-20240808.144430-srg.jar%23228!/:?]
	at TRANSFORMER/minecraft@1.21.1/net.minecraft.network.Connection.connectivity$wrapSend(Connection.java:758) [server-1.21.1-20240808.144430-srg.jar%23228!/:?]
	at TRANSFORMER/minecraft@1.21.1/net.minecraft.network.Connection.wrapOperation$zza000$connectivity$logErrorFor(Connection.java:750) [server-1.21.1-20240808.144430-srg.jar%23228!/:?]
	at TRANSFORMER/minecraft@1.21.1/net.minecraft.network.Connection.send(Connection.java:339) [server-1.21.1-20240808.144430-srg.jar%23228!/:?]
	at TRANSFORMER/minecraft@1.21.1/net.minecraft.network.Connection.send(Connection.java:333) [server-1.21.1-20240808.144430-srg.jar%23228!/:?]
	at TRANSFORMER/minecraft@1.21.1/net.minecraft.network.Connection.exceptionCaught(Connection.java:168) [server-1.21.1-20240808.144430-srg.jar%23228!/:?]
	at MC-BOOTSTRAP/io.netty.transport@4.1.97.Final/io.netty.channel.AbstractChannelHandlerContext.invokeExceptionCaught(AbstractChannelHandlerContext.java:346) [netty-transport-4.1.97.Final.jar%23106!/:4.1.97.Final]
	at MC-BOOTSTRAP/io.netty.transport@4.1.97.Final/io.netty.channel.AbstractChannelHandlerContext.invokeExceptionCaught(AbstractChannelHandlerContext.java:325) [netty-transport-4.1.97.Final.jar%23106!/:4.1.97.Final]
	at MC-BOOTSTRAP/io.netty.transport@4.1.97.Final/io.netty.channel.AbstractChannelHandlerContext.fireExceptionCaught(AbstractChannelHandlerContext.java:317) [netty-transport-4.1.97.Final.jar%23106!/:4.1.97.Final]
	at TRANSFORMER/minecraft@1.21.1/net.minecraft.server.network.ServerConnectionListener$1$Anonymous$62383c554c9f4ab7a88586990b3ed2f6.exceptionCaught(ChannelHandler.java:89) [server-1.21.1-20240808.144430-srg.jar%23228!/:?]
	at MC-BOOTSTRAP/io.netty.transport@4.1.97.Final/io.netty.channel.AbstractChannelHandlerContext.invokeExceptionCaught(AbstractChannelHandlerContext.java:346) [netty-transport-4.1.97.Final.jar%23106!/:4.1.97.Final]
	at MC-BOOTSTRAP/io.netty.transport@4.1.97.Final/io.netty.channel.AbstractChannelHandlerContext.invokeExceptionCaught(AbstractChannelHandlerContext.java:325) [netty-transport-4.1.97.Final.jar%23106!/:4.1.97.Final]
	at MC-BOOTSTRAP/io.netty.transport@4.1.97.Final/io.netty.channel.AbstractChannelHandlerContext.fireExceptionCaught(AbstractChannelHandlerContext.java:317) [netty-transport-4.1.97.Final.jar%23106!/:4.1.97.Final]
	at MC-BOOTSTRAP/io.netty.transport@4.1.97.Final/io.netty.channel.DefaultChannelPipeline$HeadContext.exceptionCaught(DefaultChannelPipeline.java:1377) [netty-transport-4.1.97.Final.jar%23106!/:4.1.97.Final]
	at MC-BOOTSTRAP/io.netty.transport@4.1.97.Final/io.netty.channel.AbstractChannelHandlerContext.invokeExceptionCaught(AbstractChannelHandlerContext.java:346) [netty-transport-4.1.97.Final.jar%23106!/:4.1.97.Final]
	at MC-BOOTSTRAP/io.netty.transport@4.1.97.Final/io.netty.channel.AbstractChannelHandlerContext.invokeExceptionCaught(AbstractChannelHandlerContext.java:325) [netty-transport-4.1.97.Final.jar%23106!/:4.1.97.Final]
	at MC-BOOTSTRAP/io.netty.transport@4.1.97.Final/io.netty.channel.DefaultChannelPipeline.fireExceptionCaught(DefaultChannelPipeline.java:907) [netty-transport-4.1.97.Final.jar%23106!/:4.1.97.Final]
	at MC-BOOTSTRAP/io.netty.transport.classes.epoll@4.1.97.Final/io.netty.channel.epoll.AbstractEpollStreamChannel$EpollStreamUnsafe.handleReadException(AbstractEpollStreamChannel.java:728) [netty-transport-classes-epoll-4.1.97.Final.jar%23107!/:4.1.97.Final]
	at MC-BOOTSTRAP/io.netty.transport.classes.epoll@4.1.97.Final/io.netty.channel.epoll.AbstractEpollStreamChannel$EpollStreamUnsafe.epollInReady(AbstractEpollStreamChannel.java:826) [netty-transport-classes-epoll-4.1.97.Final.jar%23107!/:4.1.97.Final]
	at MC-BOOTSTRAP/io.netty.transport.classes.epoll@4.1.97.Final/io.netty.channel.epoll.EpollEventLoop.processReady(EpollEventLoop.java:509) [netty-transport-classes-epoll-4.1.97.Final.jar%23107!/:4.1.97.Final]
	at MC-BOOTSTRAP/io.netty.transport.classes.epoll@4.1.97.Final/io.netty.channel.epoll.EpollEventLoop.run(EpollEventLoop.java:407) [netty-transport-classes-epoll-4.1.97.Final.jar%23107!/:4.1.97.Final]
	at MC-BOOTSTRAP/io.netty.common@4.1.97.Final/io.netty.util.concurrent.SingleThreadEventExecutor$4.run(SingleThreadEventExecutor.java:997) [netty-common-4.1.97.Final.jar%23103!/:4.1.97.Final]
	at MC-BOOTSTRAP/io.netty.common@4.1.97.Final/io.netty.util.internal.ThreadExecutorMap$2.run(ThreadExecutorMap.java:74) [netty-common-4.1.97.Final.jar%23103!/:4.1.97.Final]
	at java.base/java.lang.Thread.run(Thread.java:1474) [?:?]
[30Apr2026 04:52:16.019] [Netty Epoll Server IO #14/WARN] [com.connectivity.Connectivity/]: Packet:net.minecraft.network.protocol.common.ClientboundDisconnectPacket caused an error above, printing name & data
[30Apr2026 04:52:16.024] [Netty Epoll Server IO #14/WARN] [com.connectivity.Connectivity/]: Packet data:
{
  "reason": "translation{key='disconnect.genericReason', args=[Internal Exception: io.netty.channel.unix.Errors$NativeIoException: recvAddress(..) failed: Connection reset by peer]}"
}
[30Apr2026 04:52:33.460] [Netty Epoll Server IO #3/ERROR] [net.minecraft.network.PacketEncoder/]: Error sending packet clientbound/minecraft:disconnect
io.netty.handler.codec.EncoderException: Sending unknown packet 'clientbound/minecraft:disconnect'
	at TRANSFORMER/minecraft@1.21.1/net.minecraft.network.codec.IdDispatchCodec.encode(IdDispatchCodec.java:47) ~[server-1.21.1-20240808.144430-srg.jar%23228!/:?]
	at TRANSFORMER/minecraft@1.21.1/net.minecraft.network.codec.IdDispatchCodec.encode(IdDispatchCodec.java:14) ~[server-1.21.1-20240808.144430-srg.jar%23228!/:?]
	at TRANSFORMER/minecraft@1.21.1/net.minecraft.network.PacketEncoder.encode(PacketEncoder.java:24) [server-1.21.1-20240808.144430-srg.jar%23228!/:?]
	at TRANSFORMER/minecraft@1.21.1/net.minecraft.network.PacketEncoder.encode(PacketEncoder.java:12) [server-1.21.1-20240808.144430-srg.jar%23228!/:?]
	at MC-BOOTSTRAP/io.netty.codec@4.1.97.Final/io.netty.handler.codec.MessageToByteEncoder.write(MessageToByteEncoder.java:107) [netty-codec-4.1.97.Final.jar%23102!/:4.1.97.Final]
	at MC-BOOTSTRAP/io.netty.transport@4.1.97.Final/io.netty.channel.AbstractChannelHandlerContext.invokeWrite0(AbstractChannelHandlerContext.java:881) [netty-transport-4.1.97.Final.jar%23106!/:4.1.97.Final]
	at MC-BOOTSTRAP/io.netty.transport@4.1.97.Final/io.netty.channel.AbstractChannelHandlerContext.invokeWrite(AbstractChannelHandlerContext.java:863) [netty-transport-4.1.97.Final.jar%23106!/:4.1.97.Final]
	at MC-BOOTSTRAP/io.netty.transport@4.1.97.Final/io.netty.channel.AbstractChannelHandlerContext.write(AbstractChannelHandlerContext.java:968) [netty-transport-4.1.97.Final.jar%23106!/:4.1.97.Final]
	at MC-BOOTSTRAP/io.netty.transport@4.1.97.Final/io.netty.channel.AbstractChannelHandlerContext.write(AbstractChannelHandlerContext.java:856) [netty-transport-4.1.97.Final.jar%23106!/:4.1.97.Final]
	at MC-BOOTSTRAP/io.netty.transport@4.1.97.Final/io.netty.channel.ChannelOutboundHandlerAdapter.write(ChannelOutboundHandlerAdapter.java:113) [netty-transport-4.1.97.Final.jar%23106!/:4.1.97.Final]
	at TRANSFORMER/minecraft@1.21.1/net.minecraft.network.Connection$2.write(Connection.java:528) [server-1.21.1-20240808.144430-srg.jar%23228!/:?]
	at MC-BOOTSTRAP/io.netty.transport@4.1.97.Final/io.netty.channel.AbstractChannelHandlerContext.invokeWrite0(AbstractChannelHandlerContext.java:881) [netty-transport-4.1.97.Final.jar%23106!/:4.1.97.Final]
	at MC-BOOTSTRAP/io.netty.transport@4.1.97.Final/io.netty.channel.AbstractChannelHandlerContext.invokeWriteAndFlush(AbstractChannelHandlerContext.java:940) [netty-transport-4.1.97.Final.jar%23106!/:4.1.97.Final]
	at MC-BOOTSTRAP/io.netty.transport@4.1.97.Final/io.netty.channel.AbstractChannelHandlerContext.write(AbstractChannelHandlerContext.java:966) [netty-transport-4.1.97.Final.jar%23106!/:4.1.97.Final]
	at MC-BOOTSTRAP/io.netty.transport@4.1.97.Final/io.netty.channel.AbstractChannelHandlerContext.writeAndFlush(AbstractChannelHandlerContext.java:934) [netty-transport-4.1.97.Final.jar%23106!/:4.1.97.Final]
	at MC-BOOTSTRAP/io.netty.transport@4.1.97.Final/io.netty.channel.AbstractChannelHandlerContext.writeAndFlush(AbstractChannelHandlerContext.java:984) [netty-transport-4.1.97.Final.jar%23106!/:4.1.97.Final]
	at MC-BOOTSTRAP/io.netty.transport@4.1.97.Final/io.netty.channel.DefaultChannelPipeline.writeAndFlush(DefaultChannelPipeline.java:1025) [netty-transport-4.1.97.Final.jar%23106!/:4.1.97.Final]
	at MC-BOOTSTRAP/io.netty.transport@4.1.97.Final/io.netty.channel.AbstractChannel.writeAndFlush(AbstractChannel.java:306) [netty-transport-4.1.97.Final.jar%23106!/:4.1.97.Final]
	at TRANSFORMER/minecraft@1.21.1/net.minecraft.network.Connection.doSendPacket$mixinextras$wrapped$100(Connection.java:364) [server-1.21.1-20240808.144430-srg.jar%23228!/:?]
	at TRANSFORMER/minecraft@1.21.1/net.minecraft.network.Connection.mixinextras$bridge$doSendPacket$mixinextras$wrapped$100$101(Connection.java) [server-1.21.1-20240808.144430-srg.jar%23228!/:?]
	at TRANSFORMER/minecraft@1.21.1/net.minecraft.network.Connection.wrapMethod$zdg000$modernfix$checkClientPresence(Connection.java:1750) [server-1.21.1-20240808.144430-srg.jar%23228!/:?]
	at TRANSFORMER/minecraft@1.21.1/net.minecraft.network.Connection.doSendPacket(Connection.java) [server-1.21.1-20240808.144430-srg.jar%23228!/:?]
	at TRANSFORMER/minecraft@1.21.1/net.minecraft.network.Connection.sendPacket(Connection.java:357) [server-1.21.1-20240808.144430-srg.jar%23228!/:?]
	at TRANSFORMER/minecraft@1.21.1/net.minecraft.network.Connection.mixinextras$bridge$sendPacket$99(Connection.java) [server-1.21.1-20240808.144430-srg.jar%23228!/:?]
	at TRANSFORMER/minecraft@1.21.1/net.minecraft.network.Connection.connectivity$wrapSend(Connection.java:758) [server-1.21.1-20240808.144430-srg.jar%23228!/:?]
	at TRANSFORMER/minecraft@1.21.1/net.minecraft.network.Connection.wrapOperation$zza000$connectivity$logErrorFor(Connection.java:750) [server-1.21.1-20240808.144430-srg.jar%23228!/:?]
	at TRANSFORMER/minecraft@1.21.1/net.minecraft.network.Connection.send(Connection.java:339) [server-1.21.1-20240808.144430-srg.jar%23228!/:?]
	at TRANSFORMER/minecraft@1.21.1/net.minecraft.network.Connection.send(Connection.java:333) [server-1.21.1-20240808.144430-srg.jar%23228!/:?]
	at TRANSFORMER/minecraft@1.21.1/net.minecraft.network.Connection.exceptionCaught(Connection.java:168) [server-1.21.1-20240808.144430-srg.jar%23228!/:?]
	at MC-BOOTSTRAP/io.netty.transport@4.1.97.Final/io.netty.channel.AbstractChannelHandlerContext.invokeExceptionCaught(AbstractChannelHandlerContext.java:346) [netty-transport-4.1.97.Final.jar%23106!/:4.1.97.Final]
	at MC-BOOTSTRAP/io.netty.transport@4.1.97.Final/io.netty.channel.AbstractChannelHandlerContext.invokeExceptionCaught(AbstractChannelHandlerContext.java:325) [netty-transport-4.1.97.Final.jar%23106!/:4.1.97.Final]
	at MC-BOOTSTRAP/io.netty.transport@4.1.97.Final/io.netty.channel.AbstractChannelHandlerContext.fireExceptionCaught(AbstractChannelHandlerContext.java:317) [netty-transport-4.1.97.Final.jar%23106!/:4.1.97.Final]
	at TRANSFORMER/minecraft@1.21.1/net.minecraft.server.network.ServerConnectionListener$1$Anonymous$62383c554c9f4ab7a88586990b3ed2f6.exceptionCaught(ChannelHandler.java:89) [server-1.21.1-20240808.144430-srg.jar%23228!/:?]
	at MC-BOOTSTRAP/io.netty.transport@4.1.97.Final/io.netty.channel.AbstractChannelHandlerContext.invokeExceptionCaught(AbstractChannelHandlerContext.java:346) [netty-transport-4.1.97.Final.jar%23106!/:4.1.97.Final]
	at MC-BOOTSTRAP/io.netty.transport@4.1.97.Final/io.netty.channel.AbstractChannelHandlerContext.invokeExceptionCaught(AbstractChannelHandlerContext.java:325) [netty-transport-4.1.97.Final.jar%23106!/:4.1.97.Final]
	at MC-BOOTSTRAP/io.netty.transport@4.1.97.Final/io.netty.channel.AbstractChannelHandlerContext.fireExceptionCaught(AbstractChannelHandlerContext.java:317) [netty-transport-4.1.97.Final.jar%23106!/:4.1.97.Final]
	at MC-BOOTSTRAP/io.netty.transport@4.1.97.Final/io.netty.channel.DefaultChannelPipeline$HeadContext.exceptionCaught(DefaultChannelPipeline.java:1377) [netty-transport-4.1.97.Final.jar%23106!/:4.1.97.Final]
	at MC-BOOTSTRAP/io.netty.transport@4.1.97.Final/io.netty.channel.AbstractChannelHandlerContext.invokeExceptionCaught(AbstractChannelHandlerContext.java:346) [netty-transport-4.1.97.Final.jar%23106!/:4.1.97.Final]
	at MC-BOOTSTRAP/io.netty.transport@4.1.97.Final/io.netty.channel.AbstractChannelHandlerContext.invokeExceptionCaught(AbstractChannelHandlerContext.java:325) [netty-transport-4.1.97.Final.jar%23106!/:4.1.97.Final]
	at MC-BOOTSTRAP/io.netty.transport@4.1.97.Final/io.netty.channel.DefaultChannelPipeline.fireExceptionCaught(DefaultChannelPipeline.java:907) [netty-transport-4.1.97.Final.jar%23106!/:4.1.97.Final]
	at MC-BOOTSTRAP/io.netty.transport.classes.epoll@4.1.97.Final/io.netty.channel.epoll.AbstractEpollStreamChannel$EpollStreamUnsafe.handleReadException(AbstractEpollStreamChannel.java:728) [netty-transport-classes-epoll-4.1.97.Final.jar%23107!/:4.1.97.Final]
	at MC-BOOTSTRAP/io.netty.transport.classes.epoll@4.1.97.Final/io.netty.channel.epoll.AbstractEpollStreamChannel$EpollStreamUnsafe.epollInReady(AbstractEpollStreamChannel.java:826) [netty-transport-classes-epoll-4.1.97.Final.jar%23107!/:4.1.97.Final]
	at MC-BOOTSTRAP/io.netty.transport.classes.epoll@4.1.97.Final/io.netty.channel.epoll.EpollEventLoop.processReady(EpollEventLoop.java:509) [netty-transport-classes-epoll-4.1.97.Final.jar%23107!/:4.1.97.Final]
	at MC-BOOTSTRAP/io.netty.transport.classes.epoll@4.1.97.Final/io.netty.channel.epoll.EpollEventLoop.run(EpollEventLoop.java:407) [netty-transport-classes-epoll-4.1.97.Final.jar%23107!/:4.1.97.Final]
	at MC-BOOTSTRAP/io.netty.common@4.1.97.Final/io.netty.util.concurrent.SingleThreadEventExecutor$4.run(SingleThreadEventExecutor.java:997) [netty-common-4.1.97.Final.jar%23103!/:4.1.97.Final]
	at MC-BOOTSTRAP/io.netty.common@4.1.97.Final/io.netty.util.internal.ThreadExecutorMap$2.run(ThreadExecutorMap.java:74) [netty-common-4.1.97.Final.jar%23103!/:4.1.97.Final]
	at java.base/java.lang.Thread.run(Thread.java:1474) [?:?]
[30Apr2026 04:52:33.463] [Netty Epoll Server IO #3/WARN] [com.connectivity.Connectivity/]: Packet:net.minecraft.network.protocol.common.ClientboundDisconnectPacket caused an error above, printing name & data
[30Apr2026 04:52:33.464] [Netty Epoll Server IO #3/WARN] [com.connectivity.Connectivity/]: Packet data:
{
  "reason": "translation{key='disconnect.genericReason', args=[Internal Exception: io.netty.channel.unix.Errors$NativeIoException: recvAddress(..) failed: Connection reset by peer]}"
}
[30Apr2026 04:53:06.492] [Server thread/INFO] [net.minecraft.server.network.ServerLoginPacketListenerImpl/]: THewatchEr49578 (/185.242.3.173:47482) lost connection: Disconnected
[30Apr2026 04:57:00.143] [Server thread/INFO] [dev.ryanhcode.sable.Sable/]: Saving sub-levels for level 'ServerLevel[world]'/minecraft:overworld
[30Apr2026 04:57:00.146] [Server thread/INFO] [dev.ryanhcode.sable.Sable/]: Saving sub-levels for level 'ServerLevel[world]'/minecraft:the_nether
[30Apr2026 04:57:00.147] [Server thread/INFO] [dev.ryanhcode.sable.Sable/]: Saving sub-levels for level 'ServerLevel[world]'/minecraft:the_end
[30Apr2026 04:57:00.154] [Server thread/INFO] [Chunk Activity Tracker/]: Saving data for 110 chunks for dimension 'the_nether' took 1 milliseconds
[30Apr2026 04:57:00.161] [Server thread/INFO] [Chunk Activity Tracker/]: Saving data for 2843 chunks for dimension 'overworld' took 7 milliseconds
[30Apr2026 04:57:09.492] [Server thread/INFO] [AllTheLeaks/]: Listing events...
[30Apr2026 04:57:09.493] [Server thread/INFO] [AllTheLeaks/]: Server Player Clone: 2
[30Apr2026 04:57:09.493] [Server thread/INFO] [AllTheLeaks/]: Server Player Logout: 7
[30Apr2026 04:57:09.493] [Server thread/INFO] [AllTheLeaks/]: Listing memory leaks so far...
[30Apr2026 04:57:09.493] [Server thread/INFO] [AllTheLeaks/]: B: 1289MB / C: 1438MB / Diff: +149MB
[30Apr2026 04:57:09.493] [Server thread/INFO] [AllTheLeaks/]: Memory Leaks detected: (/atl force_refresh to update)
[30Apr2026 04:57:09.494] [Server thread/INFO] [AllTheLeaks/]: | ChunkAccess:
[30Apr2026 04:57:09.494] [Server thread/INFO] [AllTheLeaks/]: |- LevelChunk (minecraft): 1054
[30Apr2026 04:57:09.494] [Server thread/INFO] [AllTheLeaks/]: | Player:
[30Apr2026 04:57:09.494] [Server thread/INFO] [AllTheLeaks/]: |- ServerPlayer (minecraft): 9
[30Apr2026 05:01:01.542] [Server thread/INFO] [net.minecraft.server.network.ServerLoginPacketListenerImpl/]: THewatchEr49578 (/185.242.3.173:39232) lost connection: Disconnected
[30Apr2026 05:02:00.142] [Server thread/INFO] [dev.ryanhcode.sable.Sable/]: Saving sub-levels for level 'ServerLevel[world]'/minecraft:overworld
[30Apr2026 05:02:00.146] [Server thread/INFO] [dev.ryanhcode.sable.Sable/]: Saving sub-levels for level 'ServerLevel[world]'/minecraft:the_nether
[30Apr2026 05:02:00.146] [Server thread/INFO] [dev.ryanhcode.sable.Sable/]: Saving sub-levels for level 'ServerLevel[world]'/minecraft:the_end
[30Apr2026 05:02:00.153] [Server thread/INFO] [Chunk Activity Tracker/]: Saving data for 110 chunks for dimension 'the_nether' took 1 milliseconds
[30Apr2026 05:02:00.161] [Server thread/INFO] [Chunk Activity Tracker/]: Saving data for 2843 chunks for dimension 'overworld' took 8 milliseconds
[30Apr2026 05:07:00.142] [Server thread/INFO] [dev.ryanhcode.sable.Sable/]: Saving sub-levels for level 'ServerLevel[world]'/minecraft:overworld
[30Apr2026 05:07:00.146] [Server thread/INFO] [dev.ryanhcode.sable.Sable/]: Saving sub-levels for level 'ServerLevel[world]'/minecraft:the_nether
[30Apr2026 05:07:00.146] [Server thread/INFO] [dev.ryanhcode.sable.Sable/]: Saving sub-levels for level 'ServerLevel[world]'/minecraft:the_end
[30Apr2026 05:07:00.155] [Server thread/INFO] [Chunk Activity Tracker/]: Saving data for 110 chunks for dimension 'the_nether' took 2 milliseconds
[30Apr2026 05:07:00.163] [Server thread/INFO] [Chunk Activity Tracker/]: Saving data for 2843 chunks for dimension 'overworld' took 8 milliseconds
[30Apr2026 05:07:09.542] [Server thread/INFO] [AllTheLeaks/]: Listing events...
[30Apr2026 05:07:09.543] [Server thread/INFO] [AllTheLeaks/]: Server Player Clone: 2
[30Apr2026 05:07:09.543] [Server thread/INFO] [AllTheLeaks/]: Server Player Logout: 7
[30Apr2026 05:07:09.543] [Server thread/INFO] [AllTheLeaks/]: Listing memory leaks so far...
[30Apr2026 05:07:09.543] [Server thread/INFO] [AllTheLeaks/]: B: 1289MB / C: 1438MB / Diff: +149MB
[30Apr2026 05:07:09.544] [Server thread/INFO] [AllTheLeaks/]: Memory Leaks detected: (/atl force_refresh to update)
[30Apr2026 05:07:09.544] [Server thread/INFO] [AllTheLeaks/]: | ChunkAccess:
[30Apr2026 05:07:09.544] [Server thread/INFO] [AllTheLeaks/]: |- LevelChunk (minecraft): 1054
[30Apr2026 05:07:09.544] [Server thread/INFO] [AllTheLeaks/]: | Player:
[30Apr2026 05:07:09.544] [Server thread/INFO] [AllTheLeaks/]: |- ServerPlayer (minecraft): 9
[30Apr2026 05:09:01.642] [Server thread/INFO] [net.minecraft.server.network.ServerLoginPacketListenerImpl/]: THewatchEr49578 (/185.242.3.173:56260) lost connection: Disconnected
[30Apr2026 05:12:00.142] [Server thread/INFO] [dev.ryanhcode.sable.Sable/]: Saving sub-levels for level 'ServerLevel[world]'/minecraft:overworld
[30Apr2026 05:12:00.146] [Server thread/INFO] [dev.ryanhcode.sable.Sable/]: Saving sub-levels for level 'ServerLevel[world]'/minecraft:the_nether
[30Apr2026 05:12:00.147] [Server thread/INFO] [dev.ryanhcode.sable.Sable/]: Saving sub-levels for level 'ServerLevel[world]'/minecraft:the_end
[30Apr2026 05:12:00.154] [Server thread/INFO] [Chunk Activity Tracker/]: Saving data for 110 chunks for dimension 'the_nether' took 1 milliseconds
[30Apr2026 05:12:00.162] [Server thread/INFO] [Chunk Activity Tracker/]: Saving data for 2843 chunks for dimension 'overworld' took 8 milliseconds
[30Apr2026 05:17:00.142] [Server thread/INFO] [dev.ryanhcode.sable.Sable/]: Saving sub-levels for level 'ServerLevel[world]'/minecraft:overworld
[30Apr2026 05:17:00.146] [Server thread/INFO] [dev.ryanhcode.sable.Sable/]: Saving sub-levels for level 'ServerLevel[world]'/minecraft:the_nether
[30Apr2026 05:17:00.146] [Server thread/INFO] [dev.ryanhcode.sable.Sable/]: Saving sub-levels for level 'ServerLevel[world]'/minecraft:the_end
[30Apr2026 05:17:00.153] [Server thread/INFO] [Chunk Activity Tracker/]: Saving data for 110 chunks for dimension 'the_nether' took 1 milliseconds
[30Apr2026 05:17:00.161] [Server thread/INFO] [Chunk Activity Tracker/]: Saving data for 2843 chunks for dimension 'overworld' took 7 milliseconds
[30Apr2026 05:17:09.192] [Server thread/INFO] [net.minecraft.server.network.ServerLoginPacketListenerImpl/]: THewatchEr49578 (/185.242.3.173:40382) lost connection: Disconnected
[30Apr2026 05:17:09.592] [Server thread/INFO] [AllTheLeaks/]: Listing events...
[30Apr2026 05:17:09.593] [Server thread/INFO] [AllTheLeaks/]: Server Player Clone: 2
[30Apr2026 05:17:09.593] [Server thread/INFO] [AllTheLeaks/]: Server Player Logout: 7
[30Apr2026 05:17:09.593] [Server thread/INFO] [AllTheLeaks/]: Listing memory leaks so far...
[30Apr2026 05:17:09.593] [Server thread/INFO] [AllTheLeaks/]: B: 1289MB / C: 1438MB / Diff: +149MB
[30Apr2026 05:17:09.594] [Server thread/INFO] [AllTheLeaks/]: Memory Leaks detected: (/atl force_refresh to update)
[30Apr2026 05:17:09.594] [Server thread/INFO] [AllTheLeaks/]: | ChunkAccess:
[30Apr2026 05:17:09.594] [Server thread/INFO] [AllTheLeaks/]: |- LevelChunk (minecraft): 1054
[30Apr2026 05:17:09.594] [Server thread/INFO] [AllTheLeaks/]: | Player:
[30Apr2026 05:17:09.594] [Server thread/INFO] [AllTheLeaks/]: |- ServerPlayer (minecraft): 9
[30Apr2026 05:22:00.142] [Server thread/INFO] [dev.ryanhcode.sable.Sable/]: Saving sub-levels for level 'ServerLevel[world]'/minecraft:overworld
[30Apr2026 05:22:00.146] [Server thread/INFO] [dev.ryanhcode.sable.Sable/]: Saving sub-levels for level 'ServerLevel[world]'/minecraft:the_nether
[30Apr2026 05:22:00.147] [Server thread/INFO] [dev.ryanhcode.sable.Sable/]: Saving sub-levels for level 'ServerLevel[world]'/minecraft:the_end
[30Apr2026 05:22:00.154] [Server thread/INFO] [Chunk Activity Tracker/]: Saving data for 110 chunks for dimension 'the_nether' took 1 milliseconds
[30Apr2026 05:22:00.163] [Server thread/INFO] [Chunk Activity Tracker/]: Saving data for 2843 chunks for dimension 'overworld' took 9 milliseconds
[30Apr2026 05:25:08.643] [Server thread/INFO] [net.minecraft.server.network.ServerLoginPacketListenerImpl/]: THewatchEr49578 (/185.242.3.173:52892) lost connection: Disconnected
[30Apr2026 05:27:00.142] [Server thread/INFO] [dev.ryanhcode.sable.Sable/]: Saving sub-levels for level 'ServerLevel[world]'/minecraft:overworld
[30Apr2026 05:27:00.146] [Server thread/INFO] [dev.ryanhcode.sable.Sable/]: Saving sub-levels for level 'ServerLevel[world]'/minecraft:the_nether
[30Apr2026 05:27:00.146] [Server thread/INFO] [dev.ryanhcode.sable.Sable/]: Saving sub-levels for level 'ServerLevel[world]'/minecraft:the_end
[30Apr2026 05:27:00.153] [Server thread/INFO] [Chunk Activity Tracker/]: Saving data for 110 chunks for dimension 'the_nether' took 1 milliseconds
[30Apr2026 05:27:00.161] [Server thread/INFO] [Chunk Activity Tracker/]: Saving data for 2843 chunks for dimension 'overworld' took 8 milliseconds
[30Apr2026 05:27:09.642] [Server thread/INFO] [AllTheLeaks/]: Listing events...
[30Apr2026 05:27:09.643] [Server thread/INFO] [AllTheLeaks/]: Server Player Clone: 2
[30Apr2026 05:27:09.643] [Server thread/INFO] [AllTheLeaks/]: Server Player Logout: 7
[30Apr2026 05:27:09.643] [Server thread/INFO] [AllTheLeaks/]: Listing memory leaks so far...
[30Apr2026 05:27:09.643] [Server thread/INFO] [AllTheLeaks/]: B: 1289MB / C: 1439MB / Diff: +150MB
[30Apr2026 05:27:09.644] [Server thread/INFO] [AllTheLeaks/]: Memory Leaks detected: (/atl force_refresh to update)
[30Apr2026 05:27:09.644] [Server thread/INFO] [AllTheLeaks/]: | ChunkAccess:
[30Apr2026 05:27:09.644] [Server thread/INFO] [AllTheLeaks/]: |- LevelChunk (minecraft): 1054
[30Apr2026 05:27:09.644] [Server thread/INFO] [AllTheLeaks/]: | Player:
[30Apr2026 05:27:09.644] [Server thread/INFO] [AllTheLeaks/]: |- ServerPlayer (minecraft): 9
[30Apr2026 05:32:00.142] [Server thread/INFO] [dev.ryanhcode.sable.Sable/]: Saving sub-levels for level 'ServerLevel[world]'/minecraft:overworld
[30Apr2026 05:32:00.146] [Server thread/INFO] [dev.ryanhcode.sable.Sable/]: Saving sub-levels for level 'ServerLevel[world]'/minecraft:the_nether
[30Apr2026 05:32:00.147] [Server thread/INFO] [dev.ryanhcode.sable.Sable/]: Saving sub-levels for level 'ServerLevel[world]'/minecraft:the_end
[30Apr2026 05:32:00.154] [Server thread/INFO] [Chunk Activity Tracker/]: Saving data for 110 chunks for dimension 'the_nether' took 1 milliseconds
[30Apr2026 05:32:00.161] [Server thread/INFO] [Chunk Activity Tracker/]: Saving data for 2843 chunks for dimension 'overworld' took 7 milliseconds
[30Apr2026 05:33:04.692] [Server thread/INFO] [net.minecraft.server.network.ServerLoginPacketListenerImpl/]: THewatchEr49578 (/185.242.3.173:36174) lost connection: Disconnected
[30Apr2026 05:37:00.142] [Server thread/INFO] [dev.ryanhcode.sable.Sable/]: Saving sub-levels for level 'ServerLevel[world]'/minecraft:overworld
[30Apr2026 05:37:00.148] [Server thread/INFO] [dev.ryanhcode.sable.Sable/]: Saving sub-levels for level 'ServerLevel[world]'/minecraft:the_nether
[30Apr2026 05:37:00.149] [Server thread/INFO] [dev.ryanhcode.sable.Sable/]: Saving sub-levels for level 'ServerLevel[world]'/minecraft:the_end
[30Apr2026 05:37:00.156] [Server thread/INFO] [Chunk Activity Tracker/]: Saving data for 110 chunks for dimension 'the_nether' took 1 milliseconds
[30Apr2026 05:37:00.163] [Server thread/INFO] [Chunk Activity Tracker/]: Saving data for 2843 chunks for dimension 'overworld' took 7 milliseconds
[30Apr2026 05:37:09.692] [Server thread/INFO] [AllTheLeaks/]: Listing events...
[30Apr2026 05:37:09.693] [Server thread/INFO] [AllTheLeaks/]: Server Player Clone: 2
[30Apr2026 05:37:09.693] [Server thread/INFO] [AllTheLeaks/]: Server Player Logout: 7
[30Apr2026 05:37:09.693] [Server thread/INFO] [AllTheLeaks/]: Listing memory leaks so far...
[30Apr2026 05:37:09.694] [Server thread/INFO] [AllTheLeaks/]: B: 1289MB / C: 1439MB / Diff: +150MB
[30Apr2026 05:37:09.694] [Server thread/INFO] [AllTheLeaks/]: Memory Leaks detected: (/atl force_refresh to update)
[30Apr2026 05:37:09.694] [Server thread/INFO] [AllTheLeaks/]: | ChunkAccess:
[30Apr2026 05:37:09.694] [Server thread/INFO] [AllTheLeaks/]: |- LevelChunk (minecraft): 1054
[30Apr2026 05:37:09.694] [Server thread/INFO] [AllTheLeaks/]: | Player:
[30Apr2026 05:37:09.694] [Server thread/INFO] [AllTheLeaks/]: |- ServerPlayer (minecraft): 9
[30Apr2026 05:41:01.692] [Server thread/INFO] [net.minecraft.server.network.ServerLoginPacketListenerImpl/]: THewatchEr49578 (/185.242.3.173:37918) lost connection: Disconnected
[30Apr2026 05:42:00.142] [Server thread/INFO] [dev.ryanhcode.sable.Sable/]: Saving sub-levels for level 'ServerLevel[world]'/minecraft:overworld
[30Apr2026 05:42:00.146] [Server thread/INFO] [dev.ryanhcode.sable.Sable/]: Saving sub-levels for level 'ServerLevel[world]'/minecraft:the_nether
[30Apr2026 05:42:00.146] [Server thread/INFO] [dev.ryanhcode.sable.Sable/]: Saving sub-levels for level 'ServerLevel[world]'/minecraft:the_end
[30Apr2026 05:42:00.155] [Server thread/INFO] [Chunk Activity Tracker/]: Saving data for 110 chunks for dimension 'the_nether' took 1 milliseconds
[30Apr2026 05:42:00.163] [Server thread/INFO] [Chunk Activity Tracker/]: Saving data for 2843 chunks for dimension 'overworld' took 8 milliseconds
[30Apr2026 05:47:00.146] [Server thread/INFO] [dev.ryanhcode.sable.Sable/]: Saving sub-levels for level 'ServerLevel[world]'/minecraft:overworld
[30Apr2026 05:47:00.151] [Server thread/INFO] [dev.ryanhcode.sable.Sable/]: Saving sub-levels for level 'ServerLevel[world]'/minecraft:the_nether
[30Apr2026 05:47:00.152] [Server thread/INFO] [dev.ryanhcode.sable.Sable/]: Saving sub-levels for level 'ServerLevel[world]'/minecraft:the_end
[30Apr2026 05:47:00.158] [Server thread/INFO] [Chunk Activity Tracker/]: Saving data for 110 chunks for dimension 'the_nether' took 1 milliseconds
[30Apr2026 05:47:00.166] [Server thread/INFO] [Chunk Activity Tracker/]: Saving data for 2843 chunks for dimension 'overworld' took 7 milliseconds
[30Apr2026 05:47:09.742] [Server thread/INFO] [AllTheLeaks/]: Listing events...
[30Apr2026 05:47:09.743] [Server thread/INFO] [AllTheLeaks/]: Server Player Clone: 2
[30Apr2026 05:47:09.743] [Server thread/INFO] [AllTheLeaks/]: Server Player Logout: 7
[30Apr2026 05:47:09.743] [Server thread/INFO] [AllTheLeaks/]: Listing memory leaks so far...
[30Apr2026 05:47:09.743] [Server thread/INFO] [AllTheLeaks/]: B: 1289MB / C: 1439MB / Diff: +150MB
[30Apr2026 05:47:09.744] [Server thread/INFO] [AllTheLeaks/]: Memory Leaks detected: (/atl force_refresh to update)
[30Apr2026 05:47:09.744] [Server thread/INFO] [AllTheLeaks/]: | ChunkAccess:
[30Apr2026 05:47:09.744] [Server thread/INFO] [AllTheLeaks/]: |- LevelChunk (minecraft): 1054
[30Apr2026 05:47:09.744] [Server thread/INFO] [AllTheLeaks/]: | Player:
[30Apr2026 05:47:09.744] [Server thread/INFO] [AllTheLeaks/]: |- ServerPlayer (minecraft): 9
[30Apr2026 05:48:50.442] [Server thread/INFO] [net.minecraft.server.network.ServerLoginPacketListenerImpl/]: THewatchEr49578 (/185.242.3.173:49484) lost connection: Disconnected
[30Apr2026 05:52:00.142] [Server thread/INFO] [dev.ryanhcode.sable.Sable/]: Saving sub-levels for level 'ServerLevel[world]'/minecraft:overworld
[30Apr2026 05:52:00.146] [Server thread/INFO] [dev.ryanhcode.sable.Sable/]: Saving sub-levels for level 'ServerLevel[world]'/minecraft:the_nether
[30Apr2026 05:52:00.147] [Server thread/INFO] [dev.ryanhcode.sable.Sable/]: Saving sub-levels for level 'ServerLevel[world]'/minecraft:the_end
[30Apr2026 05:52:00.154] [Server thread/INFO] [Chunk Activity Tracker/]: Saving data for 110 chunks for dimension 'the_nether' took 1 milliseconds
[30Apr2026 05:52:00.162] [Server thread/INFO] [Chunk Activity Tracker/]: Saving data for 2843 chunks for dimension 'overworld' took 8 milliseconds
[30Apr2026 05:56:45.992] [Server thread/INFO] [net.minecraft.server.network.ServerLoginPacketListenerImpl/]: THewatchEr49578 (/185.242.3.173:33818) lost connection: Disconnected
[30Apr2026 05:57:00.142] [Server thread/INFO] [dev.ryanhcode.sable.Sable/]: Saving sub-levels for level 'ServerLevel[world]'/minecraft:overworld
[30Apr2026 05:57:00.146] [Server thread/INFO] [dev.ryanhcode.sable.Sable/]: Saving sub-levels for level 'ServerLevel[world]'/minecraft:the_nether
[30Apr2026 05:57:00.146] [Server thread/INFO] [dev.ryanhcode.sable.Sable/]: Saving sub-levels for level 'ServerLevel[world]'/minecraft:the_end
[30Apr2026 05:57:00.153] [Server thread/INFO] [Chunk Activity Tracker/]: Saving data for 110 chunks for dimension 'the_nether' took 1 milliseconds
[30Apr2026 05:57:00.161] [Server thread/INFO] [Chunk Activity Tracker/]: Saving data for 2843 chunks for dimension 'overworld' took 7 milliseconds
[30Apr2026 05:57:09.792] [Server thread/INFO] [AllTheLeaks/]: Listing events...
[30Apr2026 05:57:09.793] [Server thread/INFO] [AllTheLeaks/]: Server Player Clone: 2
[30Apr2026 05:57:09.793] [Server thread/INFO] [AllTheLeaks/]: Server Player Logout: 7
[30Apr2026 05:57:09.793] [Server thread/INFO] [AllTheLeaks/]: Listing memory leaks so far...
[30Apr2026 05:57:09.793] [Server thread/INFO] [AllTheLeaks/]: B: 1289MB / C: 1439MB / Diff: +150MB
[30Apr2026 05:57:09.794] [Server thread/INFO] [AllTheLeaks/]: Memory Leaks detected: (/atl force_refresh to update)
[30Apr2026 05:57:09.794] [Server thread/INFO] [AllTheLeaks/]: | ChunkAccess:
[30Apr2026 05:57:09.794] [Server thread/INFO] [AllTheLeaks/]: |- LevelChunk (minecraft): 1054
[30Apr2026 05:57:09.794] [Server thread/INFO] [AllTheLeaks/]: | Player:
[30Apr2026 05:57:09.794] [Server thread/INFO] [AllTheLeaks/]: |- ServerPlayer (minecraft): 9
[30Apr2026 06:02:00.142] [Server thread/INFO] [dev.ryanhcode.sable.Sable/]: Saving sub-levels for level 'ServerLevel[world]'/minecraft:overworld
[30Apr2026 06:02:00.146] [Server thread/INFO] [dev.ryanhcode.sable.Sable/]: Saving sub-levels for level 'ServerLevel[world]'/minecraft:the_nether
[30Apr2026 06:02:00.147] [Server thread/INFO] [dev.ryanhcode.sable.Sable/]: Saving sub-levels for level 'ServerLevel[world]'/minecraft:the_end
[30Apr2026 06:02:00.153] [Server thread/INFO] [Chunk Activity Tracker/]: Saving data for 110 chunks for dimension 'the_nether' took 1 milliseconds
[30Apr2026 06:02:00.161] [Server thread/INFO] [Chunk Activity Tracker/]: Saving data for 2843 chunks for dimension 'overworld' took 8 milliseconds
[30Apr2026 06:04:44.192] [Server thread/INFO] [net.minecraft.server.network.ServerLoginPacketListenerImpl/]: THewatchEr49578 (/185.242.3.173:45232) lost connection: Disconnected
[30Apr2026 06:07:00.142] [Server thread/INFO] [dev.ryanhcode.sable.Sable/]: Saving sub-levels for level 'ServerLevel[world]'/minecraft:overworld
[30Apr2026 06:07:00.146] [Server thread/INFO] [dev.ryanhcode.sable.Sable/]: Saving sub-levels for level 'ServerLevel[world]'/minecraft:the_nether
[30Apr2026 06:07:00.146] [Server thread/INFO] [dev.ryanhcode.sable.Sable/]: Saving sub-levels for level 'ServerLevel[world]'/minecraft:the_end
[30Apr2026 06:07:00.154] [Server thread/INFO] [Chunk Activity Tracker/]: Saving data for 110 chunks for dimension 'the_nether' took 1 milliseconds
[30Apr2026 06:07:00.162] [Server thread/INFO] [Chunk Activity Tracker/]: Saving data for 2843 chunks for dimension 'overworld' took 8 milliseconds
[30Apr2026 06:07:09.842] [Server thread/INFO] [AllTheLeaks/]: Listing events...
[30Apr2026 06:07:09.843] [Server thread/INFO] [AllTheLeaks/]: Server Player Clone: 2
[30Apr2026 06:07:09.843] [Server thread/INFO] [AllTheLeaks/]: Server Player Logout: 7
[30Apr2026 06:07:09.843] [Server thread/INFO] [AllTheLeaks/]: Listing memory leaks so far...
[30Apr2026 06:07:09.844] [Server thread/INFO] [AllTheLeaks/]: B: 1289MB / C: 1439MB / Diff: +150MB
[30Apr2026 06:07:09.844] [Server thread/INFO] [AllTheLeaks/]: Memory Leaks detected: (/atl force_refresh to update)
[30Apr2026 06:07:09.844] [Server thread/INFO] [AllTheLeaks/]: | ChunkAccess:
[30Apr2026 06:07:09.844] [Server thread/INFO] [AllTheLeaks/]: |- LevelChunk (minecraft): 1054
[30Apr2026 06:07:09.844] [Server thread/INFO] [AllTheLeaks/]: | Player:
[30Apr2026 06:07:09.844] [Server thread/INFO] [AllTheLeaks/]: |- ServerPlayer (minecraft): 9
[30Apr2026 06:12:00.142] [Server thread/INFO] [dev.ryanhcode.sable.Sable/]: Saving sub-levels for level 'ServerLevel[world]'/minecraft:overworld
[30Apr2026 06:12:00.146] [Server thread/INFO] [dev.ryanhcode.sable.Sable/]: Saving sub-levels for level 'ServerLevel[world]'/minecraft:the_nether
[30Apr2026 06:12:00.147] [Server thread/INFO] [dev.ryanhcode.sable.Sable/]: Saving sub-levels for level 'ServerLevel[world]'/minecraft:the_end
[30Apr2026 06:12:00.154] [Server thread/INFO] [Chunk Activity Tracker/]: Saving data for 110 chunks for dimension 'the_nether' took 1 milliseconds
[30Apr2026 06:12:00.162] [Server thread/INFO] [Chunk Activity Tracker/]: Saving data for 2843 chunks for dimension 'overworld' took 7 milliseconds
[30Apr2026 06:12:44.892] [Server thread/INFO] [net.minecraft.server.network.ServerLoginPacketListenerImpl/]: THewatchEr49578 (/185.242.3.173:50060) lost connection: Disconnected
[30Apr2026 06:17:00.142] [Server thread/INFO] [dev.ryanhcode.sable.Sable/]: Saving sub-levels for level 'ServerLevel[world]'/minecraft:overworld
[30Apr2026 06:17:00.147] [Server thread/INFO] [dev.ryanhcode.sable.Sable/]: Saving sub-levels for level 'ServerLevel[world]'/minecraft:the_nether
[30Apr2026 06:17:00.147] [Server thread/INFO] [dev.ryanhcode.sable.Sable/]: Saving sub-levels for level 'ServerLevel[world]'/minecraft:the_end
[30Apr2026 06:17:00.154] [Server thread/INFO] [Chunk Activity Tracker/]: Saving data for 110 chunks for dimension 'the_nether' took 1 milliseconds
[30Apr2026 06:17:00.162] [Server thread/INFO] [Chunk Activity Tracker/]: Saving data for 2843 chunks for dimension 'overworld' took 8 milliseconds
[30Apr2026 06:17:09.893] [Server thread/INFO] [AllTheLeaks/]: Listing events...
[30Apr2026 06:17:09.893] [Server thread/INFO] [AllTheLeaks/]: Server Player Clone: 2
[30Apr2026 06:17:09.893] [Server thread/INFO] [AllTheLeaks/]: Server Player Logout: 7
[30Apr2026 06:17:09.893] [Server thread/INFO] [AllTheLeaks/]: Listing memory leaks so far...
[30Apr2026 06:17:09.894] [Server thread/INFO] [AllTheLeaks/]: B: 1289MB / C: 1439MB / Diff: +150MB
[30Apr2026 06:17:09.894] [Server thread/INFO] [AllTheLeaks/]: Memory Leaks detected: (/atl force_refresh to update)
[30Apr2026 06:17:09.894] [Server thread/INFO] [AllTheLeaks/]: | ChunkAccess:
[30Apr2026 06:17:09.894] [Server thread/INFO] [AllTheLeaks/]: |- LevelChunk (minecraft): 1054
[30Apr2026 06:17:09.894] [Server thread/INFO] [AllTheLeaks/]: | Player:
[30Apr2026 06:17:09.895] [Server thread/INFO] [AllTheLeaks/]: |- ServerPlayer (minecraft): 9
[30Apr2026 06:21:10.942] [Server thread/INFO] [net.minecraft.server.network.ServerLoginPacketListenerImpl/]: THewatchEr49578 (/185.242.3.173:44472) lost connection: Disconnected
[30Apr2026 06:22:00.142] [Server thread/INFO] [dev.ryanhcode.sable.Sable/]: Saving sub-levels for level 'ServerLevel[world]'/minecraft:overworld
[30Apr2026 06:22:00.146] [Server thread/INFO] [dev.ryanhcode.sable.Sable/]: Saving sub-levels for level 'ServerLevel[world]'/minecraft:the_nether
[30Apr2026 06:22:00.146] [Server thread/INFO] [dev.ryanhcode.sable.Sable/]: Saving sub-levels for level 'ServerLevel[world]'/minecraft:the_end
[30Apr2026 06:22:00.156] [Server thread/INFO] [Chunk Activity Tracker/]: Saving data for 110 chunks for dimension 'the_nether' took 4 milliseconds
[30Apr2026 06:22:00.165] [Server thread/INFO] [Chunk Activity Tracker/]: Saving data for 2843 chunks for dimension 'overworld' took 9 milliseconds
[30Apr2026 06:27:00.142] [Server thread/INFO] [dev.ryanhcode.sable.Sable/]: Saving sub-levels for level 'ServerLevel[world]'/minecraft:overworld
[30Apr2026 06:27:00.146] [Server thread/INFO] [dev.ryanhcode.sable.Sable/]: Saving sub-levels for level 'ServerLevel[world]'/minecraft:the_nether
[30Apr2026 06:27:00.146] [Server thread/INFO] [dev.ryanhcode.sable.Sable/]: Saving sub-levels for level 'ServerLevel[world]'/minecraft:the_end
[30Apr2026 06:27:00.154] [Server thread/INFO] [Chunk Activity Tracker/]: Saving data for 110 chunks for dimension 'the_nether' took 1 milliseconds
[30Apr2026 06:27:00.161] [Server thread/INFO] [Chunk Activity Tracker/]: Saving data for 2843 chunks for dimension 'overworld' took 7 milliseconds
[30Apr2026 06:27:09.942] [Server thread/INFO] [AllTheLeaks/]: Listing events...
[30Apr2026 06:27:09.943] [Server thread/INFO] [AllTheLeaks/]: Server Player Clone: 2
[30Apr2026 06:27:09.943] [Server thread/INFO] [AllTheLeaks/]: Server Player Logout: 7
[30Apr2026 06:27:09.943] [Server thread/INFO] [AllTheLeaks/]: Listing memory leaks so far...
[30Apr2026 06:27:09.943] [Server thread/INFO] [AllTheLeaks/]: B: 1289MB / C: 1419MB / Diff: +130MB
[30Apr2026 06:27:09.944] [Server thread/INFO] [AllTheLeaks/]: Memory Leaks detected: (/atl force_refresh to update)
[30Apr2026 06:27:09.944] [Server thread/INFO] [AllTheLeaks/]: | ChunkAccess:
[30Apr2026 06:27:09.944] [Server thread/INFO] [AllTheLeaks/]: |- LevelChunk (minecraft): 1039
[30Apr2026 06:27:09.944] [Server thread/INFO] [AllTheLeaks/]: | Player:
[30Apr2026 06:27:09.944] [Server thread/INFO] [AllTheLeaks/]: |- ServerPlayer (minecraft): 9
[30Apr2026 06:29:17.592] [Server thread/INFO] [net.minecraft.server.network.ServerLoginPacketListenerImpl/]: THewatchEr49578 (/185.242.3.173:34934) lost connection: Disconnected
[30Apr2026 06:32:00.142] [Server thread/INFO] [dev.ryanhcode.sable.Sable/]: Saving sub-levels for level 'ServerLevel[world]'/minecraft:overworld
[30Apr2026 06:32:00.146] [Server thread/INFO] [dev.ryanhcode.sable.Sable/]: Saving sub-levels for level 'ServerLevel[world]'/minecraft:the_nether
[30Apr2026 06:32:00.146] [Server thread/INFO] [dev.ryanhcode.sable.Sable/]: Saving sub-levels for level 'ServerLevel[world]'/minecraft:the_end
[30Apr2026 06:32:00.153] [Server thread/INFO] [Chunk Activity Tracker/]: Saving data for 110 chunks for dimension 'the_nether' took 1 milliseconds
[30Apr2026 06:32:00.161] [Server thread/INFO] [Chunk Activity Tracker/]: Saving data for 2843 chunks for dimension 'overworld' took 7 milliseconds
[30Apr2026 06:37:00.142] [Server thread/INFO] [dev.ryanhcode.sable.Sable/]: Saving sub-levels for level 'ServerLevel[world]'/minecraft:overworld
[30Apr2026 06:37:00.146] [Server thread/INFO] [dev.ryanhcode.sable.Sable/]: Saving sub-levels for level 'ServerLevel[world]'/minecraft:the_nether
[30Apr2026 06:37:00.146] [Server thread/INFO] [dev.ryanhcode.sable.Sable/]: Saving sub-levels for level 'ServerLevel[world]'/minecraft:the_end
[30Apr2026 06:37:00.154] [Server thread/INFO] [Chunk Activity Tracker/]: Saving data for 110 chunks for dimension 'the_nether' took 1 milliseconds
[30Apr2026 06:37:00.162] [Server thread/INFO] [Chunk Activity Tracker/]: Saving data for 2843 chunks for dimension 'overworld' took 8 milliseconds
[30Apr2026 06:37:09.992] [Server thread/INFO] [AllTheLeaks/]: Listing events...
[30Apr2026 06:37:09.993] [Server thread/INFO] [AllTheLeaks/]: Server Player Clone: 2
[30Apr2026 06:37:09.993] [Server thread/INFO] [AllTheLeaks/]: Server Player Logout: 7
[30Apr2026 06:37:09.993] [Server thread/INFO] [AllTheLeaks/]: Listing memory leaks so far...
[30Apr2026 06:37:09.993] [Server thread/INFO] [AllTheLeaks/]: B: 1289MB / C: 1419MB / Diff: +130MB
[30Apr2026 06:37:09.994] [Server thread/INFO] [AllTheLeaks/]: Memory Leaks detected: (/atl force_refresh to update)
[30Apr2026 06:37:09.996] [Server thread/INFO] [AllTheLeaks/]: | ChunkAccess:
[30Apr2026 06:37:09.997] [Server thread/INFO] [AllTheLeaks/]: |- LevelChunk (minecraft): 1039
[30Apr2026 06:37:09.997] [Server thread/INFO] [AllTheLeaks/]: | Player:
[30Apr2026 06:37:09.997] [Server thread/INFO] [AllTheLeaks/]: |- ServerPlayer (minecraft): 9
[30Apr2026 06:37:13.442] [Server thread/INFO] [net.minecraft.server.network.ServerLoginPacketListenerImpl/]: THewatchEr49578 (/185.242.3.173:50630) lost connection: Disconnected
[30Apr2026 06:38:00.967] [Netty Epoll Server IO #10/ERROR] [net.minecraft.network.PacketEncoder/]: Error sending packet clientbound/minecraft:disconnect
io.netty.handler.codec.EncoderException: Sending unknown packet 'clientbound/minecraft:disconnect'
	at TRANSFORMER/minecraft@1.21.1/net.minecraft.network.codec.IdDispatchCodec.encode(IdDispatchCodec.java:47) ~[server-1.21.1-20240808.144430-srg.jar%23228!/:?]
	at TRANSFORMER/minecraft@1.21.1/net.minecraft.network.codec.IdDispatchCodec.encode(IdDispatchCodec.java:14) ~[server-1.21.1-20240808.144430-srg.jar%23228!/:?]
	at TRANSFORMER/minecraft@1.21.1/net.minecraft.network.PacketEncoder.encode(PacketEncoder.java:24) [server-1.21.1-20240808.144430-srg.jar%23228!/:?]
	at TRANSFORMER/minecraft@1.21.1/net.minecraft.network.PacketEncoder.encode(PacketEncoder.java:12) [server-1.21.1-20240808.144430-srg.jar%23228!/:?]
	at MC-BOOTSTRAP/io.netty.codec@4.1.97.Final/io.netty.handler.codec.MessageToByteEncoder.write(MessageToByteEncoder.java:107) [netty-codec-4.1.97.Final.jar%23102!/:4.1.97.Final]
	at MC-BOOTSTRAP/io.netty.transport@4.1.97.Final/io.netty.channel.AbstractChannelHandlerContext.invokeWrite0(AbstractChannelHandlerContext.java:881) [netty-transport-4.1.97.Final.jar%23106!/:4.1.97.Final]
	at MC-BOOTSTRAP/io.netty.transport@4.1.97.Final/io.netty.channel.AbstractChannelHandlerContext.invokeWrite(AbstractChannelHandlerContext.java:863) [netty-transport-4.1.97.Final.jar%23106!/:4.1.97.Final]
	at MC-BOOTSTRAP/io.netty.transport@4.1.97.Final/io.netty.channel.AbstractChannelHandlerContext.write(AbstractChannelHandlerContext.java:968) [netty-transport-4.1.97.Final.jar%23106!/:4.1.97.Final]
	at MC-BOOTSTRAP/io.netty.transport@4.1.97.Final/io.netty.channel.AbstractChannelHandlerContext.write(AbstractChannelHandlerContext.java:856) [netty-transport-4.1.97.Final.jar%23106!/:4.1.97.Final]
	at MC-BOOTSTRAP/io.netty.transport@4.1.97.Final/io.netty.channel.ChannelOutboundHandlerAdapter.write(ChannelOutboundHandlerAdapter.java:113) [netty-transport-4.1.97.Final.jar%23106!/:4.1.97.Final]
	at TRANSFORMER/minecraft@1.21.1/net.minecraft.network.Connection$2.write(Connection.java:528) [server-1.21.1-20240808.144430-srg.jar%23228!/:?]
	at MC-BOOTSTRAP/io.netty.transport@4.1.97.Final/io.netty.channel.AbstractChannelHandlerContext.invokeWrite0(AbstractChannelHandlerContext.java:881) [netty-transport-4.1.97.Final.jar%23106!/:4.1.97.Final]
	at MC-BOOTSTRAP/io.netty.transport@4.1.97.Final/io.netty.channel.AbstractChannelHandlerContext.invokeWriteAndFlush(AbstractChannelHandlerContext.java:940) [netty-transport-4.1.97.Final.jar%23106!/:4.1.97.Final]
	at MC-BOOTSTRAP/io.netty.transport@4.1.97.Final/io.netty.channel.AbstractChannelHandlerContext.write(AbstractChannelHandlerContext.java:966) [netty-transport-4.1.97.Final.jar%23106!/:4.1.97.Final]
	at MC-BOOTSTRAP/io.netty.transport@4.1.97.Final/io.netty.channel.AbstractChannelHandlerContext.writeAndFlush(AbstractChannelHandlerContext.java:934) [netty-transport-4.1.97.Final.jar%23106!/:4.1.97.Final]
	at MC-BOOTSTRAP/io.netty.transport@4.1.97.Final/io.netty.channel.AbstractChannelHandlerContext.writeAndFlush(AbstractChannelHandlerContext.java:984) [netty-transport-4.1.97.Final.jar%23106!/:4.1.97.Final]
	at MC-BOOTSTRAP/io.netty.transport@4.1.97.Final/io.netty.channel.DefaultChannelPipeline.writeAndFlush(DefaultChannelPipeline.java:1025) [netty-transport-4.1.97.Final.jar%23106!/:4.1.97.Final]
	at MC-BOOTSTRAP/io.netty.transport@4.1.97.Final/io.netty.channel.AbstractChannel.writeAndFlush(AbstractChannel.java:306) [netty-transport-4.1.97.Final.jar%23106!/:4.1.97.Final]
	at TRANSFORMER/minecraft@1.21.1/net.minecraft.network.Connection.doSendPacket$mixinextras$wrapped$100(Connection.java:364) [server-1.21.1-20240808.144430-srg.jar%23228!/:?]
	at TRANSFORMER/minecraft@1.21.1/net.minecraft.network.Connection.mixinextras$bridge$doSendPacket$mixinextras$wrapped$100$101(Connection.java) [server-1.21.1-20240808.144430-srg.jar%23228!/:?]
	at TRANSFORMER/minecraft@1.21.1/net.minecraft.network.Connection.wrapMethod$zdg000$modernfix$checkClientPresence(Connection.java:1750) [server-1.21.1-20240808.144430-srg.jar%23228!/:?]
	at TRANSFORMER/minecraft@1.21.1/net.minecraft.network.Connection.doSendPacket(Connection.java) [server-1.21.1-20240808.144430-srg.jar%23228!/:?]
	at TRANSFORMER/minecraft@1.21.1/net.minecraft.network.Connection.sendPacket(Connection.java:357) [server-1.21.1-20240808.144430-srg.jar%23228!/:?]
	at TRANSFORMER/minecraft@1.21.1/net.minecraft.network.Connection.mixinextras$bridge$sendPacket$99(Connection.java) [server-1.21.1-20240808.144430-srg.jar%23228!/:?]
	at TRANSFORMER/minecraft@1.21.1/net.minecraft.network.Connection.connectivity$wrapSend(Connection.java:758) [server-1.21.1-20240808.144430-srg.jar%23228!/:?]
	at TRANSFORMER/minecraft@1.21.1/net.minecraft.network.Connection.wrapOperation$zza000$connectivity$logErrorFor(Connection.java:750) [server-1.21.1-20240808.144430-srg.jar%23228!/:?]
	at TRANSFORMER/minecraft@1.21.1/net.minecraft.network.Connection.send(Connection.java:339) [server-1.21.1-20240808.144430-srg.jar%23228!/:?]
	at TRANSFORMER/minecraft@1.21.1/net.minecraft.network.Connection.send(Connection.java:333) [server-1.21.1-20240808.144430-srg.jar%23228!/:?]
	at TRANSFORMER/minecraft@1.21.1/net.minecraft.network.Connection.exceptionCaught(Connection.java:168) [server-1.21.1-20240808.144430-srg.jar%23228!/:?]
	at MC-BOOTSTRAP/io.netty.transport@4.1.97.Final/io.netty.channel.AbstractChannelHandlerContext.invokeExceptionCaught(AbstractChannelHandlerContext.java:346) [netty-transport-4.1.97.Final.jar%23106!/:4.1.97.Final]
	at MC-BOOTSTRAP/io.netty.transport@4.1.97.Final/io.netty.channel.AbstractChannelHandlerContext.invokeExceptionCaught(AbstractChannelHandlerContext.java:325) [netty-transport-4.1.97.Final.jar%23106!/:4.1.97.Final]
	at MC-BOOTSTRAP/io.netty.transport@4.1.97.Final/io.netty.channel.AbstractChannelHandlerContext.fireExceptionCaught(AbstractChannelHandlerContext.java:317) [netty-transport-4.1.97.Final.jar%23106!/:4.1.97.Final]
	at TRANSFORMER/minecraft@1.21.1/net.minecraft.server.network.ServerConnectionListener$1$Anonymous$62383c554c9f4ab7a88586990b3ed2f6.exceptionCaught(ChannelHandler.java:89) [server-1.21.1-20240808.144430-srg.jar%23228!/:?]
	at MC-BOOTSTRAP/io.netty.transport@4.1.97.Final/io.netty.channel.AbstractChannelHandlerContext.invokeExceptionCaught(AbstractChannelHandlerContext.java:346) [netty-transport-4.1.97.Final.jar%23106!/:4.1.97.Final]
	at MC-BOOTSTRAP/io.netty.transport@4.1.97.Final/io.netty.channel.AbstractChannelHandlerContext.invokeExceptionCaught(AbstractChannelHandlerContext.java:325) [netty-transport-4.1.97.Final.jar%23106!/:4.1.97.Final]
	at MC-BOOTSTRAP/io.netty.transport@4.1.97.Final/io.netty.channel.AbstractChannelHandlerContext.fireExceptionCaught(AbstractChannelHandlerContext.java:317) [netty-transport-4.1.97.Final.jar%23106!/:4.1.97.Final]
	at MC-BOOTSTRAP/io.netty.transport@4.1.97.Final/io.netty.channel.DefaultChannelPipeline$HeadContext.exceptionCaught(DefaultChannelPipeline.java:1377) [netty-transport-4.1.97.Final.jar%23106!/:4.1.97.Final]
	at MC-BOOTSTRAP/io.netty.transport@4.1.97.Final/io.netty.channel.AbstractChannelHandlerContext.invokeExceptionCaught(AbstractChannelHandlerContext.java:346) [netty-transport-4.1.97.Final.jar%23106!/:4.1.97.Final]
	at MC-BOOTSTRAP/io.netty.transport@4.1.97.Final/io.netty.channel.AbstractChannelHandlerContext.invokeExceptionCaught(AbstractChannelHandlerContext.java:325) [netty-transport-4.1.97.Final.jar%23106!/:4.1.97.Final]
	at MC-BOOTSTRAP/io.netty.transport@4.1.97.Final/io.netty.channel.DefaultChannelPipeline.fireExceptionCaught(DefaultChannelPipeline.java:907) [netty-transport-4.1.97.Final.jar%23106!/:4.1.97.Final]
	at MC-BOOTSTRAP/io.netty.transport.classes.epoll@4.1.97.Final/io.netty.channel.epoll.AbstractEpollStreamChannel$EpollStreamUnsafe.handleReadException(AbstractEpollStreamChannel.java:728) [netty-transport-classes-epoll-4.1.97.Final.jar%23107!/:4.1.97.Final]
	at MC-BOOTSTRAP/io.netty.transport.classes.epoll@4.1.97.Final/io.netty.channel.epoll.AbstractEpollStreamChannel$EpollStreamUnsafe.epollInReady(AbstractEpollStreamChannel.java:826) [netty-transport-classes-epoll-4.1.97.Final.jar%23107!/:4.1.97.Final]
	at MC-BOOTSTRAP/io.netty.transport.classes.epoll@4.1.97.Final/io.netty.channel.epoll.EpollEventLoop.processReady(EpollEventLoop.java:509) [netty-transport-classes-epoll-4.1.97.Final.jar%23107!/:4.1.97.Final]
	at MC-BOOTSTRAP/io.netty.transport.classes.epoll@4.1.97.Final/io.netty.channel.epoll.EpollEventLoop.run(EpollEventLoop.java:407) [netty-transport-classes-epoll-4.1.97.Final.jar%23107!/:4.1.97.Final]
	at MC-BOOTSTRAP/io.netty.common@4.1.97.Final/io.netty.util.concurrent.SingleThreadEventExecutor$4.run(SingleThreadEventExecutor.java:997) [netty-common-4.1.97.Final.jar%23103!/:4.1.97.Final]
	at MC-BOOTSTRAP/io.netty.common@4.1.97.Final/io.netty.util.internal.ThreadExecutorMap$2.run(ThreadExecutorMap.java:74) [netty-common-4.1.97.Final.jar%23103!/:4.1.97.Final]
	at java.base/java.lang.Thread.run(Thread.java:1474) [?:?]
[30Apr2026 06:38:00.973] [Netty Epoll Server IO #10/WARN] [com.connectivity.Connectivity/]: Packet:net.minecraft.network.protocol.common.ClientboundDisconnectPacket caused an error above, printing name & data
[30Apr2026 06:38:00.974] [Netty Epoll Server IO #10/WARN] [com.connectivity.Connectivity/]: Packet data:
{
  "reason": "translation{key='disconnect.genericReason', args=[Internal Exception: io.netty.channel.unix.Errors$NativeIoException: recvAddress(..) failed: Connection reset by peer]}"
}
[30Apr2026 06:42:00.142] [Server thread/INFO] [dev.ryanhcode.sable.Sable/]: Saving sub-levels for level 'ServerLevel[world]'/minecraft:overworld
[30Apr2026 06:42:00.153] [Server thread/INFO] [dev.ryanhcode.sable.Sable/]: Saving sub-levels for level 'ServerLevel[world]'/minecraft:the_nether
[30Apr2026 06:42:00.154] [Server thread/INFO] [dev.ryanhcode.sable.Sable/]: Saving sub-levels for level 'ServerLevel[world]'/minecraft:the_end
[30Apr2026 06:42:00.166] [Server thread/INFO] [Chunk Activity Tracker/]: Saving data for 110 chunks for dimension 'the_nether' took 1 milliseconds
[30Apr2026 06:42:00.174] [Server thread/INFO] [Chunk Activity Tracker/]: Saving data for 2843 chunks for dimension 'overworld' took 8 milliseconds
[30Apr2026 06:45:15.292] [Server thread/INFO] [net.minecraft.server.network.ServerLoginPacketListenerImpl/]: THewatchEr49578 (/185.242.3.173:48912) lost connection: Disconnected
[30Apr2026 06:47:00.142] [Server thread/INFO] [dev.ryanhcode.sable.Sable/]: Saving sub-levels for level 'ServerLevel[world]'/minecraft:overworld
[30Apr2026 06:47:00.146] [Server thread/INFO] [dev.ryanhcode.sable.Sable/]: Saving sub-levels for level 'ServerLevel[world]'/minecraft:the_nether
[30Apr2026 06:47:00.147] [Server thread/INFO] [dev.ryanhcode.sable.Sable/]: Saving sub-levels for level 'ServerLevel[world]'/minecraft:the_end
[30Apr2026 06:47:00.154] [Server thread/INFO] [Chunk Activity Tracker/]: Saving data for 110 chunks for dimension 'the_nether' took 1 milliseconds
[30Apr2026 06:47:00.162] [Server thread/INFO] [Chunk Activity Tracker/]: Saving data for 2843 chunks for dimension 'overworld' took 8 milliseconds
[30Apr2026 06:47:10.042] [Server thread/INFO] [AllTheLeaks/]: Listing events...
[30Apr2026 06:47:10.043] [Server thread/INFO] [AllTheLeaks/]: Server Player Clone: 2
[30Apr2026 06:47:10.043] [Server thread/INFO] [AllTheLeaks/]: Server Player Logout: 7
[30Apr2026 06:47:10.043] [Server thread/INFO] [AllTheLeaks/]: Listing memory leaks so far...
[30Apr2026 06:47:10.043] [Server thread/INFO] [AllTheLeaks/]: B: 1289MB / C: 1419MB / Diff: +130MB
[30Apr2026 06:47:10.043] [Server thread/INFO] [AllTheLeaks/]: Memory Leaks detected: (/atl force_refresh to update)
[30Apr2026 06:47:10.044] [Server thread/INFO] [AllTheLeaks/]: | ChunkAccess:
[30Apr2026 06:47:10.044] [Server thread/INFO] [AllTheLeaks/]: |- LevelChunk (minecraft): 1039
[30Apr2026 06:47:10.044] [Server thread/INFO] [AllTheLeaks/]: | Player:
[30Apr2026 06:47:10.044] [Server thread/INFO] [AllTheLeaks/]: |- ServerPlayer (minecraft): 9
[30Apr2026 06:52:00.142] [Server thread/INFO] [dev.ryanhcode.sable.Sable/]: Saving sub-levels for level 'ServerLevel[world]'/minecraft:overworld
[30Apr2026 06:52:00.146] [Server thread/INFO] [dev.ryanhcode.sable.Sable/]: Saving sub-levels for level 'ServerLevel[world]'/minecraft:the_nether
[30Apr2026 06:52:00.146] [Server thread/INFO] [dev.ryanhcode.sable.Sable/]: Saving sub-levels for level 'ServerLevel[world]'/minecraft:the_end
[30Apr2026 06:52:00.155] [Server thread/INFO] [Chunk Activity Tracker/]: Saving data for 110 chunks for dimension 'the_nether' took 1 milliseconds
[30Apr2026 06:52:00.163] [Server thread/INFO] [Chunk Activity Tracker/]: Saving data for 2843 chunks for dimension 'overworld' took 8 milliseconds
[30Apr2026 06:53:15.742] [Server thread/INFO] [net.minecraft.server.network.ServerLoginPacketListenerImpl/]: THewatchEr49578 (/185.242.3.173:53948) lost connection: Disconnected
[30Apr2026 06:57:00.142] [Server thread/INFO] [dev.ryanhcode.sable.Sable/]: Saving sub-levels for level 'ServerLevel[world]'/minecraft:overworld
[30Apr2026 06:57:00.146] [Server thread/INFO] [dev.ryanhcode.sable.Sable/]: Saving sub-levels for level 'ServerLevel[world]'/minecraft:the_nether
[30Apr2026 06:57:00.147] [Server thread/INFO] [dev.ryanhcode.sable.Sable/]: Saving sub-levels for level 'ServerLevel[world]'/minecraft:the_end
[30Apr2026 06:57:00.154] [Server thread/INFO] [Chunk Activity Tracker/]: Saving data for 110 chunks for dimension 'the_nether' took 1 milliseconds
[30Apr2026 06:57:00.161] [Server thread/INFO] [Chunk Activity Tracker/]: Saving data for 2843 chunks for dimension 'overworld' took 7 milliseconds
[30Apr2026 06:57:10.092] [Server thread/INFO] [AllTheLeaks/]: Listing events...
[30Apr2026 06:57:10.093] [Server thread/INFO] [AllTheLeaks/]: Server Player Clone: 2
[30Apr2026 06:57:10.093] [Server thread/INFO] [AllTheLeaks/]: Server Player Logout: 7
[30Apr2026 06:57:10.093] [Server thread/INFO] [AllTheLeaks/]: Listing memory leaks so far...
[30Apr2026 06:57:10.093] [Server thread/INFO] [AllTheLeaks/]: B: 1289MB / C: 1419MB / Diff: +130MB
[30Apr2026 06:57:10.094] [Server thread/INFO] [AllTheLeaks/]: Memory Leaks detected: (/atl force_refresh to update)
[30Apr2026 06:57:10.094] [Server thread/INFO] [AllTheLeaks/]: | ChunkAccess:
[30Apr2026 06:57:10.094] [Server thread/INFO] [AllTheLeaks/]: |- LevelChunk (minecraft): 1039
[30Apr2026 06:57:10.094] [Server thread/INFO] [AllTheLeaks/]: | Player:
[30Apr2026 06:57:10.094] [Server thread/INFO] [AllTheLeaks/]: |- ServerPlayer (minecraft): 9
[30Apr2026 07:01:18.892] [Server thread/INFO] [net.minecraft.server.network.ServerLoginPacketListenerImpl/]: THewatchEr49578 (/185.242.3.173:42408) lost connection: Disconnected
[30Apr2026 07:02:00.142] [Server thread/INFO] [dev.ryanhcode.sable.Sable/]: Saving sub-levels for level 'ServerLevel[world]'/minecraft:overworld
[30Apr2026 07:02:00.146] [Server thread/INFO] [dev.ryanhcode.sable.Sable/]: Saving sub-levels for level 'ServerLevel[world]'/minecraft:the_nether
[30Apr2026 07:02:00.146] [Server thread/INFO] [dev.ryanhcode.sable.Sable/]: Saving sub-levels for level 'ServerLevel[world]'/minecraft:the_end
[30Apr2026 07:02:00.153] [Server thread/INFO] [Chunk Activity Tracker/]: Saving data for 110 chunks for dimension 'the_nether' took 1 milliseconds
[30Apr2026 07:02:00.161] [Server thread/INFO] [Chunk Activity Tracker/]: Saving data for 2843 chunks for dimension 'overworld' took 7 milliseconds
[30Apr2026 07:07:00.142] [Server thread/INFO] [dev.ryanhcode.sable.Sable/]: Saving sub-levels for level 'ServerLevel[world]'/minecraft:overworld
[30Apr2026 07:07:00.146] [Server thread/INFO] [dev.ryanhcode.sable.Sable/]: Saving sub-levels for level 'ServerLevel[world]'/minecraft:the_nether
[30Apr2026 07:07:00.147] [Server thread/INFO] [dev.ryanhcode.sable.Sable/]: Saving sub-levels for level 'ServerLevel[world]'/minecraft:the_end
[30Apr2026 07:07:00.155] [Server thread/INFO] [Chunk Activity Tracker/]: Saving data for 110 chunks for dimension 'the_nether' took 1 milliseconds
[30Apr2026 07:07:00.163] [Server thread/INFO] [Chunk Activity Tracker/]: Saving data for 2843 chunks for dimension 'overworld' took 8 milliseconds
[30Apr2026 07:07:10.142] [Server thread/INFO] [AllTheLeaks/]: Listing events...
[30Apr2026 07:07:10.143] [Server thread/INFO] [AllTheLeaks/]: Server Player Clone: 2
[30Apr2026 07:07:10.143] [Server thread/INFO] [AllTheLeaks/]: Server Player Logout: 7
[30Apr2026 07:07:10.143] [Server thread/INFO] [AllTheLeaks/]: Listing memory leaks so far...
[30Apr2026 07:07:10.143] [Server thread/INFO] [AllTheLeaks/]: B: 1289MB / C: 1419MB / Diff: +130MB
[30Apr2026 07:07:10.143] [Server thread/INFO] [AllTheLeaks/]: Memory Leaks detected: (/atl force_refresh to update)
[30Apr2026 07:07:10.144] [Server thread/INFO] [AllTheLeaks/]: | ChunkAccess:
[30Apr2026 07:07:10.144] [Server thread/INFO] [AllTheLeaks/]: |- LevelChunk (minecraft): 1039
[30Apr2026 07:07:10.144] [Server thread/INFO] [AllTheLeaks/]: | Player:
[30Apr2026 07:07:10.144] [Server thread/INFO] [AllTheLeaks/]: |- ServerPlayer (minecraft): 9
[30Apr2026 07:09:22.242] [Server thread/INFO] [net.minecraft.server.network.ServerLoginPacketListenerImpl/]: THewatchEr49578 (/185.242.3.173:47184) lost connection: Disconnected
[30Apr2026 07:12:00.142] [Server thread/INFO] [dev.ryanhcode.sable.Sable/]: Saving sub-levels for level 'ServerLevel[world]'/minecraft:overworld
[30Apr2026 07:12:00.146] [Server thread/INFO] [dev.ryanhcode.sable.Sable/]: Saving sub-levels for level 'ServerLevel[world]'/minecraft:the_nether
[30Apr2026 07:12:00.147] [Server thread/INFO] [dev.ryanhcode.sable.Sable/]: Saving sub-levels for level 'ServerLevel[world]'/minecraft:the_end
[30Apr2026 07:12:00.154] [Server thread/INFO] [Chunk Activity Tracker/]: Saving data for 110 chunks for dimension 'the_nether' took 1 milliseconds
[30Apr2026 07:12:00.162] [Server thread/INFO] [Chunk Activity Tracker/]: Saving data for 2843 chunks for dimension 'overworld' took 8 milliseconds
[30Apr2026 07:17:00.142] [Server thread/INFO] [dev.ryanhcode.sable.Sable/]: Saving sub-levels for level 'ServerLevel[world]'/minecraft:overworld
[30Apr2026 07:17:00.146] [Server thread/INFO] [dev.ryanhcode.sable.Sable/]: Saving sub-levels for level 'ServerLevel[world]'/minecraft:the_nether
[30Apr2026 07:17:00.147] [Server thread/INFO] [dev.ryanhcode.sable.Sable/]: Saving sub-levels for level 'ServerLevel[world]'/minecraft:the_end
[30Apr2026 07:17:00.154] [Server thread/INFO] [Chunk Activity Tracker/]: Saving data for 110 chunks for dimension 'the_nether' took 1 milliseconds
[30Apr2026 07:17:00.162] [Server thread/INFO] [Chunk Activity Tracker/]: Saving data for 2843 chunks for dimension 'overworld' took 8 milliseconds
[30Apr2026 07:17:10.192] [Server thread/INFO] [AllTheLeaks/]: Listing events...
[30Apr2026 07:17:10.193] [Server thread/INFO] [AllTheLeaks/]: Server Player Clone: 2
[30Apr2026 07:17:10.193] [Server thread/INFO] [AllTheLeaks/]: Server Player Logout: 7
[30Apr2026 07:17:10.193] [Server thread/INFO] [AllTheLeaks/]: Listing memory leaks so far...
[30Apr2026 07:17:10.194] [Server thread/INFO] [AllTheLeaks/]: B: 1289MB / C: 1419MB / Diff: +130MB
[30Apr2026 07:17:10.194] [Server thread/INFO] [AllTheLeaks/]: Memory Leaks detected: (/atl force_refresh to update)
[30Apr2026 07:17:10.194] [Server thread/INFO] [AllTheLeaks/]: | ChunkAccess:
[30Apr2026 07:17:10.194] [Server thread/INFO] [AllTheLeaks/]: |- LevelChunk (minecraft): 1039
[30Apr2026 07:17:10.194] [Server thread/INFO] [AllTheLeaks/]: | Player:
[30Apr2026 07:17:10.194] [Server thread/INFO] [AllTheLeaks/]: |- ServerPlayer (minecraft): 9
[30Apr2026 07:17:30.042] [Server thread/INFO] [net.minecraft.server.network.ServerLoginPacketListenerImpl/]: THewatchEr49578 (/185.242.3.173:37180) lost connection: Disconnected
[30Apr2026 07:22:00.142] [Server thread/INFO] [dev.ryanhcode.sable.Sable/]: Saving sub-levels for level 'ServerLevel[world]'/minecraft:overworld
[30Apr2026 07:22:00.151] [Server thread/INFO] [dev.ryanhcode.sable.Sable/]: Saving sub-levels for level 'ServerLevel[world]'/minecraft:the_nether
[30Apr2026 07:22:00.152] [Server thread/INFO] [dev.ryanhcode.sable.Sable/]: Saving sub-levels for level 'ServerLevel[world]'/minecraft:the_end
[30Apr2026 07:22:00.169] [Server thread/INFO] [Chunk Activity Tracker/]: Saving data for 110 chunks for dimension 'the_nether' took 1 milliseconds
[30Apr2026 07:22:00.176] [Server thread/INFO] [Chunk Activity Tracker/]: Saving data for 2843 chunks for dimension 'overworld' took 7 milliseconds
[30Apr2026 07:25:46.092] [Server thread/INFO] [net.minecraft.server.network.ServerLoginPacketListenerImpl/]: THewatchEr49578 (/185.242.3.173:60174) lost connection: Disconnected
[30Apr2026 07:27:00.142] [Server thread/INFO] [dev.ryanhcode.sable.Sable/]: Saving sub-levels for level 'ServerLevel[world]'/minecraft:overworld
[30Apr2026 07:27:00.146] [Server thread/INFO] [dev.ryanhcode.sable.Sable/]: Saving sub-levels for level 'ServerLevel[world]'/minecraft:the_nether
[30Apr2026 07:27:00.147] [Server thread/INFO] [dev.ryanhcode.sable.Sable/]: Saving sub-levels for level 'ServerLevel[world]'/minecraft:the_end
[30Apr2026 07:27:00.154] [Server thread/INFO] [Chunk Activity Tracker/]: Saving data for 110 chunks for dimension 'the_nether' took 1 milliseconds
[30Apr2026 07:27:00.162] [Server thread/INFO] [Chunk Activity Tracker/]: Saving data for 2843 chunks for dimension 'overworld' took 8 milliseconds
[30Apr2026 07:27:10.242] [Server thread/INFO] [AllTheLeaks/]: Listing events...
[30Apr2026 07:27:10.243] [Server thread/INFO] [AllTheLeaks/]: Server Player Clone: 2
[30Apr2026 07:27:10.243] [Server thread/INFO] [AllTheLeaks/]: Server Player Logout: 7
[30Apr2026 07:27:10.243] [Server thread/INFO] [AllTheLeaks/]: Listing memory leaks so far...
[30Apr2026 07:27:10.243] [Server thread/INFO] [AllTheLeaks/]: B: 1289MB / C: 1418MB / Diff: +129MB
[30Apr2026 07:27:10.244] [Server thread/INFO] [AllTheLeaks/]: Memory Leaks detected: (/atl force_refresh to update)
[30Apr2026 07:27:10.244] [Server thread/INFO] [AllTheLeaks/]: | ChunkAccess:
[30Apr2026 07:27:10.244] [Server thread/INFO] [AllTheLeaks/]: |- LevelChunk (minecraft): 1039
[30Apr2026 07:27:10.244] [Server thread/INFO] [AllTheLeaks/]: | Player:
[30Apr2026 07:27:10.244] [Server thread/INFO] [AllTheLeaks/]: |- ServerPlayer (minecraft): 9
[30Apr2026 07:32:00.142] [Server thread/INFO] [dev.ryanhcode.sable.Sable/]: Saving sub-levels for level 'ServerLevel[world]'/minecraft:overworld
[30Apr2026 07:32:00.145] [Server thread/INFO] [dev.ryanhcode.sable.Sable/]: Saving sub-levels for level 'ServerLevel[world]'/minecraft:the_nether
[30Apr2026 07:32:00.146] [Server thread/INFO] [dev.ryanhcode.sable.Sable/]: Saving sub-levels for level 'ServerLevel[world]'/minecraft:the_end
[30Apr2026 07:32:00.153] [Server thread/INFO] [Chunk Activity Tracker/]: Saving data for 110 chunks for dimension 'the_nether' took 1 milliseconds
[30Apr2026 07:32:00.161] [Server thread/INFO] [Chunk Activity Tracker/]: Saving data for 2843 chunks for dimension 'overworld' took 8 milliseconds
[30Apr2026 07:34:03.092] [Server thread/INFO] [net.minecraft.server.network.ServerLoginPacketListenerImpl/]: THewatchEr49578 (/185.242.3.173:37324) lost connection: Disconnected
[30Apr2026 07:37:00.142] [Server thread/INFO] [dev.ryanhcode.sable.Sable/]: Saving sub-levels for level 'ServerLevel[world]'/minecraft:overworld
[30Apr2026 07:37:00.146] [Server thread/INFO] [dev.ryanhcode.sable.Sable/]: Saving sub-levels for level 'ServerLevel[world]'/minecraft:the_nether
[30Apr2026 07:37:00.146] [Server thread/INFO] [dev.ryanhcode.sable.Sable/]: Saving sub-levels for level 'ServerLevel[world]'/minecraft:the_end
[30Apr2026 07:37:00.153] [Server thread/INFO] [Chunk Activity Tracker/]: Saving data for 110 chunks for dimension 'the_nether' took 1 milliseconds
[30Apr2026 07:37:00.161] [Server thread/INFO] [Chunk Activity Tracker/]: Saving data for 2843 chunks for dimension 'overworld' took 8 milliseconds
[30Apr2026 07:37:10.292] [Server thread/INFO] [AllTheLeaks/]: Listing events...
[30Apr2026 07:37:10.293] [Server thread/INFO] [AllTheLeaks/]: Server Player Clone: 2
[30Apr2026 07:37:10.293] [Server thread/INFO] [AllTheLeaks/]: Server Player Logout: 7
[30Apr2026 07:37:10.293] [Server thread/INFO] [AllTheLeaks/]: Listing memory leaks so far...
[30Apr2026 07:37:10.293] [Server thread/INFO] [AllTheLeaks/]: B: 1289MB / C: 1418MB / Diff: +129MB
[30Apr2026 07:37:10.294] [Server thread/INFO] [AllTheLeaks/]: Memory Leaks detected: (/atl force_refresh to update)
[30Apr2026 07:37:10.294] [Server thread/INFO] [AllTheLeaks/]: | ChunkAccess:
[30Apr2026 07:37:10.294] [Server thread/INFO] [AllTheLeaks/]: |- LevelChunk (minecraft): 1039
[30Apr2026 07:37:10.294] [Server thread/INFO] [AllTheLeaks/]: | Player:
[30Apr2026 07:37:10.294] [Server thread/INFO] [AllTheLeaks/]: |- ServerPlayer (minecraft): 9
[30Apr2026 07:42:00.142] [Server thread/INFO] [dev.ryanhcode.sable.Sable/]: Saving sub-levels for level 'ServerLevel[world]'/minecraft:overworld
[30Apr2026 07:42:00.146] [Server thread/INFO] [dev.ryanhcode.sable.Sable/]: Saving sub-levels for level 'ServerLevel[world]'/minecraft:the_nether
[30Apr2026 07:42:00.146] [Server thread/INFO] [dev.ryanhcode.sable.Sable/]: Saving sub-levels for level 'ServerLevel[world]'/minecraft:the_end
[30Apr2026 07:42:00.154] [Server thread/INFO] [Chunk Activity Tracker/]: Saving data for 110 chunks for dimension 'the_nether' took 1 milliseconds
[30Apr2026 07:42:00.162] [Server thread/INFO] [Chunk Activity Tracker/]: Saving data for 2843 chunks for dimension 'overworld' took 8 milliseconds
[30Apr2026 07:42:22.792] [Server thread/INFO] [net.minecraft.server.network.ServerLoginPacketListenerImpl/]: THewatchEr49578 (/185.242.3.173:51242) lost connection: Disconnected
[30Apr2026 07:47:00.142] [Server thread/INFO] [dev.ryanhcode.sable.Sable/]: Saving sub-levels for level 'ServerLevel[world]'/minecraft:overworld
[30Apr2026 07:47:00.146] [Server thread/INFO] [dev.ryanhcode.sable.Sable/]: Saving sub-levels for level 'ServerLevel[world]'/minecraft:the_nether
[30Apr2026 07:47:00.147] [Server thread/INFO] [dev.ryanhcode.sable.Sable/]: Saving sub-levels for level 'ServerLevel[world]'/minecraft:the_end
[30Apr2026 07:47:00.154] [Server thread/INFO] [Chunk Activity Tracker/]: Saving data for 110 chunks for dimension 'the_nether' took 1 milliseconds
[30Apr2026 07:47:00.162] [Server thread/INFO] [Chunk Activity Tracker/]: Saving data for 2843 chunks for dimension 'overworld' took 8 milliseconds
[30Apr2026 07:47:10.342] [Server thread/INFO] [AllTheLeaks/]: Listing events...
[30Apr2026 07:47:10.343] [Server thread/INFO] [AllTheLeaks/]: Server Player Clone: 2
[30Apr2026 07:47:10.343] [Server thread/INFO] [AllTheLeaks/]: Server Player Logout: 7
[30Apr2026 07:47:10.343] [Server thread/INFO] [AllTheLeaks/]: Listing memory leaks so far...
[30Apr2026 07:47:10.344] [Server thread/INFO] [AllTheLeaks/]: B: 1289MB / C: 1418MB / Diff: +129MB
[30Apr2026 07:47:10.344] [Server thread/INFO] [AllTheLeaks/]: Memory Leaks detected: (/atl force_refresh to update)
[30Apr2026 07:47:10.344] [Server thread/INFO] [AllTheLeaks/]: | ChunkAccess:
[30Apr2026 07:47:10.344] [Server thread/INFO] [AllTheLeaks/]: |- LevelChunk (minecraft): 1039
[30Apr2026 07:47:10.344] [Server thread/INFO] [AllTheLeaks/]: | Player:
[30Apr2026 07:47:10.345] [Server thread/INFO] [AllTheLeaks/]: |- ServerPlayer (minecraft): 9
[30Apr2026 07:50:39.393] [Server thread/INFO] [net.minecraft.server.network.ServerLoginPacketListenerImpl/]: THewatchEr49578 (/185.242.3.173:33914) lost connection: Disconnected
[30Apr2026 07:52:00.142] [Server thread/INFO] [dev.ryanhcode.sable.Sable/]: Saving sub-levels for level 'ServerLevel[world]'/minecraft:overworld
[30Apr2026 07:52:00.146] [Server thread/INFO] [dev.ryanhcode.sable.Sable/]: Saving sub-levels for level 'ServerLevel[world]'/minecraft:the_nether
[30Apr2026 07:52:00.147] [Server thread/INFO] [dev.ryanhcode.sable.Sable/]: Saving sub-levels for level 'ServerLevel[world]'/minecraft:the_end
[30Apr2026 07:52:00.154] [Server thread/INFO] [Chunk Activity Tracker/]: Saving data for 110 chunks for dimension 'the_nether' took 1 milliseconds
[30Apr2026 07:52:00.162] [Server thread/INFO] [Chunk Activity Tracker/]: Saving data for 2843 chunks for dimension 'overworld' took 8 milliseconds
[30Apr2026 07:57:00.142] [Server thread/INFO] [dev.ryanhcode.sable.Sable/]: Saving sub-levels for level 'ServerLevel[world]'/minecraft:overworld
[30Apr2026 07:57:00.146] [Server thread/INFO] [dev.ryanhcode.sable.Sable/]: Saving sub-levels for level 'ServerLevel[world]'/minecraft:the_nether
[30Apr2026 07:57:00.147] [Server thread/INFO] [dev.ryanhcode.sable.Sable/]: Saving sub-levels for level 'ServerLevel[world]'/minecraft:the_end
[30Apr2026 07:57:00.154] [Server thread/INFO] [Chunk Activity Tracker/]: Saving data for 110 chunks for dimension 'the_nether' took 1 milliseconds
[30Apr2026 07:57:00.162] [Server thread/INFO] [Chunk Activity Tracker/]: Saving data for 2843 chunks for dimension 'overworld' took 8 milliseconds
[30Apr2026 07:57:10.392] [Server thread/INFO] [AllTheLeaks/]: Listing events...
[30Apr2026 07:57:10.393] [Server thread/INFO] [AllTheLeaks/]: Server Player Clone: 2
[30Apr2026 07:57:10.393] [Server thread/INFO] [AllTheLeaks/]: Server Player Logout: 7
[30Apr2026 07:57:10.393] [Server thread/INFO] [AllTheLeaks/]: Listing memory leaks so far...
[30Apr2026 07:57:10.394] [Server thread/INFO] [AllTheLeaks/]: B: 1289MB / C: 1418MB / Diff: +129MB
[30Apr2026 07:57:10.394] [Server thread/INFO] [AllTheLeaks/]: Memory Leaks detected: (/atl force_refresh to update)
[30Apr2026 07:57:10.394] [Server thread/INFO] [AllTheLeaks/]: | ChunkAccess:
[30Apr2026 07:57:10.394] [Server thread/INFO] [AllTheLeaks/]: |- LevelChunk (minecraft): 1039
[30Apr2026 07:57:10.394] [Server thread/INFO] [AllTheLeaks/]: | Player:
[30Apr2026 07:57:10.394] [Server thread/INFO] [AllTheLeaks/]: |- ServerPlayer (minecraft): 9
[30Apr2026 07:58:52.992] [Server thread/INFO] [net.minecraft.server.network.ServerLoginPacketListenerImpl/]: THewatchEr49578 (/185.242.3.173:58726) lost connection: Disconnected
[30Apr2026 08:02:00.142] [Server thread/INFO] [dev.ryanhcode.sable.Sable/]: Saving sub-levels for level 'ServerLevel[world]'/minecraft:overworld
[30Apr2026 08:02:00.146] [Server thread/INFO] [dev.ryanhcode.sable.Sable/]: Saving sub-levels for level 'ServerLevel[world]'/minecraft:the_nether
[30Apr2026 08:02:00.147] [Server thread/INFO] [dev.ryanhcode.sable.Sable/]: Saving sub-levels for level 'ServerLevel[world]'/minecraft:the_end
[30Apr2026 08:02:00.154] [Server thread/INFO] [Chunk Activity Tracker/]: Saving data for 110 chunks for dimension 'the_nether' took 1 milliseconds
[30Apr2026 08:02:00.162] [Server thread/INFO] [Chunk Activity Tracker/]: Saving data for 2843 chunks for dimension 'overworld' took 8 milliseconds
[30Apr2026 08:07:00.142] [Server thread/INFO] [dev.ryanhcode.sable.Sable/]: Saving sub-levels for level 'ServerLevel[world]'/minecraft:overworld
[30Apr2026 08:07:00.146] [Server thread/INFO] [dev.ryanhcode.sable.Sable/]: Saving sub-levels for level 'ServerLevel[world]'/minecraft:the_nether
[30Apr2026 08:07:00.146] [Server thread/INFO] [dev.ryanhcode.sable.Sable/]: Saving sub-levels for level 'ServerLevel[world]'/minecraft:the_end
[30Apr2026 08:07:00.154] [Server thread/INFO] [Chunk Activity Tracker/]: Saving data for 110 chunks for dimension 'the_nether' took 1 milliseconds
[30Apr2026 08:07:00.162] [Server thread/INFO] [Chunk Activity Tracker/]: Saving data for 2843 chunks for dimension 'overworld' took 8 milliseconds
[30Apr2026 08:07:10.442] [Server thread/INFO] [AllTheLeaks/]: Listing events...
[30Apr2026 08:07:10.443] [Server thread/INFO] [AllTheLeaks/]: Server Player Clone: 2
[30Apr2026 08:07:10.443] [Server thread/INFO] [AllTheLeaks/]: Server Player Logout: 7
[30Apr2026 08:07:10.443] [Server thread/INFO] [AllTheLeaks/]: Listing memory leaks so far...
[30Apr2026 08:07:10.443] [Server thread/INFO] [AllTheLeaks/]: B: 1289MB / C: 1418MB / Diff: +129MB
[30Apr2026 08:07:10.443] [Server thread/INFO] [AllTheLeaks/]: Memory Leaks detected: (/atl force_refresh to update)
[30Apr2026 08:07:10.444] [Server thread/INFO] [AllTheLeaks/]: | ChunkAccess:
[30Apr2026 08:07:10.444] [Server thread/INFO] [AllTheLeaks/]: |- LevelChunk (minecraft): 1039
[30Apr2026 08:07:10.444] [Server thread/INFO] [AllTheLeaks/]: | Player:
[30Apr2026 08:07:10.444] [Server thread/INFO] [AllTheLeaks/]: |- ServerPlayer (minecraft): 9
[30Apr2026 08:07:17.643] [Server thread/INFO] [net.minecraft.server.network.ServerLoginPacketListenerImpl/]: THewatchEr49578 (/185.242.3.173:39370) lost connection: Disconnected
[30Apr2026 08:12:00.142] [Server thread/INFO] [dev.ryanhcode.sable.Sable/]: Saving sub-levels for level 'ServerLevel[world]'/minecraft:overworld
[30Apr2026 08:12:00.146] [Server thread/INFO] [dev.ryanhcode.sable.Sable/]: Saving sub-levels for level 'ServerLevel[world]'/minecraft:the_nether
[30Apr2026 08:12:00.146] [Server thread/INFO] [dev.ryanhcode.sable.Sable/]: Saving sub-levels for level 'ServerLevel[world]'/minecraft:the_end
[30Apr2026 08:12:00.154] [Server thread/INFO] [Chunk Activity Tracker/]: Saving data for 110 chunks for dimension 'the_nether' took 1 milliseconds
[30Apr2026 08:12:00.162] [Server thread/INFO] [Chunk Activity Tracker/]: Saving data for 2843 chunks for dimension 'overworld' took 8 milliseconds
[30Apr2026 08:15:28.542] [Server thread/INFO] [net.minecraft.server.network.ServerLoginPacketListenerImpl/]: THewatchEr49578 (/185.242.3.173:60246) lost connection: Disconnected
[30Apr2026 08:17:00.142] [Server thread/INFO] [dev.ryanhcode.sable.Sable/]: Saving sub-levels for level 'ServerLevel[world]'/minecraft:overworld
[30Apr2026 08:17:00.146] [Server thread/INFO] [dev.ryanhcode.sable.Sable/]: Saving sub-levels for level 'ServerLevel[world]'/minecraft:the_nether
[30Apr2026 08:17:00.147] [Server thread/INFO] [dev.ryanhcode.sable.Sable/]: Saving sub-levels for level 'ServerLevel[world]'/minecraft:the_end
[30Apr2026 08:17:00.154] [Server thread/INFO] [Chunk Activity Tracker/]: Saving data for 110 chunks for dimension 'the_nether' took 1 milliseconds
[30Apr2026 08:17:00.162] [Server thread/INFO] [Chunk Activity Tracker/]: Saving data for 2843 chunks for dimension 'overworld' took 8 milliseconds
[30Apr2026 08:17:10.492] [Server thread/INFO] [AllTheLeaks/]: Listing events...
[30Apr2026 08:17:10.493] [Server thread/INFO] [AllTheLeaks/]: Server Player Clone: 2
[30Apr2026 08:17:10.493] [Server thread/INFO] [AllTheLeaks/]: Server Player Logout: 7
[30Apr2026 08:17:10.493] [Server thread/INFO] [AllTheLeaks/]: Listing memory leaks so far...
[30Apr2026 08:17:10.493] [Server thread/INFO] [AllTheLeaks/]: B: 1289MB / C: 1418MB / Diff: +129MB
[30Apr2026 08:17:10.494] [Server thread/INFO] [AllTheLeaks/]: Memory Leaks detected: (/atl force_refresh to update)
[30Apr2026 08:17:10.494] [Server thread/INFO] [AllTheLeaks/]: | ChunkAccess:
[30Apr2026 08:17:10.494] [Server thread/INFO] [AllTheLeaks/]: |- LevelChunk (minecraft): 1039
[30Apr2026 08:17:10.494] [Server thread/INFO] [AllTheLeaks/]: | Player:
[30Apr2026 08:17:10.494] [Server thread/INFO] [AllTheLeaks/]: |- ServerPlayer (minecraft): 9
[30Apr2026 08:22:00.142] [Server thread/INFO] [dev.ryanhcode.sable.Sable/]: Saving sub-levels for level 'ServerLevel[world]'/minecraft:overworld
[30Apr2026 08:22:00.146] [Server thread/INFO] [dev.ryanhcode.sable.Sable/]: Saving sub-levels for level 'ServerLevel[world]'/minecraft:the_nether
[30Apr2026 08:22:00.147] [Server thread/INFO] [dev.ryanhcode.sable.Sable/]: Saving sub-levels for level 'ServerLevel[world]'/minecraft:the_end
[30Apr2026 08:22:00.154] [Server thread/INFO] [Chunk Activity Tracker/]: Saving data for 110 chunks for dimension 'the_nether' took 1 milliseconds
[30Apr2026 08:22:00.162] [Server thread/INFO] [Chunk Activity Tracker/]: Saving data for 2843 chunks for dimension 'overworld' took 8 milliseconds
[30Apr2026 08:23:49.442] [Server thread/INFO] [net.minecraft.server.network.ServerLoginPacketListenerImpl/]: THewatchEr49578 (/185.242.3.173:60530) lost connection: Disconnected
[30Apr2026 08:27:00.143] [Server thread/INFO] [dev.ryanhcode.sable.Sable/]: Saving sub-levels for level 'ServerLevel[world]'/minecraft:overworld
[30Apr2026 08:27:00.146] [Server thread/INFO] [dev.ryanhcode.sable.Sable/]: Saving sub-levels for level 'ServerLevel[world]'/minecraft:the_nether
[30Apr2026 08:27:00.147] [Server thread/INFO] [dev.ryanhcode.sable.Sable/]: Saving sub-levels for level 'ServerLevel[world]'/minecraft:the_end
[30Apr2026 08:27:00.154] [Server thread/INFO] [Chunk Activity Tracker/]: Saving data for 110 chunks for dimension 'the_nether' took 1 milliseconds
[30Apr2026 08:27:00.162] [Server thread/INFO] [Chunk Activity Tracker/]: Saving data for 2843 chunks for dimension 'overworld' took 8 milliseconds
[30Apr2026 08:27:10.542] [Server thread/INFO] [AllTheLeaks/]: Listing events...
[30Apr2026 08:27:10.543] [Server thread/INFO] [AllTheLeaks/]: Server Player Clone: 2
[30Apr2026 08:27:10.543] [Server thread/INFO] [AllTheLeaks/]: Server Player Logout: 7
[30Apr2026 08:27:10.543] [Server thread/INFO] [AllTheLeaks/]: Listing memory leaks so far...
[30Apr2026 08:27:10.543] [Server thread/INFO] [AllTheLeaks/]: B: 1289MB / C: 1418MB / Diff: +129MB
[30Apr2026 08:27:10.544] [Server thread/INFO] [AllTheLeaks/]: Memory Leaks detected: (/atl force_refresh to update)
[30Apr2026 08:27:10.544] [Server thread/INFO] [AllTheLeaks/]: | ChunkAccess:
[30Apr2026 08:27:10.544] [Server thread/INFO] [AllTheLeaks/]: |- LevelChunk (minecraft): 1039
[30Apr2026 08:27:10.544] [Server thread/INFO] [AllTheLeaks/]: | Player:
[30Apr2026 08:27:10.544] [Server thread/INFO] [AllTheLeaks/]: |- ServerPlayer (minecraft): 9
[30Apr2026 08:32:00.142] [Server thread/INFO] [dev.ryanhcode.sable.Sable/]: Saving sub-levels for level 'ServerLevel[world]'/minecraft:overworld
[30Apr2026 08:32:00.146] [Server thread/INFO] [dev.ryanhcode.sable.Sable/]: Saving sub-levels for level 'ServerLevel[world]'/minecraft:the_nether
[30Apr2026 08:32:00.146] [Server thread/INFO] [dev.ryanhcode.sable.Sable/]: Saving sub-levels for level 'ServerLevel[world]'/minecraft:the_end
[30Apr2026 08:32:00.153] [Server thread/INFO] [Chunk Activity Tracker/]: Saving data for 110 chunks for dimension 'the_nether' took 1 milliseconds
[30Apr2026 08:32:00.162] [Server thread/INFO] [Chunk Activity Tracker/]: Saving data for 2843 chunks for dimension 'overworld' took 8 milliseconds
[30Apr2026 08:32:11.942] [Server thread/INFO] [net.minecraft.server.network.ServerLoginPacketListenerImpl/]: THewatchEr49578 (/185.242.3.173:40032) lost connection: Disconnected
[30Apr2026 08:37:00.142] [Server thread/INFO] [dev.ryanhcode.sable.Sable/]: Saving sub-levels for level 'ServerLevel[world]'/minecraft:overworld
[30Apr2026 08:37:00.146] [Server thread/INFO] [dev.ryanhcode.sable.Sable/]: Saving sub-levels for level 'ServerLevel[world]'/minecraft:the_nether
[30Apr2026 08:37:00.147] [Server thread/INFO] [dev.ryanhcode.sable.Sable/]: Saving sub-levels for level 'ServerLevel[world]'/minecraft:the_end
[30Apr2026 08:37:00.155] [Server thread/INFO] [Chunk Activity Tracker/]: Saving data for 110 chunks for dimension 'the_nether' took 1 milliseconds
[30Apr2026 08:37:00.163] [Server thread/INFO] [Chunk Activity Tracker/]: Saving data for 2843 chunks for dimension 'overworld' took 8 milliseconds
[30Apr2026 08:37:10.592] [Server thread/INFO] [AllTheLeaks/]: Listing events...
[30Apr2026 08:37:10.593] [Server thread/INFO] [AllTheLeaks/]: Server Player Clone: 2
[30Apr2026 08:37:10.593] [Server thread/INFO] [AllTheLeaks/]: Server Player Logout: 7
[30Apr2026 08:37:10.593] [Server thread/INFO] [AllTheLeaks/]: Listing memory leaks so far...
[30Apr2026 08:37:10.593] [Server thread/INFO] [AllTheLeaks/]: B: 1289MB / C: 1419MB / Diff: +130MB
[30Apr2026 08:37:10.594] [Server thread/INFO] [AllTheLeaks/]: Memory Leaks detected: (/atl force_refresh to update)
[30Apr2026 08:37:10.594] [Server thread/INFO] [AllTheLeaks/]: | ChunkAccess:
[30Apr2026 08:37:10.594] [Server thread/INFO] [AllTheLeaks/]: |- LevelChunk (minecraft): 1039
[30Apr2026 08:37:10.594] [Server thread/INFO] [AllTheLeaks/]: | Player:
[30Apr2026 08:37:10.594] [Server thread/INFO] [AllTheLeaks/]: |- ServerPlayer (minecraft): 9
[30Apr2026 08:40:32.392] [Server thread/INFO] [net.minecraft.server.network.ServerLoginPacketListenerImpl/]: THewatchEr49578 (/185.242.3.173:47180) lost connection: Disconnected
[30Apr2026 08:42:00.143] [Server thread/INFO] [dev.ryanhcode.sable.Sable/]: Saving sub-levels for level 'ServerLevel[world]'/minecraft:overworld
[30Apr2026 08:42:00.146] [Server thread/INFO] [dev.ryanhcode.sable.Sable/]: Saving sub-levels for level 'ServerLevel[world]'/minecraft:the_nether
[30Apr2026 08:42:00.146] [Server thread/INFO] [dev.ryanhcode.sable.Sable/]: Saving sub-levels for level 'ServerLevel[world]'/minecraft:the_end
[30Apr2026 08:42:00.154] [Server thread/INFO] [Chunk Activity Tracker/]: Saving data for 110 chunks for dimension 'the_nether' took 1 milliseconds
[30Apr2026 08:42:00.162] [Server thread/INFO] [Chunk Activity Tracker/]: Saving data for 2843 chunks for dimension 'overworld' took 7 milliseconds
[30Apr2026 08:47:00.142] [Server thread/INFO] [dev.ryanhcode.sable.Sable/]: Saving sub-levels for level 'ServerLevel[world]'/minecraft:overworld
[30Apr2026 08:47:00.146] [Server thread/INFO] [dev.ryanhcode.sable.Sable/]: Saving sub-levels for level 'ServerLevel[world]'/minecraft:the_nether
[30Apr2026 08:47:00.146] [Server thread/INFO] [dev.ryanhcode.sable.Sable/]: Saving sub-levels for level 'ServerLevel[world]'/minecraft:the_end
[30Apr2026 08:47:00.153] [Server thread/INFO] [Chunk Activity Tracker/]: Saving data for 110 chunks for dimension 'the_nether' took 1 milliseconds
[30Apr2026 08:47:00.161] [Server thread/INFO] [Chunk Activity Tracker/]: Saving data for 2843 chunks for dimension 'overworld' took 7 milliseconds
[30Apr2026 08:47:10.642] [Server thread/INFO] [AllTheLeaks/]: Listing events...
[30Apr2026 08:47:10.643] [Server thread/INFO] [AllTheLeaks/]: Server Player Clone: 2
[30Apr2026 08:47:10.643] [Server thread/INFO] [AllTheLeaks/]: Server Player Logout: 7
[30Apr2026 08:47:10.643] [Server thread/INFO] [AllTheLeaks/]: Listing memory leaks so far...
[30Apr2026 08:47:10.643] [Server thread/INFO] [AllTheLeaks/]: B: 1289MB / C: 1419MB / Diff: +130MB
[30Apr2026 08:47:10.644] [Server thread/INFO] [AllTheLeaks/]: Memory Leaks detected: (/atl force_refresh to update)
[30Apr2026 08:47:10.644] [Server thread/INFO] [AllTheLeaks/]: | ChunkAccess:
[30Apr2026 08:47:10.644] [Server thread/INFO] [AllTheLeaks/]: |- LevelChunk (minecraft): 1039
[30Apr2026 08:47:10.644] [Server thread/INFO] [AllTheLeaks/]: | Player:
[30Apr2026 08:47:10.644] [Server thread/INFO] [AllTheLeaks/]: |- ServerPlayer (minecraft): 9
[30Apr2026 08:48:48.792] [Server thread/INFO] [net.minecraft.server.network.ServerLoginPacketListenerImpl/]: THewatchEr49578 (/185.242.3.173:36514) lost connection: Disconnected
[30Apr2026 08:52:00.142] [Server thread/INFO] [dev.ryanhcode.sable.Sable/]: Saving sub-levels for level 'ServerLevel[world]'/minecraft:overworld
[30Apr2026 08:52:00.146] [Server thread/INFO] [dev.ryanhcode.sable.Sable/]: Saving sub-levels for level 'ServerLevel[world]'/minecraft:the_nether
[30Apr2026 08:52:00.151] [Server thread/INFO] [dev.ryanhcode.sable.Sable/]: Saving sub-levels for level 'ServerLevel[world]'/minecraft:the_end
[30Apr2026 08:52:00.160] [Server thread/INFO] [Chunk Activity Tracker/]: Saving data for 110 chunks for dimension 'the_nether' took 1 milliseconds
[30Apr2026 08:52:00.169] [Server thread/INFO] [Chunk Activity Tracker/]: Saving data for 2843 chunks for dimension 'overworld' took 9 milliseconds
[30Apr2026 08:56:58.242] [Server thread/INFO] [net.minecraft.server.network.ServerLoginPacketListenerImpl/]: THewatchEr49578 (/185.242.3.173:38600) lost connection: Disconnected
[30Apr2026 08:57:00.142] [Server thread/INFO] [dev.ryanhcode.sable.Sable/]: Saving sub-levels for level 'ServerLevel[world]'/minecraft:overworld
[30Apr2026 08:57:00.146] [Server thread/INFO] [dev.ryanhcode.sable.Sable/]: Saving sub-levels for level 'ServerLevel[world]'/minecraft:the_nether
[30Apr2026 08:57:00.146] [Server thread/INFO] [dev.ryanhcode.sable.Sable/]: Saving sub-levels for level 'ServerLevel[world]'/minecraft:the_end
[30Apr2026 08:57:00.153] [Server thread/INFO] [Chunk Activity Tracker/]: Saving data for 110 chunks for dimension 'the_nether' took 1 milliseconds
[30Apr2026 08:57:00.161] [Server thread/INFO] [Chunk Activity Tracker/]: Saving data for 2843 chunks for dimension 'overworld' took 8 milliseconds
[30Apr2026 08:57:10.692] [Server thread/INFO] [AllTheLeaks/]: Listing events...
[30Apr2026 08:57:10.693] [Server thread/INFO] [AllTheLeaks/]: Server Player Clone: 2
[30Apr2026 08:57:10.693] [Server thread/INFO] [AllTheLeaks/]: Server Player Logout: 7
[30Apr2026 08:57:10.693] [Server thread/INFO] [AllTheLeaks/]: Listing memory leaks so far...
[30Apr2026 08:57:10.693] [Server thread/INFO] [AllTheLeaks/]: B: 1289MB / C: 1419MB / Diff: +130MB
[30Apr2026 08:57:10.694] [Server thread/INFO] [AllTheLeaks/]: Memory Leaks detected: (/atl force_refresh to update)
[30Apr2026 08:57:10.694] [Server thread/INFO] [AllTheLeaks/]: | ChunkAccess:
[30Apr2026 08:57:10.694] [Server thread/INFO] [AllTheLeaks/]: |- LevelChunk (minecraft): 1039
[30Apr2026 08:57:10.694] [Server thread/INFO] [AllTheLeaks/]: | Player:
[30Apr2026 08:57:10.694] [Server thread/INFO] [AllTheLeaks/]: |- ServerPlayer (minecraft): 9
[30Apr2026 09:02:00.142] [Server thread/INFO] [dev.ryanhcode.sable.Sable/]: Saving sub-levels for level 'ServerLevel[world]'/minecraft:overworld
[30Apr2026 09:02:00.146] [Server thread/INFO] [dev.ryanhcode.sable.Sable/]: Saving sub-levels for level 'ServerLevel[world]'/minecraft:the_nether
[30Apr2026 09:02:00.146] [Server thread/INFO] [dev.ryanhcode.sable.Sable/]: Saving sub-levels for level 'ServerLevel[world]'/minecraft:the_end
[30Apr2026 09:02:00.154] [Server thread/INFO] [Chunk Activity Tracker/]: Saving data for 110 chunks for dimension 'the_nether' took 1 milliseconds
[30Apr2026 09:02:00.162] [Server thread/INFO] [Chunk Activity Tracker/]: Saving data for 2843 chunks for dimension 'overworld' took 8 milliseconds
[30Apr2026 09:05:18.842] [Server thread/INFO] [net.minecraft.server.network.ServerLoginPacketListenerImpl/]: THewatchEr49578 (/185.242.3.173:58292) lost connection: Disconnected
[30Apr2026 09:07:00.142] [Server thread/INFO] [dev.ryanhcode.sable.Sable/]: Saving sub-levels for level 'ServerLevel[world]'/minecraft:overworld
[30Apr2026 09:07:00.146] [Server thread/INFO] [dev.ryanhcode.sable.Sable/]: Saving sub-levels for level 'ServerLevel[world]'/minecraft:the_nether
[30Apr2026 09:07:00.147] [Server thread/INFO] [dev.ryanhcode.sable.Sable/]: Saving sub-levels for level 'ServerLevel[world]'/minecraft:the_end
[30Apr2026 09:07:00.155] [Server thread/INFO] [Chunk Activity Tracker/]: Saving data for 110 chunks for dimension 'the_nether' took 1 milliseconds
[30Apr2026 09:07:00.163] [Server thread/INFO] [Chunk Activity Tracker/]: Saving data for 2843 chunks for dimension 'overworld' took 7 milliseconds
[30Apr2026 09:07:10.743] [Server thread/INFO] [AllTheLeaks/]: Listing events...
[30Apr2026 09:07:10.743] [Server thread/INFO] [AllTheLeaks/]: Server Player Clone: 2
[30Apr2026 09:07:10.743] [Server thread/INFO] [AllTheLeaks/]: Server Player Logout: 7
[30Apr2026 09:07:10.743] [Server thread/INFO] [AllTheLeaks/]: Listing memory leaks so far...
[30Apr2026 09:07:10.744] [Server thread/INFO] [AllTheLeaks/]: B: 1289MB / C: 1419MB / Diff: +130MB
[30Apr2026 09:07:10.744] [Server thread/INFO] [AllTheLeaks/]: Memory Leaks detected: (/atl force_refresh to update)
[30Apr2026 09:07:10.744] [Server thread/INFO] [AllTheLeaks/]: | ChunkAccess:
[30Apr2026 09:07:10.744] [Server thread/INFO] [AllTheLeaks/]: |- LevelChunk (minecraft): 1039
[30Apr2026 09:07:10.744] [Server thread/INFO] [AllTheLeaks/]: | Player:
[30Apr2026 09:07:10.744] [Server thread/INFO] [AllTheLeaks/]: |- ServerPlayer (minecraft): 9
[30Apr2026 09:12:00.142] [Server thread/INFO] [dev.ryanhcode.sable.Sable/]: Saving sub-levels for level 'ServerLevel[world]'/minecraft:overworld
[30Apr2026 09:12:00.146] [Server thread/INFO] [dev.ryanhcode.sable.Sable/]: Saving sub-levels for level 'ServerLevel[world]'/minecraft:the_nether
[30Apr2026 09:12:00.146] [Server thread/INFO] [dev.ryanhcode.sable.Sable/]: Saving sub-levels for level 'ServerLevel[world]'/minecraft:the_end
[30Apr2026 09:12:00.154] [Server thread/INFO] [Chunk Activity Tracker/]: Saving data for 110 chunks for dimension 'the_nether' took 1 milliseconds
[30Apr2026 09:12:00.162] [Server thread/INFO] [Chunk Activity Tracker/]: Saving data for 2843 chunks for dimension 'overworld' took 8 milliseconds
[30Apr2026 09:14:22.392] [Server thread/INFO] [net.minecraft.server.network.ServerLoginPacketListenerImpl/]: THewatchEr49578 (/185.242.3.173:34116) lost connection: Disconnected
[30Apr2026 09:17:00.142] [Server thread/INFO] [dev.ryanhcode.sable.Sable/]: Saving sub-levels for level 'ServerLevel[world]'/minecraft:overworld
[30Apr2026 09:17:00.146] [Server thread/INFO] [dev.ryanhcode.sable.Sable/]: Saving sub-levels for level 'ServerLevel[world]'/minecraft:the_nether
[30Apr2026 09:17:00.147] [Server thread/INFO] [dev.ryanhcode.sable.Sable/]: Saving sub-levels for level 'ServerLevel[world]'/minecraft:the_end
[30Apr2026 09:17:00.154] [Server thread/INFO] [Chunk Activity Tracker/]: Saving data for 110 chunks for dimension 'the_nether' took 1 milliseconds
[30Apr2026 09:17:00.162] [Server thread/INFO] [Chunk Activity Tracker/]: Saving data for 2843 chunks for dimension 'overworld' took 8 milliseconds
[30Apr2026 09:17:10.792] [Server thread/INFO] [AllTheLeaks/]: Listing events...
[30Apr2026 09:17:10.793] [Server thread/INFO] [AllTheLeaks/]: Server Player Clone: 2
[30Apr2026 09:17:10.793] [Server thread/INFO] [AllTheLeaks/]: Server Player Logout: 7
[30Apr2026 09:17:10.793] [Server thread/INFO] [AllTheLeaks/]: Listing memory leaks so far...
[30Apr2026 09:17:10.793] [Server thread/INFO] [AllTheLeaks/]: B: 1289MB / C: 1419MB / Diff: +130MB
[30Apr2026 09:17:10.794] [Server thread/INFO] [AllTheLeaks/]: Memory Leaks detected: (/atl force_refresh to update)
[30Apr2026 09:17:10.794] [Server thread/INFO] [AllTheLeaks/]: | ChunkAccess:
[30Apr2026 09:17:10.794] [Server thread/INFO] [AllTheLeaks/]: |- LevelChunk (minecraft): 1039
[30Apr2026 09:17:10.794] [Server thread/INFO] [AllTheLeaks/]: | Player:
[30Apr2026 09:17:10.794] [Server thread/INFO] [AllTheLeaks/]: |- ServerPlayer (minecraft): 9
[30Apr2026 09:22:00.142] [Server thread/INFO] [dev.ryanhcode.sable.Sable/]: Saving sub-levels for level 'ServerLevel[world]'/minecraft:overworld
[30Apr2026 09:22:00.146] [Server thread/INFO] [dev.ryanhcode.sable.Sable/]: Saving sub-levels for level 'ServerLevel[world]'/minecraft:the_nether
[30Apr2026 09:22:00.146] [Server thread/INFO] [dev.ryanhcode.sable.Sable/]: Saving sub-levels for level 'ServerLevel[world]'/minecraft:the_end
[30Apr2026 09:22:00.153] [Server thread/INFO] [Chunk Activity Tracker/]: Saving data for 110 chunks for dimension 'the_nether' took 1 milliseconds
[30Apr2026 09:22:00.161] [Server thread/INFO] [Chunk Activity Tracker/]: Saving data for 2843 chunks for dimension 'overworld' took 7 milliseconds
[30Apr2026 09:22:51.692] [Server thread/INFO] [net.minecraft.server.network.ServerLoginPacketListenerImpl/]: THewatchEr49578 (/185.242.3.173:34588) lost connection: Disconnected
[30Apr2026 09:27:00.142] [Server thread/INFO] [dev.ryanhcode.sable.Sable/]: Saving sub-levels for level 'ServerLevel[world]'/minecraft:overworld
[30Apr2026 09:27:00.146] [Server thread/INFO] [dev.ryanhcode.sable.Sable/]: Saving sub-levels for level 'ServerLevel[world]'/minecraft:the_nether
[30Apr2026 09:27:00.146] [Server thread/INFO] [dev.ryanhcode.sable.Sable/]: Saving sub-levels for level 'ServerLevel[world]'/minecraft:the_end
[30Apr2026 09:27:00.154] [Server thread/INFO] [Chunk Activity Tracker/]: Saving data for 110 chunks for dimension 'the_nether' took 1 milliseconds
[30Apr2026 09:27:00.162] [Server thread/INFO] [Chunk Activity Tracker/]: Saving data for 2843 chunks for dimension 'overworld' took 8 milliseconds
[30Apr2026 09:27:10.842] [Server thread/INFO] [AllTheLeaks/]: Listing events...
[30Apr2026 09:27:10.843] [Server thread/INFO] [AllTheLeaks/]: Server Player Clone: 2
[30Apr2026 09:27:10.843] [Server thread/INFO] [AllTheLeaks/]: Server Player Logout: 7
[30Apr2026 09:27:10.843] [Server thread/INFO] [AllTheLeaks/]: Listing memory leaks so far...
[30Apr2026 09:27:10.843] [Server thread/INFO] [AllTheLeaks/]: B: 1289MB / C: 1419MB / Diff: +130MB
[30Apr2026 09:27:10.843] [Server thread/INFO] [AllTheLeaks/]: Memory Leaks detected: (/atl force_refresh to update)
[30Apr2026 09:27:10.844] [Server thread/INFO] [AllTheLeaks/]: | ChunkAccess:
[30Apr2026 09:27:10.844] [Server thread/INFO] [AllTheLeaks/]: |- LevelChunk (minecraft): 1039
[30Apr2026 09:27:10.844] [Server thread/INFO] [AllTheLeaks/]: | Player:
[30Apr2026 09:27:10.844] [Server thread/INFO] [AllTheLeaks/]: |- ServerPlayer (minecraft): 9
[30Apr2026 09:31:14.042] [Server thread/INFO] [net.minecraft.server.network.ServerLoginPacketListenerImpl/]: THewatchEr49578 (/185.242.3.173:40424) lost connection: Disconnected
[30Apr2026 09:32:00.142] [Server thread/INFO] [dev.ryanhcode.sable.Sable/]: Saving sub-levels for level 'ServerLevel[world]'/minecraft:overworld
[30Apr2026 09:32:00.146] [Server thread/INFO] [dev.ryanhcode.sable.Sable/]: Saving sub-levels for level 'ServerLevel[world]'/minecraft:the_nether
[30Apr2026 09:32:00.146] [Server thread/INFO] [dev.ryanhcode.sable.Sable/]: Saving sub-levels for level 'ServerLevel[world]'/minecraft:the_end
[30Apr2026 09:32:00.155] [Server thread/INFO] [Chunk Activity Tracker/]: Saving data for 110 chunks for dimension 'the_nether' took 1 milliseconds
[30Apr2026 09:32:00.163] [Server thread/INFO] [Chunk Activity Tracker/]: Saving data for 2843 chunks for dimension 'overworld' took 8 milliseconds
[30Apr2026 09:37:00.142] [Server thread/INFO] [dev.ryanhcode.sable.Sable/]: Saving sub-levels for level 'ServerLevel[world]'/minecraft:overworld
[30Apr2026 09:37:00.147] [Server thread/INFO] [dev.ryanhcode.sable.Sable/]: Saving sub-levels for level 'ServerLevel[world]'/minecraft:the_nether
[30Apr2026 09:37:00.147] [Server thread/INFO] [dev.ryanhcode.sable.Sable/]: Saving sub-levels for level 'ServerLevel[world]'/minecraft:the_end
[30Apr2026 09:37:00.154] [Server thread/INFO] [Chunk Activity Tracker/]: Saving data for 110 chunks for dimension 'the_nether' took 1 milliseconds
[30Apr2026 09:37:00.162] [Server thread/INFO] [Chunk Activity Tracker/]: Saving data for 2843 chunks for dimension 'overworld' took 7 milliseconds
[30Apr2026 09:37:10.892] [Server thread/INFO] [AllTheLeaks/]: Listing events...
[30Apr2026 09:37:10.893] [Server thread/INFO] [AllTheLeaks/]: Server Player Clone: 2
[30Apr2026 09:37:10.893] [Server thread/INFO] [AllTheLeaks/]: Server Player Logout: 7
[30Apr2026 09:37:10.893] [Server thread/INFO] [AllTheLeaks/]: Listing memory leaks so far...
[30Apr2026 09:37:10.894] [Server thread/INFO] [AllTheLeaks/]: B: 1289MB / C: 1407MB / Diff: +118MB
[30Apr2026 09:37:10.894] [Server thread/INFO] [AllTheLeaks/]: Memory Leaks detected: (/atl force_refresh to update)
[30Apr2026 09:37:10.894] [Server thread/INFO] [AllTheLeaks/]: | ChunkAccess:
[30Apr2026 09:37:10.894] [Server thread/INFO] [AllTheLeaks/]: |- LevelChunk (minecraft): 1030
[30Apr2026 09:37:10.894] [Server thread/INFO] [AllTheLeaks/]: | Player:
[30Apr2026 09:37:10.894] [Server thread/INFO] [AllTheLeaks/]: |- ServerPlayer (minecraft): 9
[30Apr2026 09:39:50.892] [Server thread/INFO] [net.minecraft.server.network.ServerLoginPacketListenerImpl/]: THewatchEr49578 (/185.242.3.173:35400) lost connection: Disconnected
[30Apr2026 09:42:00.142] [Server thread/INFO] [dev.ryanhcode.sable.Sable/]: Saving sub-levels for level 'ServerLevel[world]'/minecraft:overworld
[30Apr2026 09:42:00.146] [Server thread/INFO] [dev.ryanhcode.sable.Sable/]: Saving sub-levels for level 'ServerLevel[world]'/minecraft:the_nether
[30Apr2026 09:42:00.146] [Server thread/INFO] [dev.ryanhcode.sable.Sable/]: Saving sub-levels for level 'ServerLevel[world]'/minecraft:the_end
[30Apr2026 09:42:00.154] [Server thread/INFO] [Chunk Activity Tracker/]: Saving data for 110 chunks for dimension 'the_nether' took 1 milliseconds
[30Apr2026 09:42:00.161] [Server thread/INFO] [Chunk Activity Tracker/]: Saving data for 2843 chunks for dimension 'overworld' took 7 milliseconds
[30Apr2026 09:47:00.142] [Server thread/INFO] [dev.ryanhcode.sable.Sable/]: Saving sub-levels for level 'ServerLevel[world]'/minecraft:overworld
[30Apr2026 09:47:00.146] [Server thread/INFO] [dev.ryanhcode.sable.Sable/]: Saving sub-levels for level 'ServerLevel[world]'/minecraft:the_nether
[30Apr2026 09:47:00.146] [Server thread/INFO] [dev.ryanhcode.sable.Sable/]: Saving sub-levels for level 'ServerLevel[world]'/minecraft:the_end
[30Apr2026 09:47:00.154] [Server thread/INFO] [Chunk Activity Tracker/]: Saving data for 110 chunks for dimension 'the_nether' took 1 milliseconds
[30Apr2026 09:47:00.162] [Server thread/INFO] [Chunk Activity Tracker/]: Saving data for 2843 chunks for dimension 'overworld' took 8 milliseconds
[30Apr2026 09:47:10.942] [Server thread/INFO] [AllTheLeaks/]: Listing events...
[30Apr2026 09:47:10.943] [Server thread/INFO] [AllTheLeaks/]: Server Player Clone: 2
[30Apr2026 09:47:10.943] [Server thread/INFO] [AllTheLeaks/]: Server Player Logout: 7
[30Apr2026 09:47:10.943] [Server thread/INFO] [AllTheLeaks/]: Listing memory leaks so far...
[30Apr2026 09:47:10.943] [Server thread/INFO] [AllTheLeaks/]: B: 1289MB / C: 1407MB / Diff: +118MB
[30Apr2026 09:47:10.944] [Server thread/INFO] [AllTheLeaks/]: Memory Leaks detected: (/atl force_refresh to update)
[30Apr2026 09:47:10.944] [Server thread/INFO] [AllTheLeaks/]: | ChunkAccess:
[30Apr2026 09:47:10.944] [Server thread/INFO] [AllTheLeaks/]: |- LevelChunk (minecraft): 1030
[30Apr2026 09:47:10.944] [Server thread/INFO] [AllTheLeaks/]: | Player:
[30Apr2026 09:47:10.944] [Server thread/INFO] [AllTheLeaks/]: |- ServerPlayer (minecraft): 9
[30Apr2026 09:48:14.192] [Server thread/INFO] [net.minecraft.server.network.ServerLoginPacketListenerImpl/]: THewatchEr49578 (/185.242.3.173:59546) lost connection: Disconnected
[30Apr2026 09:52:00.142] [Server thread/INFO] [dev.ryanhcode.sable.Sable/]: Saving sub-levels for level 'ServerLevel[world]'/minecraft:overworld
[30Apr2026 09:52:00.146] [Server thread/INFO] [dev.ryanhcode.sable.Sable/]: Saving sub-levels for level 'ServerLevel[world]'/minecraft:the_nether
[30Apr2026 09:52:00.147] [Server thread/INFO] [dev.ryanhcode.sable.Sable/]: Saving sub-levels for level 'ServerLevel[world]'/minecraft:the_end
[30Apr2026 09:52:00.154] [Server thread/INFO] [Chunk Activity Tracker/]: Saving data for 110 chunks for dimension 'the_nether' took 1 milliseconds
[30Apr2026 09:52:00.163] [Server thread/INFO] [Chunk Activity Tracker/]: Saving data for 2843 chunks for dimension 'overworld' took 8 milliseconds
[30Apr2026 09:56:46.192] [Server thread/INFO] [net.minecraft.server.network.ServerLoginPacketListenerImpl/]: THewatchEr49578 (/185.242.3.173:51706) lost connection: Disconnected
[30Apr2026 09:57:00.142] [Server thread/INFO] [dev.ryanhcode.sable.Sable/]: Saving sub-levels for level 'ServerLevel[world]'/minecraft:overworld
[30Apr2026 09:57:00.146] [Server thread/INFO] [dev.ryanhcode.sable.Sable/]: Saving sub-levels for level 'ServerLevel[world]'/minecraft:the_nether
[30Apr2026 09:57:00.146] [Server thread/INFO] [dev.ryanhcode.sable.Sable/]: Saving sub-levels for level 'ServerLevel[world]'/minecraft:the_end
[30Apr2026 09:57:00.153] [Server thread/INFO] [Chunk Activity Tracker/]: Saving data for 110 chunks for dimension 'the_nether' took 1 milliseconds
[30Apr2026 09:57:00.161] [Server thread/INFO] [Chunk Activity Tracker/]: Saving data for 2843 chunks for dimension 'overworld' took 8 milliseconds
[30Apr2026 09:57:10.992] [Server thread/INFO] [AllTheLeaks/]: Listing events...
[30Apr2026 09:57:10.993] [Server thread/INFO] [AllTheLeaks/]: Server Player Clone: 2
[30Apr2026 09:57:10.993] [Server thread/INFO] [AllTheLeaks/]: Server Player Logout: 7
[30Apr2026 09:57:10.993] [Server thread/INFO] [AllTheLeaks/]: Listing memory leaks so far...
[30Apr2026 09:57:10.993] [Server thread/INFO] [AllTheLeaks/]: B: 1289MB / C: 1407MB / Diff: +118MB
[30Apr2026 09:57:10.994] [Server thread/INFO] [AllTheLeaks/]: Memory Leaks detected: (/atl force_refresh to update)
[30Apr2026 09:57:10.994] [Server thread/INFO] [AllTheLeaks/]: | ChunkAccess:
[30Apr2026 09:57:10.994] [Server thread/INFO] [AllTheLeaks/]: |- LevelChunk (minecraft): 1030
[30Apr2026 09:57:10.994] [Server thread/INFO] [AllTheLeaks/]: | Player:
[30Apr2026 09:57:10.994] [Server thread/INFO] [AllTheLeaks/]: |- ServerPlayer (minecraft): 9
[30Apr2026 10:02:00.142] [Server thread/INFO] [dev.ryanhcode.sable.Sable/]: Saving sub-levels for level 'ServerLevel[world]'/minecraft:overworld
[30Apr2026 10:02:00.146] [Server thread/INFO] [dev.ryanhcode.sable.Sable/]: Saving sub-levels for level 'ServerLevel[world]'/minecraft:the_nether
[30Apr2026 10:02:00.147] [Server thread/INFO] [dev.ryanhcode.sable.Sable/]: Saving sub-levels for level 'ServerLevel[world]'/minecraft:the_end
[30Apr2026 10:02:00.154] [Server thread/INFO] [Chunk Activity Tracker/]: Saving data for 110 chunks for dimension 'the_nether' took 1 milliseconds
[30Apr2026 10:02:00.162] [Server thread/INFO] [Chunk Activity Tracker/]: Saving data for 2843 chunks for dimension 'overworld' took 8 milliseconds
[30Apr2026 10:05:22.792] [Server thread/INFO] [net.minecraft.server.network.ServerLoginPacketListenerImpl/]: THewatchEr49578 (/185.242.3.173:39342) lost connection: Disconnected
[30Apr2026 10:07:00.142] [Server thread/INFO] [dev.ryanhcode.sable.Sable/]: Saving sub-levels for level 'ServerLevel[world]'/minecraft:overworld
[30Apr2026 10:07:00.146] [Server thread/INFO] [dev.ryanhcode.sable.Sable/]: Saving sub-levels for level 'ServerLevel[world]'/minecraft:the_nether
[30Apr2026 10:07:00.147] [Server thread/INFO] [dev.ryanhcode.sable.Sable/]: Saving sub-levels for level 'ServerLevel[world]'/minecraft:the_end
[30Apr2026 10:07:00.154] [Server thread/INFO] [Chunk Activity Tracker/]: Saving data for 110 chunks for dimension 'the_nether' took 1 milliseconds
[30Apr2026 10:07:00.162] [Server thread/INFO] [Chunk Activity Tracker/]: Saving data for 2843 chunks for dimension 'overworld' took 8 milliseconds
[30Apr2026 10:07:11.042] [Server thread/INFO] [AllTheLeaks/]: Listing events...
[30Apr2026 10:07:11.043] [Server thread/INFO] [AllTheLeaks/]: Server Player Clone: 2
[30Apr2026 10:07:11.043] [Server thread/INFO] [AllTheLeaks/]: Server Player Logout: 7
[30Apr2026 10:07:11.043] [Server thread/INFO] [AllTheLeaks/]: Listing memory leaks so far...
[30Apr2026 10:07:11.043] [Server thread/INFO] [AllTheLeaks/]: B: 1289MB / C: 1407MB / Diff: +118MB
[30Apr2026 10:07:11.043] [Server thread/INFO] [AllTheLeaks/]: Memory Leaks detected: (/atl force_refresh to update)
[30Apr2026 10:07:11.044] [Server thread/INFO] [AllTheLeaks/]: | ChunkAccess:
[30Apr2026 10:07:11.044] [Server thread/INFO] [AllTheLeaks/]: |- LevelChunk (minecraft): 1030
[30Apr2026 10:07:11.044] [Server thread/INFO] [AllTheLeaks/]: | Player:
[30Apr2026 10:07:11.044] [Server thread/INFO] [AllTheLeaks/]: |- ServerPlayer (minecraft): 9
[30Apr2026 10:12:00.142] [Server thread/INFO] [dev.ryanhcode.sable.Sable/]: Saving sub-levels for level 'ServerLevel[world]'/minecraft:overworld
[30Apr2026 10:12:00.146] [Server thread/INFO] [dev.ryanhcode.sable.Sable/]: Saving sub-levels for level 'ServerLevel[world]'/minecraft:the_nether
[30Apr2026 10:12:00.146] [Server thread/INFO] [dev.ryanhcode.sable.Sable/]: Saving sub-levels for level 'ServerLevel[world]'/minecraft:the_end
[30Apr2026 10:12:00.154] [Server thread/INFO] [Chunk Activity Tracker/]: Saving data for 110 chunks for dimension 'the_nether' took 1 milliseconds
[30Apr2026 10:12:00.162] [Server thread/INFO] [Chunk Activity Tracker/]: Saving data for 2843 chunks for dimension 'overworld' took 8 milliseconds
[30Apr2026 10:13:53.842] [Server thread/INFO] [net.minecraft.server.network.ServerLoginPacketListenerImpl/]: THewatchEr49578 (/185.242.3.173:35878) lost connection: Disconnected
[30Apr2026 10:17:00.142] [Server thread/INFO] [dev.ryanhcode.sable.Sable/]: Saving sub-levels for level 'ServerLevel[world]'/minecraft:overworld
[30Apr2026 10:17:00.145] [Server thread/INFO] [dev.ryanhcode.sable.Sable/]: Saving sub-levels for level 'ServerLevel[world]'/minecraft:the_nether
[30Apr2026 10:17:00.146] [Server thread/INFO] [dev.ryanhcode.sable.Sable/]: Saving sub-levels for level 'ServerLevel[world]'/minecraft:the_end
[30Apr2026 10:17:00.153] [Server thread/INFO] [Chunk Activity Tracker/]: Saving data for 110 chunks for dimension 'the_nether' took 1 milliseconds
[30Apr2026 10:17:00.161] [Server thread/INFO] [Chunk Activity Tracker/]: Saving data for 2843 chunks for dimension 'overworld' took 8 milliseconds
[30Apr2026 10:17:11.093] [Server thread/INFO] [AllTheLeaks/]: Listing events...
[30Apr2026 10:17:11.093] [Server thread/INFO] [AllTheLeaks/]: Server Player Clone: 2
[30Apr2026 10:17:11.093] [Server thread/INFO] [AllTheLeaks/]: Server Player Logout: 7
[30Apr2026 10:17:11.093] [Server thread/INFO] [AllTheLeaks/]: Listing memory leaks so far...
[30Apr2026 10:17:11.094] [Server thread/INFO] [AllTheLeaks/]: B: 1289MB / C: 1407MB / Diff: +118MB
[30Apr2026 10:17:11.094] [Server thread/INFO] [AllTheLeaks/]: Memory Leaks detected: (/atl force_refresh to update)
[30Apr2026 10:17:11.094] [Server thread/INFO] [AllTheLeaks/]: | ChunkAccess:
[30Apr2026 10:17:11.094] [Server thread/INFO] [AllTheLeaks/]: |- LevelChunk (minecraft): 1030
[30Apr2026 10:17:11.095] [Server thread/INFO] [AllTheLeaks/]: | Player:
[30Apr2026 10:17:11.095] [Server thread/INFO] [AllTheLeaks/]: |- ServerPlayer (minecraft): 9
[30Apr2026 10:22:00.142] [Server thread/INFO] [dev.ryanhcode.sable.Sable/]: Saving sub-levels for level 'ServerLevel[world]'/minecraft:overworld
[30Apr2026 10:22:00.146] [Server thread/INFO] [dev.ryanhcode.sable.Sable/]: Saving sub-levels for level 'ServerLevel[world]'/minecraft:the_nether
[30Apr2026 10:22:00.146] [Server thread/INFO] [dev.ryanhcode.sable.Sable/]: Saving sub-levels for level 'ServerLevel[world]'/minecraft:the_end
[30Apr2026 10:22:00.154] [Server thread/INFO] [Chunk Activity Tracker/]: Saving data for 110 chunks for dimension 'the_nether' took 1 milliseconds
[30Apr2026 10:22:00.162] [Server thread/INFO] [Chunk Activity Tracker/]: Saving data for 2843 chunks for dimension 'overworld' took 8 milliseconds
[30Apr2026 10:22:17.642] [Server thread/INFO] [net.minecraft.server.network.ServerLoginPacketListenerImpl/]: THewatchEr49578 (/185.242.3.173:45246) lost connection: Disconnected
[30Apr2026 10:27:00.142] [Server thread/INFO] [dev.ryanhcode.sable.Sable/]: Saving sub-levels for level 'ServerLevel[world]'/minecraft:overworld
[30Apr2026 10:27:00.147] [Server thread/INFO] [dev.ryanhcode.sable.Sable/]: Saving sub-levels for level 'ServerLevel[world]'/minecraft:the_nether
[30Apr2026 10:27:00.148] [Server thread/INFO] [dev.ryanhcode.sable.Sable/]: Saving sub-levels for level 'ServerLevel[world]'/minecraft:the_end
[30Apr2026 10:27:00.154] [Server thread/INFO] [Chunk Activity Tracker/]: Saving data for 110 chunks for dimension 'the_nether' took 1 milliseconds
[30Apr2026 10:27:00.162] [Server thread/INFO] [Chunk Activity Tracker/]: Saving data for 2843 chunks for dimension 'overworld' took 8 milliseconds
[30Apr2026 10:27:11.142] [Server thread/INFO] [AllTheLeaks/]: Listing events...
[30Apr2026 10:27:11.143] [Server thread/INFO] [AllTheLeaks/]: Server Player Clone: 2
[30Apr2026 10:27:11.143] [Server thread/INFO] [AllTheLeaks/]: Server Player Logout: 7
[30Apr2026 10:27:11.143] [Server thread/INFO] [AllTheLeaks/]: Listing memory leaks so far...
[30Apr2026 10:27:11.143] [Server thread/INFO] [AllTheLeaks/]: B: 1289MB / C: 1407MB / Diff: +118MB
[30Apr2026 10:27:11.144] [Server thread/INFO] [AllTheLeaks/]: Memory Leaks detected: (/atl force_refresh to update)
[30Apr2026 10:27:11.144] [Server thread/INFO] [AllTheLeaks/]: | ChunkAccess:
[30Apr2026 10:27:11.144] [Server thread/INFO] [AllTheLeaks/]: |- LevelChunk (minecraft): 1030
[30Apr2026 10:27:11.144] [Server thread/INFO] [AllTheLeaks/]: | Player:
[30Apr2026 10:27:11.144] [Server thread/INFO] [AllTheLeaks/]: |- ServerPlayer (minecraft): 9
[30Apr2026 10:30:46.292] [Server thread/INFO] [net.minecraft.server.network.ServerLoginPacketListenerImpl/]: THewatchEr49578 (/185.242.3.173:60244) lost connection: Disconnected
[30Apr2026 10:32:00.142] [Server thread/INFO] [dev.ryanhcode.sable.Sable/]: Saving sub-levels for level 'ServerLevel[world]'/minecraft:overworld
[30Apr2026 10:32:00.146] [Server thread/INFO] [dev.ryanhcode.sable.Sable/]: Saving sub-levels for level 'ServerLevel[world]'/minecraft:the_nether
[30Apr2026 10:32:00.146] [Server thread/INFO] [dev.ryanhcode.sable.Sable/]: Saving sub-levels for level 'ServerLevel[world]'/minecraft:the_end
[30Apr2026 10:32:00.153] [Server thread/INFO] [Chunk Activity Tracker/]: Saving data for 110 chunks for dimension 'the_nether' took 0 milliseconds
[30Apr2026 10:32:00.161] [Server thread/INFO] [Chunk Activity Tracker/]: Saving data for 2843 chunks for dimension 'overworld' took 7 milliseconds
[30Apr2026 10:37:00.142] [Server thread/INFO] [dev.ryanhcode.sable.Sable/]: Saving sub-levels for level 'ServerLevel[world]'/minecraft:overworld
[30Apr2026 10:37:00.147] [Server thread/INFO] [dev.ryanhcode.sable.Sable/]: Saving sub-levels for level 'ServerLevel[world]'/minecraft:the_nether
[30Apr2026 10:37:00.148] [Server thread/INFO] [dev.ryanhcode.sable.Sable/]: Saving sub-levels for level 'ServerLevel[world]'/minecraft:the_end
[30Apr2026 10:37:00.156] [Server thread/INFO] [Chunk Activity Tracker/]: Saving data for 110 chunks for dimension 'the_nether' took 1 milliseconds
[30Apr2026 10:37:00.164] [Server thread/INFO] [Chunk Activity Tracker/]: Saving data for 2843 chunks for dimension 'overworld' took 8 milliseconds
[30Apr2026 10:37:11.192] [Server thread/INFO] [AllTheLeaks/]: Listing events...
[30Apr2026 10:37:11.193] [Server thread/INFO] [AllTheLeaks/]: Server Player Clone: 2
[30Apr2026 10:37:11.193] [Server thread/INFO] [AllTheLeaks/]: Server Player Logout: 7
[30Apr2026 10:37:11.193] [Server thread/INFO] [AllTheLeaks/]: Listing memory leaks so far...
[30Apr2026 10:37:11.193] [Server thread/INFO] [AllTheLeaks/]: B: 1289MB / C: 1407MB / Diff: +118MB
[30Apr2026 10:37:11.194] [Server thread/INFO] [AllTheLeaks/]: Memory Leaks detected: (/atl force_refresh to update)
[30Apr2026 10:37:11.194] [Server thread/INFO] [AllTheLeaks/]: | ChunkAccess:
[30Apr2026 10:37:11.194] [Server thread/INFO] [AllTheLeaks/]: |- LevelChunk (minecraft): 1030
[30Apr2026 10:37:11.194] [Server thread/INFO] [AllTheLeaks/]: | Player:
[30Apr2026 10:37:11.194] [Server thread/INFO] [AllTheLeaks/]: |- ServerPlayer (minecraft): 9
[30Apr2026 10:39:14.992] [Server thread/INFO] [net.minecraft.server.network.ServerLoginPacketListenerImpl/]: THewatchEr49578 (/185.242.3.173:49144) lost connection: Disconnected
[30Apr2026 10:42:00.142] [Server thread/INFO] [dev.ryanhcode.sable.Sable/]: Saving sub-levels for level 'ServerLevel[world]'/minecraft:overworld
[30Apr2026 10:42:00.146] [Server thread/INFO] [dev.ryanhcode.sable.Sable/]: Saving sub-levels for level 'ServerLevel[world]'/minecraft:the_nether
[30Apr2026 10:42:00.147] [Server thread/INFO] [dev.ryanhcode.sable.Sable/]: Saving sub-levels for level 'ServerLevel[world]'/minecraft:the_end
[30Apr2026 10:42:00.154] [Server thread/INFO] [Chunk Activity Tracker/]: Saving data for 110 chunks for dimension 'the_nether' took 1 milliseconds
[30Apr2026 10:42:00.162] [Server thread/INFO] [Chunk Activity Tracker/]: Saving data for 2843 chunks for dimension 'overworld' took 8 milliseconds
[30Apr2026 10:47:00.142] [Server thread/INFO] [dev.ryanhcode.sable.Sable/]: Saving sub-levels for level 'ServerLevel[world]'/minecraft:overworld
[30Apr2026 10:47:00.146] [Server thread/INFO] [dev.ryanhcode.sable.Sable/]: Saving sub-levels for level 'ServerLevel[world]'/minecraft:the_nether
[30Apr2026 10:47:00.146] [Server thread/INFO] [dev.ryanhcode.sable.Sable/]: Saving sub-levels for level 'ServerLevel[world]'/minecraft:the_end
[30Apr2026 10:47:00.154] [Server thread/INFO] [Chunk Activity Tracker/]: Saving data for 110 chunks for dimension 'the_nether' took 1 milliseconds
[30Apr2026 10:47:00.162] [Server thread/INFO] [Chunk Activity Tracker/]: Saving data for 2843 chunks for dimension 'overworld' took 8 milliseconds
[30Apr2026 10:47:11.242] [Server thread/INFO] [AllTheLeaks/]: Listing events...
[30Apr2026 10:47:11.243] [Server thread/INFO] [AllTheLeaks/]: Server Player Clone: 2
[30Apr2026 10:47:11.243] [Server thread/INFO] [AllTheLeaks/]: Server Player Logout: 7
[30Apr2026 10:47:11.243] [Server thread/INFO] [AllTheLeaks/]: Listing memory leaks so far...
[30Apr2026 10:47:11.243] [Server thread/INFO] [AllTheLeaks/]: B: 1289MB / C: 1407MB / Diff: +118MB
[30Apr2026 10:47:11.244] [Server thread/INFO] [AllTheLeaks/]: Memory Leaks detected: (/atl force_refresh to update)
[30Apr2026 10:47:11.244] [Server thread/INFO] [AllTheLeaks/]: | ChunkAccess:
[30Apr2026 10:47:11.244] [Server thread/INFO] [AllTheLeaks/]: |- LevelChunk (minecraft): 1030
[30Apr2026 10:47:11.244] [Server thread/INFO] [AllTheLeaks/]: | Player:
[30Apr2026 10:47:11.244] [Server thread/INFO] [AllTheLeaks/]: |- ServerPlayer (minecraft): 9
[30Apr2026 10:47:45.342] [Server thread/INFO] [net.minecraft.server.network.ServerLoginPacketListenerImpl/]: THewatchEr49578 (/185.242.3.173:55274) lost connection: Disconnected
[30Apr2026 10:52:00.142] [Server thread/INFO] [dev.ryanhcode.sable.Sable/]: Saving sub-levels for level 'ServerLevel[world]'/minecraft:overworld
[30Apr2026 10:52:00.146] [Server thread/INFO] [dev.ryanhcode.sable.Sable/]: Saving sub-levels for level 'ServerLevel[world]'/minecraft:the_nether
[30Apr2026 10:52:00.146] [Server thread/INFO] [dev.ryanhcode.sable.Sable/]: Saving sub-levels for level 'ServerLevel[world]'/minecraft:the_end
[30Apr2026 10:52:00.153] [Server thread/INFO] [Chunk Activity Tracker/]: Saving data for 110 chunks for dimension 'the_nether' took 1 milliseconds
[30Apr2026 10:52:00.161] [Server thread/INFO] [Chunk Activity Tracker/]: Saving data for 2843 chunks for dimension 'overworld' took 8 milliseconds
[30Apr2026 10:56:05.992] [Server thread/INFO] [net.minecraft.server.network.ServerLoginPacketListenerImpl/]: THewatchEr49578 (/185.242.3.173:47064) lost connection: Disconnected
[30Apr2026 10:57:00.142] [Server thread/INFO] [dev.ryanhcode.sable.Sable/]: Saving sub-levels for level 'ServerLevel[world]'/minecraft:overworld
[30Apr2026 10:57:00.146] [Server thread/INFO] [dev.ryanhcode.sable.Sable/]: Saving sub-levels for level 'ServerLevel[world]'/minecraft:the_nether
[30Apr2026 10:57:00.148] [Server thread/INFO] [dev.ryanhcode.sable.Sable/]: Saving sub-levels for level 'ServerLevel[world]'/minecraft:the_end
[30Apr2026 10:57:00.155] [Server thread/INFO] [Chunk Activity Tracker/]: Saving data for 110 chunks for dimension 'the_nether' took 1 milliseconds
[30Apr2026 10:57:00.163] [Server thread/INFO] [Chunk Activity Tracker/]: Saving data for 2843 chunks for dimension 'overworld' took 8 milliseconds
[30Apr2026 10:57:11.292] [Server thread/INFO] [AllTheLeaks/]: Listing events...
[30Apr2026 10:57:11.293] [Server thread/INFO] [AllTheLeaks/]: Server Player Clone: 2
[30Apr2026 10:57:11.293] [Server thread/INFO] [AllTheLeaks/]: Server Player Logout: 7
[30Apr2026 10:57:11.293] [Server thread/INFO] [AllTheLeaks/]: Listing memory leaks so far...
[30Apr2026 10:57:11.293] [Server thread/INFO] [AllTheLeaks/]: B: 1289MB / C: 1407MB / Diff: +118MB
[30Apr2026 10:57:11.294] [Server thread/INFO] [AllTheLeaks/]: Memory Leaks detected: (/atl force_refresh to update)
[30Apr2026 10:57:11.294] [Server thread/INFO] [AllTheLeaks/]: | ChunkAccess:
[30Apr2026 10:57:11.294] [Server thread/INFO] [AllTheLeaks/]: |- LevelChunk (minecraft): 1030
[30Apr2026 10:57:11.294] [Server thread/INFO] [AllTheLeaks/]: | Player:
[30Apr2026 10:57:11.294] [Server thread/INFO] [AllTheLeaks/]: |- ServerPlayer (minecraft): 9
[30Apr2026 11:02:00.142] [Server thread/INFO] [dev.ryanhcode.sable.Sable/]: Saving sub-levels for level 'ServerLevel[world]'/minecraft:overworld
[30Apr2026 11:02:00.146] [Server thread/INFO] [dev.ryanhcode.sable.Sable/]: Saving sub-levels for level 'ServerLevel[world]'/minecraft:the_nether
[30Apr2026 11:02:00.146] [Server thread/INFO] [dev.ryanhcode.sable.Sable/]: Saving sub-levels for level 'ServerLevel[world]'/minecraft:the_end
[30Apr2026 11:02:00.153] [Server thread/INFO] [Chunk Activity Tracker/]: Saving data for 110 chunks for dimension 'the_nether' took 1 milliseconds
[30Apr2026 11:02:00.161] [Server thread/INFO] [Chunk Activity Tracker/]: Saving data for 2843 chunks for dimension 'overworld' took 8 milliseconds
[30Apr2026 11:07:00.142] [Server thread/INFO] [dev.ryanhcode.sable.Sable/]: Saving sub-levels for level 'ServerLevel[world]'/minecraft:overworld
[30Apr2026 11:07:00.146] [Server thread/INFO] [dev.ryanhcode.sable.Sable/]: Saving sub-levels for level 'ServerLevel[world]'/minecraft:the_nether
[30Apr2026 11:07:00.147] [Server thread/INFO] [dev.ryanhcode.sable.Sable/]: Saving sub-levels for level 'ServerLevel[world]'/minecraft:the_end
[30Apr2026 11:07:00.159] [Server thread/INFO] [Chunk Activity Tracker/]: Saving data for 110 chunks for dimension 'the_nether' took 1 milliseconds
[30Apr2026 11:07:00.168] [Server thread/INFO] [Chunk Activity Tracker/]: Saving data for 2843 chunks for dimension 'overworld' took 9 milliseconds
[30Apr2026 11:07:11.342] [Server thread/INFO] [AllTheLeaks/]: Listing events...
[30Apr2026 11:07:11.343] [Server thread/INFO] [AllTheLeaks/]: Server Player Clone: 2
[30Apr2026 11:07:11.343] [Server thread/INFO] [AllTheLeaks/]: Server Player Logout: 7
[30Apr2026 11:07:11.343] [Server thread/INFO] [AllTheLeaks/]: Listing memory leaks so far...
[30Apr2026 11:07:11.343] [Server thread/INFO] [AllTheLeaks/]: B: 1289MB / C: 1407MB / Diff: +118MB
[30Apr2026 11:07:11.344] [Server thread/INFO] [AllTheLeaks/]: Memory Leaks detected: (/atl force_refresh to update)
[30Apr2026 11:07:11.344] [Server thread/INFO] [AllTheLeaks/]: | ChunkAccess:
[30Apr2026 11:07:11.344] [Server thread/INFO] [AllTheLeaks/]: |- LevelChunk (minecraft): 1030
[30Apr2026 11:07:11.344] [Server thread/INFO] [AllTheLeaks/]: | Player:
[30Apr2026 11:07:11.344] [Server thread/INFO] [AllTheLeaks/]: |- ServerPlayer (minecraft): 9
[30Apr2026 11:12:00.142] [Server thread/INFO] [dev.ryanhcode.sable.Sable/]: Saving sub-levels for level 'ServerLevel[world]'/minecraft:overworld
[30Apr2026 11:12:00.146] [Server thread/INFO] [dev.ryanhcode.sable.Sable/]: Saving sub-levels for level 'ServerLevel[world]'/minecraft:the_nether
[30Apr2026 11:12:00.147] [Server thread/INFO] [dev.ryanhcode.sable.Sable/]: Saving sub-levels for level 'ServerLevel[world]'/minecraft:the_end
[30Apr2026 11:12:00.154] [Server thread/INFO] [Chunk Activity Tracker/]: Saving data for 110 chunks for dimension 'the_nether' took 1 milliseconds
[30Apr2026 11:12:00.162] [Server thread/INFO] [Chunk Activity Tracker/]: Saving data for 2843 chunks for dimension 'overworld' took 8 milliseconds
[30Apr2026 11:17:00.142] [Server thread/INFO] [dev.ryanhcode.sable.Sable/]: Saving sub-levels for level 'ServerLevel[world]'/minecraft:overworld
[30Apr2026 11:17:00.146] [Server thread/INFO] [dev.ryanhcode.sable.Sable/]: Saving sub-levels for level 'ServerLevel[world]'/minecraft:the_nether
[30Apr2026 11:17:00.147] [Server thread/INFO] [dev.ryanhcode.sable.Sable/]: Saving sub-levels for level 'ServerLevel[world]'/minecraft:the_end
[30Apr2026 11:17:00.154] [Server thread/INFO] [Chunk Activity Tracker/]: Saving data for 110 chunks for dimension 'the_nether' took 1 milliseconds
[30Apr2026 11:17:00.162] [Server thread/INFO] [Chunk Activity Tracker/]: Saving data for 2843 chunks for dimension 'overworld' took 8 milliseconds
[30Apr2026 11:17:11.393] [Server thread/INFO] [AllTheLeaks/]: Listing events...
[30Apr2026 11:17:11.393] [Server thread/INFO] [AllTheLeaks/]: Server Player Clone: 2
[30Apr2026 11:17:11.393] [Server thread/INFO] [AllTheLeaks/]: Server Player Logout: 7
[30Apr2026 11:17:11.393] [Server thread/INFO] [AllTheLeaks/]: Listing memory leaks so far...
[30Apr2026 11:17:11.393] [Server thread/INFO] [AllTheLeaks/]: B: 1289MB / C: 1407MB / Diff: +118MB
[30Apr2026 11:17:11.394] [Server thread/INFO] [AllTheLeaks/]: Memory Leaks detected: (/atl force_refresh to update)
[30Apr2026 11:17:11.394] [Server thread/INFO] [AllTheLeaks/]: | ChunkAccess:
[30Apr2026 11:17:11.394] [Server thread/INFO] [AllTheLeaks/]: |- LevelChunk (minecraft): 1030
[30Apr2026 11:17:11.394] [Server thread/INFO] [AllTheLeaks/]: | Player:
[30Apr2026 11:17:11.394] [Server thread/INFO] [AllTheLeaks/]: |- ServerPlayer (minecraft): 9
[30Apr2026 11:22:00.142] [Server thread/INFO] [dev.ryanhcode.sable.Sable/]: Saving sub-levels for level 'ServerLevel[world]'/minecraft:overworld
[30Apr2026 11:22:00.149] [Server thread/INFO] [dev.ryanhcode.sable.Sable/]: Saving sub-levels for level 'ServerLevel[world]'/minecraft:the_nether
[30Apr2026 11:22:00.149] [Server thread/INFO] [dev.ryanhcode.sable.Sable/]: Saving sub-levels for level 'ServerLevel[world]'/minecraft:the_end
[30Apr2026 11:22:00.157] [Server thread/INFO] [Chunk Activity Tracker/]: Saving data for 110 chunks for dimension 'the_nether' took 1 milliseconds
[30Apr2026 11:22:00.165] [Server thread/INFO] [Chunk Activity Tracker/]: Saving data for 2843 chunks for dimension 'overworld' took 8 milliseconds
[30Apr2026 11:27:00.142] [Server thread/INFO] [dev.ryanhcode.sable.Sable/]: Saving sub-levels for level 'ServerLevel[world]'/minecraft:overworld
[30Apr2026 11:27:00.146] [Server thread/INFO] [dev.ryanhcode.sable.Sable/]: Saving sub-levels for level 'ServerLevel[world]'/minecraft:the_nether
[30Apr2026 11:27:00.146] [Server thread/INFO] [dev.ryanhcode.sable.Sable/]: Saving sub-levels for level 'ServerLevel[world]'/minecraft:the_end
[30Apr2026 11:27:00.153] [Server thread/INFO] [Chunk Activity Tracker/]: Saving data for 110 chunks for dimension 'the_nether' took 1 milliseconds
[30Apr2026 11:27:00.161] [Server thread/INFO] [Chunk Activity Tracker/]: Saving data for 2843 chunks for dimension 'overworld' took 8 milliseconds
[30Apr2026 11:27:11.442] [Server thread/INFO] [AllTheLeaks/]: Listing events...
[30Apr2026 11:27:11.443] [Server thread/INFO] [AllTheLeaks/]: Server Player Clone: 2
[30Apr2026 11:27:11.443] [Server thread/INFO] [AllTheLeaks/]: Server Player Logout: 7
[30Apr2026 11:27:11.443] [Server thread/INFO] [AllTheLeaks/]: Listing memory leaks so far...
[30Apr2026 11:27:11.443] [Server thread/INFO] [AllTheLeaks/]: B: 1289MB / C: 1407MB / Diff: +118MB
[30Apr2026 11:27:11.444] [Server thread/INFO] [AllTheLeaks/]: Memory Leaks detected: (/atl force_refresh to update)
[30Apr2026 11:27:11.444] [Server thread/INFO] [AllTheLeaks/]: | ChunkAccess:
[30Apr2026 11:27:11.444] [Server thread/INFO] [AllTheLeaks/]: |- LevelChunk (minecraft): 1030
[30Apr2026 11:27:11.444] [Server thread/INFO] [AllTheLeaks/]: | Player:
[30Apr2026 11:27:11.444] [Server thread/INFO] [AllTheLeaks/]: |- ServerPlayer (minecraft): 9
[30Apr2026 11:32:00.142] [Server thread/INFO] [dev.ryanhcode.sable.Sable/]: Saving sub-levels for level 'ServerLevel[world]'/minecraft:overworld
[30Apr2026 11:32:00.146] [Server thread/INFO] [dev.ryanhcode.sable.Sable/]: Saving sub-levels for level 'ServerLevel[world]'/minecraft:the_nether
[30Apr2026 11:32:00.146] [Server thread/INFO] [dev.ryanhcode.sable.Sable/]: Saving sub-levels for level 'ServerLevel[world]'/minecraft:the_end
[30Apr2026 11:32:00.154] [Server thread/INFO] [Chunk Activity Tracker/]: Saving data for 110 chunks for dimension 'the_nether' took 1 milliseconds
[30Apr2026 11:32:00.161] [Server thread/INFO] [Chunk Activity Tracker/]: Saving data for 2843 chunks for dimension 'overworld' took 7 milliseconds
[30Apr2026 11:37:00.142] [Server thread/INFO] [dev.ryanhcode.sable.Sable/]: Saving sub-levels for level 'ServerLevel[world]'/minecraft:overworld
[30Apr2026 11:37:00.146] [Server thread/INFO] [dev.ryanhcode.sable.Sable/]: Saving sub-levels for level 'ServerLevel[world]'/minecraft:the_nether
[30Apr2026 11:37:00.147] [Server thread/INFO] [dev.ryanhcode.sable.Sable/]: Saving sub-levels for level 'ServerLevel[world]'/minecraft:the_end
[30Apr2026 11:37:00.154] [Server thread/INFO] [Chunk Activity Tracker/]: Saving data for 110 chunks for dimension 'the_nether' took 1 milliseconds
[30Apr2026 11:37:00.161] [Server thread/INFO] [Chunk Activity Tracker/]: Saving data for 2843 chunks for dimension 'overworld' took 7 milliseconds
[30Apr2026 11:37:11.492] [Server thread/INFO] [AllTheLeaks/]: Listing events...
[30Apr2026 11:37:11.493] [Server thread/INFO] [AllTheLeaks/]: Server Player Clone: 2
[30Apr2026 11:37:11.493] [Server thread/INFO] [AllTheLeaks/]: Server Player Logout: 7
[30Apr2026 11:37:11.493] [Server thread/INFO] [AllTheLeaks/]: Listing memory leaks so far...
[30Apr2026 11:37:11.493] [Server thread/INFO] [AllTheLeaks/]: B: 1289MB / C: 1407MB / Diff: +118MB
[30Apr2026 11:37:11.493] [Server thread/INFO] [AllTheLeaks/]: Memory Leaks detected: (/atl force_refresh to update)
[30Apr2026 11:37:11.494] [Server thread/INFO] [AllTheLeaks/]: | ChunkAccess:
[30Apr2026 11:37:11.494] [Server thread/INFO] [AllTheLeaks/]: |- LevelChunk (minecraft): 1030
[30Apr2026 11:37:11.494] [Server thread/INFO] [AllTheLeaks/]: | Player:
[30Apr2026 11:37:11.494] [Server thread/INFO] [AllTheLeaks/]: |- ServerPlayer (minecraft): 9
[30Apr2026 11:42:00.143] [Server thread/INFO] [dev.ryanhcode.sable.Sable/]: Saving sub-levels for level 'ServerLevel[world]'/minecraft:overworld
[30Apr2026 11:42:00.146] [Server thread/INFO] [dev.ryanhcode.sable.Sable/]: Saving sub-levels for level 'ServerLevel[world]'/minecraft:the_nether
[30Apr2026 11:42:00.147] [Server thread/INFO] [dev.ryanhcode.sable.Sable/]: Saving sub-levels for level 'ServerLevel[world]'/minecraft:the_end
[30Apr2026 11:42:00.154] [Server thread/INFO] [Chunk Activity Tracker/]: Saving data for 110 chunks for dimension 'the_nether' took 1 milliseconds
[30Apr2026 11:42:00.162] [Server thread/INFO] [Chunk Activity Tracker/]: Saving data for 2843 chunks for dimension 'overworld' took 8 milliseconds
[30Apr2026 11:47:00.142] [Server thread/INFO] [dev.ryanhcode.sable.Sable/]: Saving sub-levels for level 'ServerLevel[world]'/minecraft:overworld
[30Apr2026 11:47:00.146] [Server thread/INFO] [dev.ryanhcode.sable.Sable/]: Saving sub-levels for level 'ServerLevel[world]'/minecraft:the_nether
[30Apr2026 11:47:00.146] [Server thread/INFO] [dev.ryanhcode.sable.Sable/]: Saving sub-levels for level 'ServerLevel[world]'/minecraft:the_end
[30Apr2026 11:47:00.154] [Server thread/INFO] [Chunk Activity Tracker/]: Saving data for 110 chunks for dimension 'the_nether' took 1 milliseconds
[30Apr2026 11:47:00.162] [Server thread/INFO] [Chunk Activity Tracker/]: Saving data for 2843 chunks for dimension 'overworld' took 8 milliseconds
[30Apr2026 11:47:11.542] [Server thread/INFO] [AllTheLeaks/]: Listing events...
[30Apr2026 11:47:11.543] [Server thread/INFO] [AllTheLeaks/]: Server Player Clone: 2
[30Apr2026 11:47:11.543] [Server thread/INFO] [AllTheLeaks/]: Server Player Logout: 7
[30Apr2026 11:47:11.543] [Server thread/INFO] [AllTheLeaks/]: Listing memory leaks so far...
[30Apr2026 11:47:11.543] [Server thread/INFO] [AllTheLeaks/]: B: 1289MB / C: 1407MB / Diff: +118MB
[30Apr2026 11:47:11.544] [Server thread/INFO] [AllTheLeaks/]: Memory Leaks detected: (/atl force_refresh to update)
[30Apr2026 11:47:11.544] [Server thread/INFO] [AllTheLeaks/]: | ChunkAccess:
[30Apr2026 11:47:11.544] [Server thread/INFO] [AllTheLeaks/]: |- LevelChunk (minecraft): 1030
[30Apr2026 11:47:11.544] [Server thread/INFO] [AllTheLeaks/]: | Player:
[30Apr2026 11:47:11.544] [Server thread/INFO] [AllTheLeaks/]: |- ServerPlayer (minecraft): 9
[30Apr2026 11:52:00.143] [Server thread/INFO] [dev.ryanhcode.sable.Sable/]: Saving sub-levels for level 'ServerLevel[world]'/minecraft:overworld
[30Apr2026 11:52:00.146] [Server thread/INFO] [dev.ryanhcode.sable.Sable/]: Saving sub-levels for level 'ServerLevel[world]'/minecraft:the_nether
[30Apr2026 11:52:00.147] [Server thread/INFO] [dev.ryanhcode.sable.Sable/]: Saving sub-levels for level 'ServerLevel[world]'/minecraft:the_end
[30Apr2026 11:52:00.154] [Server thread/INFO] [Chunk Activity Tracker/]: Saving data for 110 chunks for dimension 'the_nether' took 1 milliseconds
[30Apr2026 11:52:00.162] [Server thread/INFO] [Chunk Activity Tracker/]: Saving data for 2843 chunks for dimension 'overworld' took 8 milliseconds
[30Apr2026 11:57:00.142] [Server thread/INFO] [dev.ryanhcode.sable.Sable/]: Saving sub-levels for level 'ServerLevel[world]'/minecraft:overworld
[30Apr2026 11:57:00.146] [Server thread/INFO] [dev.ryanhcode.sable.Sable/]: Saving sub-levels for level 'ServerLevel[world]'/minecraft:the_nether
[30Apr2026 11:57:00.147] [Server thread/INFO] [dev.ryanhcode.sable.Sable/]: Saving sub-levels for level 'ServerLevel[world]'/minecraft:the_end
[30Apr2026 11:57:00.154] [Server thread/INFO] [Chunk Activity Tracker/]: Saving data for 110 chunks for dimension 'the_nether' took 1 milliseconds
[30Apr2026 11:57:00.162] [Server thread/INFO] [Chunk Activity Tracker/]: Saving data for 2843 chunks for dimension 'overworld' took 8 milliseconds
[30Apr2026 11:57:11.592] [Server thread/INFO] [AllTheLeaks/]: Listing events...
[30Apr2026 11:57:11.593] [Server thread/INFO] [AllTheLeaks/]: Server Player Clone: 2
[30Apr2026 11:57:11.593] [Server thread/INFO] [AllTheLeaks/]: Server Player Logout: 7
[30Apr2026 11:57:11.593] [Server thread/INFO] [AllTheLeaks/]: Listing memory leaks so far...
[30Apr2026 11:57:11.593] [Server thread/INFO] [AllTheLeaks/]: B: 1289MB / C: 1407MB / Diff: +118MB
[30Apr2026 11:57:11.593] [Server thread/INFO] [AllTheLeaks/]: Memory Leaks detected: (/atl force_refresh to update)
[30Apr2026 11:57:11.594] [Server thread/INFO] [AllTheLeaks/]: | ChunkAccess:
[30Apr2026 11:57:11.598] [Server thread/INFO] [AllTheLeaks/]: |- LevelChunk (minecraft): 1030
[30Apr2026 11:57:11.598] [Server thread/INFO] [AllTheLeaks/]: | Player:
[30Apr2026 11:57:11.599] [Server thread/INFO] [AllTheLeaks/]: |- ServerPlayer (minecraft): 9
[30Apr2026 12:02:00.142] [Server thread/INFO] [dev.ryanhcode.sable.Sable/]: Saving sub-levels for level 'ServerLevel[world]'/minecraft:overworld
[30Apr2026 12:02:00.146] [Server thread/INFO] [dev.ryanhcode.sable.Sable/]: Saving sub-levels for level 'ServerLevel[world]'/minecraft:the_nether
[30Apr2026 12:02:00.147] [Server thread/INFO] [dev.ryanhcode.sable.Sable/]: Saving sub-levels for level 'ServerLevel[world]'/minecraft:the_end
[30Apr2026 12:02:00.154] [Server thread/INFO] [Chunk Activity Tracker/]: Saving data for 110 chunks for dimension 'the_nether' took 1 milliseconds
[30Apr2026 12:02:00.162] [Server thread/INFO] [Chunk Activity Tracker/]: Saving data for 2843 chunks for dimension 'overworld' took 8 milliseconds
[30Apr2026 12:07:00.142] [Server thread/INFO] [dev.ryanhcode.sable.Sable/]: Saving sub-levels for level 'ServerLevel[world]'/minecraft:overworld
[30Apr2026 12:07:00.146] [Server thread/INFO] [dev.ryanhcode.sable.Sable/]: Saving sub-levels for level 'ServerLevel[world]'/minecraft:the_nether
[30Apr2026 12:07:00.146] [Server thread/INFO] [dev.ryanhcode.sable.Sable/]: Saving sub-levels for level 'ServerLevel[world]'/minecraft:the_end
[30Apr2026 12:07:00.153] [Server thread/INFO] [Chunk Activity Tracker/]: Saving data for 110 chunks for dimension 'the_nether' took 0 milliseconds
[30Apr2026 12:07:00.161] [Server thread/INFO] [Chunk Activity Tracker/]: Saving data for 2843 chunks for dimension 'overworld' took 7 milliseconds
[30Apr2026 12:07:11.643] [Server thread/INFO] [AllTheLeaks/]: Listing events...
[30Apr2026 12:07:11.643] [Server thread/INFO] [AllTheLeaks/]: Server Player Clone: 2
[30Apr2026 12:07:11.643] [Server thread/INFO] [AllTheLeaks/]: Server Player Logout: 7
[30Apr2026 12:07:11.643] [Server thread/INFO] [AllTheLeaks/]: Listing memory leaks so far...
[30Apr2026 12:07:11.643] [Server thread/INFO] [AllTheLeaks/]: B: 1289MB / C: 1407MB / Diff: +118MB
[30Apr2026 12:07:11.644] [Server thread/INFO] [AllTheLeaks/]: Memory Leaks detected: (/atl force_refresh to update)
[30Apr2026 12:07:11.644] [Server thread/INFO] [AllTheLeaks/]: | ChunkAccess:
[30Apr2026 12:07:11.644] [Server thread/INFO] [AllTheLeaks/]: |- LevelChunk (minecraft): 1030
[30Apr2026 12:07:11.644] [Server thread/INFO] [AllTheLeaks/]: | Player:
[30Apr2026 12:07:11.644] [Server thread/INFO] [AllTheLeaks/]: |- ServerPlayer (minecraft): 9
[30Apr2026 12:12:00.143] [Server thread/INFO] [dev.ryanhcode.sable.Sable/]: Saving sub-levels for level 'ServerLevel[world]'/minecraft:overworld
[30Apr2026 12:12:00.146] [Server thread/INFO] [dev.ryanhcode.sable.Sable/]: Saving sub-levels for level 'ServerLevel[world]'/minecraft:the_nether
[30Apr2026 12:12:00.146] [Server thread/INFO] [dev.ryanhcode.sable.Sable/]: Saving sub-levels for level 'ServerLevel[world]'/minecraft:the_end
[30Apr2026 12:12:00.162] [Server thread/INFO] [Chunk Activity Tracker/]: Saving data for 110 chunks for dimension 'the_nether' took 1 milliseconds
[30Apr2026 12:12:00.170] [Server thread/INFO] [Chunk Activity Tracker/]: Saving data for 2843 chunks for dimension 'overworld' took 7 milliseconds
[30Apr2026 12:17:00.142] [Server thread/INFO] [dev.ryanhcode.sable.Sable/]: Saving sub-levels for level 'ServerLevel[world]'/minecraft:overworld
[30Apr2026 12:17:00.148] [Server thread/INFO] [dev.ryanhcode.sable.Sable/]: Saving sub-levels for level 'ServerLevel[world]'/minecraft:the_nether
[30Apr2026 12:17:00.149] [Server thread/INFO] [dev.ryanhcode.sable.Sable/]: Saving sub-levels for level 'ServerLevel[world]'/minecraft:the_end
[30Apr2026 12:17:00.156] [Server thread/INFO] [Chunk Activity Tracker/]: Saving data for 110 chunks for dimension 'the_nether' took 1 milliseconds
[30Apr2026 12:17:00.164] [Server thread/INFO] [Chunk Activity Tracker/]: Saving data for 2843 chunks for dimension 'overworld' took 8 milliseconds
[30Apr2026 12:17:11.692] [Server thread/INFO] [AllTheLeaks/]: Listing events...
[30Apr2026 12:17:11.693] [Server thread/INFO] [AllTheLeaks/]: Server Player Clone: 2
[30Apr2026 12:17:11.693] [Server thread/INFO] [AllTheLeaks/]: Server Player Logout: 7
[30Apr2026 12:17:11.693] [Server thread/INFO] [AllTheLeaks/]: Listing memory leaks so far...
[30Apr2026 12:17:11.693] [Server thread/INFO] [AllTheLeaks/]: B: 1289MB / C: 1407MB / Diff: +118MB
[30Apr2026 12:17:11.693] [Server thread/INFO] [AllTheLeaks/]: Memory Leaks detected: (/atl force_refresh to update)
[30Apr2026 12:17:11.694] [Server thread/INFO] [AllTheLeaks/]: | ChunkAccess:
[30Apr2026 12:17:11.694] [Server thread/INFO] [AllTheLeaks/]: |- LevelChunk (minecraft): 1030
[30Apr2026 12:17:11.694] [Server thread/INFO] [AllTheLeaks/]: | Player:
[30Apr2026 12:17:11.694] [Server thread/INFO] [AllTheLeaks/]: |- ServerPlayer (minecraft): 9
[30Apr2026 12:22:00.143] [Server thread/INFO] [dev.ryanhcode.sable.Sable/]: Saving sub-levels for level 'ServerLevel[world]'/minecraft:overworld
[30Apr2026 12:22:00.147] [Server thread/INFO] [dev.ryanhcode.sable.Sable/]: Saving sub-levels for level 'ServerLevel[world]'/minecraft:the_nether
[30Apr2026 12:22:00.147] [Server thread/INFO] [dev.ryanhcode.sable.Sable/]: Saving sub-levels for level 'ServerLevel[world]'/minecraft:the_end
[30Apr2026 12:22:00.154] [Server thread/INFO] [Chunk Activity Tracker/]: Saving data for 110 chunks for dimension 'the_nether' took 1 milliseconds
[30Apr2026 12:22:00.162] [Server thread/INFO] [Chunk Activity Tracker/]: Saving data for 2843 chunks for dimension 'overworld' took 8 milliseconds
[30Apr2026 12:27:00.142] [Server thread/INFO] [dev.ryanhcode.sable.Sable/]: Saving sub-levels for level 'ServerLevel[world]'/minecraft:overworld
[30Apr2026 12:27:00.146] [Server thread/INFO] [dev.ryanhcode.sable.Sable/]: Saving sub-levels for level 'ServerLevel[world]'/minecraft:the_nether
[30Apr2026 12:27:00.147] [Server thread/INFO] [dev.ryanhcode.sable.Sable/]: Saving sub-levels for level 'ServerLevel[world]'/minecraft:the_end
[30Apr2026 12:27:00.154] [Server thread/INFO] [Chunk Activity Tracker/]: Saving data for 110 chunks for dimension 'the_nether' took 1 milliseconds
[30Apr2026 12:27:00.162] [Server thread/INFO] [Chunk Activity Tracker/]: Saving data for 2843 chunks for dimension 'overworld' took 8 milliseconds
[30Apr2026 12:27:11.742] [Server thread/INFO] [AllTheLeaks/]: Listing events...
[30Apr2026 12:27:11.743] [Server thread/INFO] [AllTheLeaks/]: Server Player Clone: 2
[30Apr2026 12:27:11.743] [Server thread/INFO] [AllTheLeaks/]: Server Player Logout: 7
[30Apr2026 12:27:11.743] [Server thread/INFO] [AllTheLeaks/]: Listing memory leaks so far...
[30Apr2026 12:27:11.743] [Server thread/INFO] [AllTheLeaks/]: B: 1289MB / C: 1407MB / Diff: +118MB
[30Apr2026 12:27:11.743] [Server thread/INFO] [AllTheLeaks/]: Memory Leaks detected: (/atl force_refresh to update)
[30Apr2026 12:27:11.744] [Server thread/INFO] [AllTheLeaks/]: | ChunkAccess:
[30Apr2026 12:27:11.744] [Server thread/INFO] [AllTheLeaks/]: |- LevelChunk (minecraft): 1030
[30Apr2026 12:27:11.744] [Server thread/INFO] [AllTheLeaks/]: | Player:
[30Apr2026 12:27:11.744] [Server thread/INFO] [AllTheLeaks/]: |- ServerPlayer (minecraft): 9
[30Apr2026 12:32:00.142] [Server thread/INFO] [dev.ryanhcode.sable.Sable/]: Saving sub-levels for level 'ServerLevel[world]'/minecraft:overworld
[30Apr2026 12:32:00.146] [Server thread/INFO] [dev.ryanhcode.sable.Sable/]: Saving sub-levels for level 'ServerLevel[world]'/minecraft:the_nether
[30Apr2026 12:32:00.146] [Server thread/INFO] [dev.ryanhcode.sable.Sable/]: Saving sub-levels for level 'ServerLevel[world]'/minecraft:the_end
[30Apr2026 12:32:00.153] [Server thread/INFO] [Chunk Activity Tracker/]: Saving data for 110 chunks for dimension 'the_nether' took 0 milliseconds
[30Apr2026 12:32:00.161] [Server thread/INFO] [Chunk Activity Tracker/]: Saving data for 2843 chunks for dimension 'overworld' took 7 milliseconds
[30Apr2026 12:37:00.142] [Server thread/INFO] [dev.ryanhcode.sable.Sable/]: Saving sub-levels for level 'ServerLevel[world]'/minecraft:overworld
[30Apr2026 12:37:00.146] [Server thread/INFO] [dev.ryanhcode.sable.Sable/]: Saving sub-levels for level 'ServerLevel[world]'/minecraft:the_nether
[30Apr2026 12:37:00.146] [Server thread/INFO] [dev.ryanhcode.sable.Sable/]: Saving sub-levels for level 'ServerLevel[world]'/minecraft:the_end
[30Apr2026 12:37:00.153] [Server thread/INFO] [Chunk Activity Tracker/]: Saving data for 110 chunks for dimension 'the_nether' took 1 milliseconds
[30Apr2026 12:37:00.162] [Server thread/INFO] [Chunk Activity Tracker/]: Saving data for 2843 chunks for dimension 'overworld' took 9 milliseconds
[30Apr2026 12:37:11.792] [Server thread/INFO] [AllTheLeaks/]: Listing events...
[30Apr2026 12:37:11.793] [Server thread/INFO] [AllTheLeaks/]: Server Player Clone: 2
[30Apr2026 12:37:11.793] [Server thread/INFO] [AllTheLeaks/]: Server Player Logout: 7
[30Apr2026 12:37:11.793] [Server thread/INFO] [AllTheLeaks/]: Listing memory leaks so far...
[30Apr2026 12:37:11.793] [Server thread/INFO] [AllTheLeaks/]: B: 1289MB / C: 1407MB / Diff: +118MB
[30Apr2026 12:37:11.793] [Server thread/INFO] [AllTheLeaks/]: Memory Leaks detected: (/atl force_refresh to update)
[30Apr2026 12:37:11.794] [Server thread/INFO] [AllTheLeaks/]: | ChunkAccess:
[30Apr2026 12:37:11.794] [Server thread/INFO] [AllTheLeaks/]: |- LevelChunk (minecraft): 1030
[30Apr2026 12:37:11.794] [Server thread/INFO] [AllTheLeaks/]: | Player:
[30Apr2026 12:37:11.794] [Server thread/INFO] [AllTheLeaks/]: |- ServerPlayer (minecraft): 9
[30Apr2026 12:42:00.142] [Server thread/INFO] [dev.ryanhcode.sable.Sable/]: Saving sub-levels for level 'ServerLevel[world]'/minecraft:overworld
[30Apr2026 12:42:00.146] [Server thread/INFO] [dev.ryanhcode.sable.Sable/]: Saving sub-levels for level 'ServerLevel[world]'/minecraft:the_nether
[30Apr2026 12:42:00.147] [Server thread/INFO] [dev.ryanhcode.sable.Sable/]: Saving sub-levels for level 'ServerLevel[world]'/minecraft:the_end
[30Apr2026 12:42:00.153] [Server thread/INFO] [Chunk Activity Tracker/]: Saving data for 110 chunks for dimension 'the_nether' took 1 milliseconds
[30Apr2026 12:42:00.161] [Server thread/INFO] [Chunk Activity Tracker/]: Saving data for 2843 chunks for dimension 'overworld' took 7 milliseconds
[30Apr2026 12:47:00.142] [Server thread/INFO] [dev.ryanhcode.sable.Sable/]: Saving sub-levels for level 'ServerLevel[world]'/minecraft:overworld
[30Apr2026 12:47:00.146] [Server thread/INFO] [dev.ryanhcode.sable.Sable/]: Saving sub-levels for level 'ServerLevel[world]'/minecraft:the_nether
[30Apr2026 12:47:00.146] [Server thread/INFO] [dev.ryanhcode.sable.Sable/]: Saving sub-levels for level 'ServerLevel[world]'/minecraft:the_end
[30Apr2026 12:47:00.154] [Server thread/INFO] [Chunk Activity Tracker/]: Saving data for 110 chunks for dimension 'the_nether' took 1 milliseconds
[30Apr2026 12:47:00.162] [Server thread/INFO] [Chunk Activity Tracker/]: Saving data for 2843 chunks for dimension 'overworld' took 8 milliseconds
[30Apr2026 12:47:11.842] [Server thread/INFO] [AllTheLeaks/]: Listing events...
[30Apr2026 12:47:11.843] [Server thread/INFO] [AllTheLeaks/]: Server Player Clone: 2
[30Apr2026 12:47:11.843] [Server thread/INFO] [AllTheLeaks/]: Server Player Logout: 7
[30Apr2026 12:47:11.843] [Server thread/INFO] [AllTheLeaks/]: Listing memory leaks so far...
[30Apr2026 12:47:11.843] [Server thread/INFO] [AllTheLeaks/]: B: 1289MB / C: 1396MB / Diff: +107MB
[30Apr2026 12:47:11.844] [Server thread/INFO] [AllTheLeaks/]: Memory Leaks detected: (/atl force_refresh to update)
[30Apr2026 12:47:11.844] [Server thread/INFO] [AllTheLeaks/]: | ChunkAccess:
[30Apr2026 12:47:11.844] [Server thread/INFO] [AllTheLeaks/]: |- LevelChunk (minecraft): 1013
[30Apr2026 12:47:11.844] [Server thread/INFO] [AllTheLeaks/]: | Player:
[30Apr2026 12:47:11.844] [Server thread/INFO] [AllTheLeaks/]: |- ServerPlayer (minecraft): 9
[30Apr2026 12:52:00.142] [Server thread/INFO] [dev.ryanhcode.sable.Sable/]: Saving sub-levels for level 'ServerLevel[world]'/minecraft:overworld
[30Apr2026 12:52:00.146] [Server thread/INFO] [dev.ryanhcode.sable.Sable/]: Saving sub-levels for level 'ServerLevel[world]'/minecraft:the_nether
[30Apr2026 12:52:00.146] [Server thread/INFO] [dev.ryanhcode.sable.Sable/]: Saving sub-levels for level 'ServerLevel[world]'/minecraft:the_end
[30Apr2026 12:52:00.154] [Server thread/INFO] [Chunk Activity Tracker/]: Saving data for 110 chunks for dimension 'the_nether' took 1 milliseconds
[30Apr2026 12:52:00.161] [Server thread/INFO] [Chunk Activity Tracker/]: Saving data for 2843 chunks for dimension 'overworld' took 7 milliseconds
[30Apr2026 12:57:00.142] [Server thread/INFO] [dev.ryanhcode.sable.Sable/]: Saving sub-levels for level 'ServerLevel[world]'/minecraft:overworld
[30Apr2026 12:57:00.146] [Server thread/INFO] [dev.ryanhcode.sable.Sable/]: Saving sub-levels for level 'ServerLevel[world]'/minecraft:the_nether
[30Apr2026 12:57:00.147] [Server thread/INFO] [dev.ryanhcode.sable.Sable/]: Saving sub-levels for level 'ServerLevel[world]'/minecraft:the_end
[30Apr2026 12:57:00.154] [Server thread/INFO] [Chunk Activity Tracker/]: Saving data for 110 chunks for dimension 'the_nether' took 1 milliseconds
[30Apr2026 12:57:00.162] [Server thread/INFO] [Chunk Activity Tracker/]: Saving data for 2843 chunks for dimension 'overworld' took 8 milliseconds
[30Apr2026 12:57:11.893] [Server thread/INFO] [AllTheLeaks/]: Listing events...
[30Apr2026 12:57:11.893] [Server thread/INFO] [AllTheLeaks/]: Server Player Clone: 2
[30Apr2026 12:57:11.893] [Server thread/INFO] [AllTheLeaks/]: Server Player Logout: 7
[30Apr2026 12:57:11.893] [Server thread/INFO] [AllTheLeaks/]: Listing memory leaks so far...
[30Apr2026 12:57:11.893] [Server thread/INFO] [AllTheLeaks/]: B: 1289MB / C: 1396MB / Diff: +107MB
[30Apr2026 12:57:11.894] [Server thread/INFO] [AllTheLeaks/]: Memory Leaks detected: (/atl force_refresh to update)
[30Apr2026 12:57:11.894] [Server thread/INFO] [AllTheLeaks/]: | ChunkAccess:
[30Apr2026 12:57:11.894] [Server thread/INFO] [AllTheLeaks/]: |- LevelChunk (minecraft): 1013
[30Apr2026 12:57:11.894] [Server thread/INFO] [AllTheLeaks/]: | Player:
[30Apr2026 12:57:11.894] [Server thread/INFO] [AllTheLeaks/]: |- ServerPlayer (minecraft): 9
[30Apr2026 13:02:00.142] [Server thread/INFO] [dev.ryanhcode.sable.Sable/]: Saving sub-levels for level 'ServerLevel[world]'/minecraft:overworld
[30Apr2026 13:02:00.147] [Server thread/INFO] [dev.ryanhcode.sable.Sable/]: Saving sub-levels for level 'ServerLevel[world]'/minecraft:the_nether
[30Apr2026 13:02:00.147] [Server thread/INFO] [dev.ryanhcode.sable.Sable/]: Saving sub-levels for level 'ServerLevel[world]'/minecraft:the_end
[30Apr2026 13:02:00.155] [Server thread/INFO] [Chunk Activity Tracker/]: Saving data for 110 chunks for dimension 'the_nether' took 1 milliseconds
[30Apr2026 13:02:00.163] [Server thread/INFO] [Chunk Activity Tracker/]: Saving data for 2843 chunks for dimension 'overworld' took 8 milliseconds
[30Apr2026 13:07:00.143] [Server thread/INFO] [dev.ryanhcode.sable.Sable/]: Saving sub-levels for level 'ServerLevel[world]'/minecraft:overworld
[30Apr2026 13:07:00.146] [Server thread/INFO] [dev.ryanhcode.sable.Sable/]: Saving sub-levels for level 'ServerLevel[world]'/minecraft:the_nether
[30Apr2026 13:07:00.147] [Server thread/INFO] [dev.ryanhcode.sable.Sable/]: Saving sub-levels for level 'ServerLevel[world]'/minecraft:the_end
[30Apr2026 13:07:00.154] [Server thread/INFO] [Chunk Activity Tracker/]: Saving data for 110 chunks for dimension 'the_nether' took 1 milliseconds
[30Apr2026 13:07:00.162] [Server thread/INFO] [Chunk Activity Tracker/]: Saving data for 2843 chunks for dimension 'overworld' took 8 milliseconds
[30Apr2026 13:07:11.942] [Server thread/INFO] [AllTheLeaks/]: Listing events...
[30Apr2026 13:07:11.943] [Server thread/INFO] [AllTheLeaks/]: Server Player Clone: 2
[30Apr2026 13:07:11.943] [Server thread/INFO] [AllTheLeaks/]: Server Player Logout: 7
[30Apr2026 13:07:11.944] [Server thread/INFO] [AllTheLeaks/]: Listing memory leaks so far...
[30Apr2026 13:07:11.944] [Server thread/INFO] [AllTheLeaks/]: B: 1289MB / C: 1396MB / Diff: +107MB
[30Apr2026 13:07:11.944] [Server thread/INFO] [AllTheLeaks/]: Memory Leaks detected: (/atl force_refresh to update)
[30Apr2026 13:07:11.944] [Server thread/INFO] [AllTheLeaks/]: | ChunkAccess:
[30Apr2026 13:07:11.944] [Server thread/INFO] [AllTheLeaks/]: |- LevelChunk (minecraft): 1013
[30Apr2026 13:07:11.944] [Server thread/INFO] [AllTheLeaks/]: | Player:
[30Apr2026 13:07:11.945] [Server thread/INFO] [AllTheLeaks/]: |- ServerPlayer (minecraft): 9
[30Apr2026 13:12:00.142] [Server thread/INFO] [dev.ryanhcode.sable.Sable/]: Saving sub-levels for level 'ServerLevel[world]'/minecraft:overworld
[30Apr2026 13:12:00.146] [Server thread/INFO] [dev.ryanhcode.sable.Sable/]: Saving sub-levels for level 'ServerLevel[world]'/minecraft:the_nether
[30Apr2026 13:12:00.146] [Server thread/INFO] [dev.ryanhcode.sable.Sable/]: Saving sub-levels for level 'ServerLevel[world]'/minecraft:the_end
[30Apr2026 13:12:00.154] [Server thread/INFO] [Chunk Activity Tracker/]: Saving data for 110 chunks for dimension 'the_nether' took 1 milliseconds
[30Apr2026 13:12:00.162] [Server thread/INFO] [Chunk Activity Tracker/]: Saving data for 2843 chunks for dimension 'overworld' took 8 milliseconds
[30Apr2026 13:17:00.142] [Server thread/INFO] [dev.ryanhcode.sable.Sable/]: Saving sub-levels for level 'ServerLevel[world]'/minecraft:overworld
[30Apr2026 13:17:00.157] [Server thread/INFO] [dev.ryanhcode.sable.Sable/]: Saving sub-levels for level 'ServerLevel[world]'/minecraft:the_nether
[30Apr2026 13:17:00.157] [Server thread/INFO] [dev.ryanhcode.sable.Sable/]: Saving sub-levels for level 'ServerLevel[world]'/minecraft:the_end
[30Apr2026 13:17:00.165] [Server thread/INFO] [Chunk Activity Tracker/]: Saving data for 110 chunks for dimension 'the_nether' took 1 milliseconds
[30Apr2026 13:17:00.173] [Server thread/INFO] [Chunk Activity Tracker/]: Saving data for 2843 chunks for dimension 'overworld' took 8 milliseconds
[30Apr2026 13:17:11.992] [Server thread/INFO] [AllTheLeaks/]: Listing events...
[30Apr2026 13:17:11.993] [Server thread/INFO] [AllTheLeaks/]: Server Player Clone: 2
[30Apr2026 13:17:11.993] [Server thread/INFO] [AllTheLeaks/]: Server Player Logout: 7
[30Apr2026 13:17:11.993] [Server thread/INFO] [AllTheLeaks/]: Listing memory leaks so far...
[30Apr2026 13:17:11.993] [Server thread/INFO] [AllTheLeaks/]: B: 1289MB / C: 1396MB / Diff: +107MB
[30Apr2026 13:17:11.994] [Server thread/INFO] [AllTheLeaks/]: Memory Leaks detected: (/atl force_refresh to update)
[30Apr2026 13:17:11.994] [Server thread/INFO] [AllTheLeaks/]: | ChunkAccess:
[30Apr2026 13:17:11.994] [Server thread/INFO] [AllTheLeaks/]: |- LevelChunk (minecraft): 1013
[30Apr2026 13:17:11.994] [Server thread/INFO] [AllTheLeaks/]: | Player:
[30Apr2026 13:17:11.994] [Server thread/INFO] [AllTheLeaks/]: |- ServerPlayer (minecraft): 9
[30Apr2026 13:22:00.142] [Server thread/INFO] [dev.ryanhcode.sable.Sable/]: Saving sub-levels for level 'ServerLevel[world]'/minecraft:overworld
[30Apr2026 13:22:00.146] [Server thread/INFO] [dev.ryanhcode.sable.Sable/]: Saving sub-levels for level 'ServerLevel[world]'/minecraft:the_nether
[30Apr2026 13:22:00.146] [Server thread/INFO] [dev.ryanhcode.sable.Sable/]: Saving sub-levels for level 'ServerLevel[world]'/minecraft:the_end
[30Apr2026 13:22:00.153] [Server thread/INFO] [Chunk Activity Tracker/]: Saving data for 110 chunks for dimension 'the_nether' took 0 milliseconds
[30Apr2026 13:22:00.162] [Server thread/INFO] [Chunk Activity Tracker/]: Saving data for 2843 chunks for dimension 'overworld' took 8 milliseconds
[30Apr2026 13:27:00.142] [Server thread/INFO] [dev.ryanhcode.sable.Sable/]: Saving sub-levels for level 'ServerLevel[world]'/minecraft:overworld
[30Apr2026 13:27:00.146] [Server thread/INFO] [dev.ryanhcode.sable.Sable/]: Saving sub-levels for level 'ServerLevel[world]'/minecraft:the_nether
[30Apr2026 13:27:00.146] [Server thread/INFO] [dev.ryanhcode.sable.Sable/]: Saving sub-levels for level 'ServerLevel[world]'/minecraft:the_end
[30Apr2026 13:27:00.153] [Server thread/INFO] [Chunk Activity Tracker/]: Saving data for 110 chunks for dimension 'the_nether' took 1 milliseconds
[30Apr2026 13:27:00.162] [Server thread/INFO] [Chunk Activity Tracker/]: Saving data for 2843 chunks for dimension 'overworld' took 8 milliseconds
[30Apr2026 13:27:12.043] [Server thread/INFO] [AllTheLeaks/]: Listing events...
[30Apr2026 13:27:12.043] [Server thread/INFO] [AllTheLeaks/]: Server Player Clone: 2
[30Apr2026 13:27:12.043] [Server thread/INFO] [AllTheLeaks/]: Server Player Logout: 7
[30Apr2026 13:27:12.044] [Server thread/INFO] [AllTheLeaks/]: Listing memory leaks so far...
[30Apr2026 13:27:12.044] [Server thread/INFO] [AllTheLeaks/]: B: 1289MB / C: 1396MB / Diff: +107MB
[30Apr2026 13:27:12.044] [Server thread/INFO] [AllTheLeaks/]: Memory Leaks detected: (/atl force_refresh to update)
[30Apr2026 13:27:12.044] [Server thread/INFO] [AllTheLeaks/]: | ChunkAccess:
[30Apr2026 13:27:12.044] [Server thread/INFO] [AllTheLeaks/]: |- LevelChunk (minecraft): 1013
[30Apr2026 13:27:12.044] [Server thread/INFO] [AllTheLeaks/]: | Player:
[30Apr2026 13:27:12.045] [Server thread/INFO] [AllTheLeaks/]: |- ServerPlayer (minecraft): 9
[30Apr2026 13:32:00.143] [Server thread/INFO] [dev.ryanhcode.sable.Sable/]: Saving sub-levels for level 'ServerLevel[world]'/minecraft:overworld
[30Apr2026 13:32:00.146] [Server thread/INFO] [dev.ryanhcode.sable.Sable/]: Saving sub-levels for level 'ServerLevel[world]'/minecraft:the_nether
[30Apr2026 13:32:00.147] [Server thread/INFO] [dev.ryanhcode.sable.Sable/]: Saving sub-levels for level 'ServerLevel[world]'/minecraft:the_end
[30Apr2026 13:32:00.154] [Server thread/INFO] [Chunk Activity Tracker/]: Saving data for 110 chunks for dimension 'the_nether' took 1 milliseconds
[30Apr2026 13:32:00.164] [Server thread/INFO] [Chunk Activity Tracker/]: Saving data for 2843 chunks for dimension 'overworld' took 9 milliseconds
[30Apr2026 13:37:00.142] [Server thread/INFO] [dev.ryanhcode.sable.Sable/]: Saving sub-levels for level 'ServerLevel[world]'/minecraft:overworld
[30Apr2026 13:37:00.146] [Server thread/INFO] [dev.ryanhcode.sable.Sable/]: Saving sub-levels for level 'ServerLevel[world]'/minecraft:the_nether
[30Apr2026 13:37:00.146] [Server thread/INFO] [dev.ryanhcode.sable.Sable/]: Saving sub-levels for level 'ServerLevel[world]'/minecraft:the_end
[30Apr2026 13:37:00.153] [Server thread/INFO] [Chunk Activity Tracker/]: Saving data for 110 chunks for dimension 'the_nether' took 1 milliseconds
[30Apr2026 13:37:00.161] [Server thread/INFO] [Chunk Activity Tracker/]: Saving data for 2843 chunks for dimension 'overworld' took 8 milliseconds
[30Apr2026 13:37:12.092] [Server thread/INFO] [AllTheLeaks/]: Listing events...
[30Apr2026 13:37:12.093] [Server thread/INFO] [AllTheLeaks/]: Server Player Clone: 2
[30Apr2026 13:37:12.093] [Server thread/INFO] [AllTheLeaks/]: Server Player Logout: 7
[30Apr2026 13:37:12.093] [Server thread/INFO] [AllTheLeaks/]: Listing memory leaks so far...
[30Apr2026 13:37:12.093] [Server thread/INFO] [AllTheLeaks/]: B: 1289MB / C: 1396MB / Diff: +107MB
[30Apr2026 13:37:12.094] [Server thread/INFO] [AllTheLeaks/]: Memory Leaks detected: (/atl force_refresh to update)
[30Apr2026 13:37:12.094] [Server thread/INFO] [AllTheLeaks/]: | ChunkAccess:
[30Apr2026 13:37:12.094] [Server thread/INFO] [AllTheLeaks/]: |- LevelChunk (minecraft): 1013
[30Apr2026 13:37:12.094] [Server thread/INFO] [AllTheLeaks/]: | Player:
[30Apr2026 13:37:12.094] [Server thread/INFO] [AllTheLeaks/]: |- ServerPlayer (minecraft): 9
[30Apr2026 13:42:00.142] [Server thread/INFO] [dev.ryanhcode.sable.Sable/]: Saving sub-levels for level 'ServerLevel[world]'/minecraft:overworld
[30Apr2026 13:42:00.146] [Server thread/INFO] [dev.ryanhcode.sable.Sable/]: Saving sub-levels for level 'ServerLevel[world]'/minecraft:the_nether
[30Apr2026 13:42:00.146] [Server thread/INFO] [dev.ryanhcode.sable.Sable/]: Saving sub-levels for level 'ServerLevel[world]'/minecraft:the_end
[30Apr2026 13:42:00.154] [Server thread/INFO] [Chunk Activity Tracker/]: Saving data for 110 chunks for dimension 'the_nether' took 1 milliseconds
[30Apr2026 13:42:00.162] [Server thread/INFO] [Chunk Activity Tracker/]: Saving data for 2843 chunks for dimension 'overworld' took 8 milliseconds
[30Apr2026 13:47:00.142] [Server thread/INFO] [dev.ryanhcode.sable.Sable/]: Saving sub-levels for level 'ServerLevel[world]'/minecraft:overworld
[30Apr2026 13:47:00.146] [Server thread/INFO] [dev.ryanhcode.sable.Sable/]: Saving sub-levels for level 'ServerLevel[world]'/minecraft:the_nether
[30Apr2026 13:47:00.147] [Server thread/INFO] [dev.ryanhcode.sable.Sable/]: Saving sub-levels for level 'ServerLevel[world]'/minecraft:the_end
[30Apr2026 13:47:00.154] [Server thread/INFO] [Chunk Activity Tracker/]: Saving data for 110 chunks for dimension 'the_nether' took 1 milliseconds
[30Apr2026 13:47:00.162] [Server thread/INFO] [Chunk Activity Tracker/]: Saving data for 2843 chunks for dimension 'overworld' took 8 milliseconds
[30Apr2026 13:47:12.143] [Server thread/INFO] [AllTheLeaks/]: Listing events...
[30Apr2026 13:47:12.143] [Server thread/INFO] [AllTheLeaks/]: Server Player Clone: 2
[30Apr2026 13:47:12.143] [Server thread/INFO] [AllTheLeaks/]: Server Player Logout: 7
[30Apr2026 13:47:12.143] [Server thread/INFO] [AllTheLeaks/]: Listing memory leaks so far...
[30Apr2026 13:47:12.143] [Server thread/INFO] [AllTheLeaks/]: B: 1289MB / C: 1396MB / Diff: +107MB
[30Apr2026 13:47:12.144] [Server thread/INFO] [AllTheLeaks/]: Memory Leaks detected: (/atl force_refresh to update)
[30Apr2026 13:47:12.144] [Server thread/INFO] [AllTheLeaks/]: | ChunkAccess:
[30Apr2026 13:47:12.144] [Server thread/INFO] [AllTheLeaks/]: |- LevelChunk (minecraft): 1013
[30Apr2026 13:47:12.144] [Server thread/INFO] [AllTheLeaks/]: | Player:
[30Apr2026 13:47:12.144] [Server thread/INFO] [AllTheLeaks/]: |- ServerPlayer (minecraft): 9
[30Apr2026 13:52:00.142] [Server thread/INFO] [dev.ryanhcode.sable.Sable/]: Saving sub-levels for level 'ServerLevel[world]'/minecraft:overworld
[30Apr2026 13:52:00.146] [Server thread/INFO] [dev.ryanhcode.sable.Sable/]: Saving sub-levels for level 'ServerLevel[world]'/minecraft:the_nether
[30Apr2026 13:52:00.147] [Server thread/INFO] [dev.ryanhcode.sable.Sable/]: Saving sub-levels for level 'ServerLevel[world]'/minecraft:the_end
[30Apr2026 13:52:00.154] [Server thread/INFO] [Chunk Activity Tracker/]: Saving data for 110 chunks for dimension 'the_nether' took 1 milliseconds
[30Apr2026 13:52:00.162] [Server thread/INFO] [Chunk Activity Tracker/]: Saving data for 2843 chunks for dimension 'overworld' took 8 milliseconds
[30Apr2026 13:57:00.142] [Server thread/INFO] [dev.ryanhcode.sable.Sable/]: Saving sub-levels for level 'ServerLevel[world]'/minecraft:overworld
[30Apr2026 13:57:00.146] [Server thread/INFO] [dev.ryanhcode.sable.Sable/]: Saving sub-levels for level 'ServerLevel[world]'/minecraft:the_nether
[30Apr2026 13:57:00.146] [Server thread/INFO] [dev.ryanhcode.sable.Sable/]: Saving sub-levels for level 'ServerLevel[world]'/minecraft:the_end
[30Apr2026 13:57:00.153] [Server thread/INFO] [Chunk Activity Tracker/]: Saving data for 110 chunks for dimension 'the_nether' took 1 milliseconds
[30Apr2026 13:57:00.161] [Server thread/INFO] [Chunk Activity Tracker/]: Saving data for 2843 chunks for dimension 'overworld' took 8 milliseconds
[30Apr2026 13:57:12.192] [Server thread/INFO] [AllTheLeaks/]: Listing events...
[30Apr2026 13:57:12.193] [Server thread/INFO] [AllTheLeaks/]: Server Player Clone: 2
[30Apr2026 13:57:12.193] [Server thread/INFO] [AllTheLeaks/]: Server Player Logout: 7
[30Apr2026 13:57:12.193] [Server thread/INFO] [AllTheLeaks/]: Listing memory leaks so far...
[30Apr2026 13:57:12.193] [Server thread/INFO] [AllTheLeaks/]: B: 1289MB / C: 1398MB / Diff: +109MB
[30Apr2026 13:57:12.194] [Server thread/INFO] [AllTheLeaks/]: Memory Leaks detected: (/atl force_refresh to update)
[30Apr2026 13:57:12.194] [Server thread/INFO] [AllTheLeaks/]: | ChunkAccess:
[30Apr2026 13:57:12.194] [Server thread/INFO] [AllTheLeaks/]: |- LevelChunk (minecraft): 1013
[30Apr2026 13:57:12.194] [Server thread/INFO] [AllTheLeaks/]: | Player:
[30Apr2026 13:57:12.194] [Server thread/INFO] [AllTheLeaks/]: |- ServerPlayer (minecraft): 9
[30Apr2026 14:02:00.142] [Server thread/INFO] [dev.ryanhcode.sable.Sable/]: Saving sub-levels for level 'ServerLevel[world]'/minecraft:overworld
[30Apr2026 14:02:00.146] [Server thread/INFO] [dev.ryanhcode.sable.Sable/]: Saving sub-levels for level 'ServerLevel[world]'/minecraft:the_nether
[30Apr2026 14:02:00.147] [Server thread/INFO] [dev.ryanhcode.sable.Sable/]: Saving sub-levels for level 'ServerLevel[world]'/minecraft:the_end
[30Apr2026 14:02:00.155] [Server thread/INFO] [Chunk Activity Tracker/]: Saving data for 110 chunks for dimension 'the_nether' took 1 milliseconds
[30Apr2026 14:02:00.163] [Server thread/INFO] [Chunk Activity Tracker/]: Saving data for 2843 chunks for dimension 'overworld' took 8 milliseconds
[30Apr2026 14:07:00.142] [Server thread/INFO] [dev.ryanhcode.sable.Sable/]: Saving sub-levels for level 'ServerLevel[world]'/minecraft:overworld
[30Apr2026 14:07:00.146] [Server thread/INFO] [dev.ryanhcode.sable.Sable/]: Saving sub-levels for level 'ServerLevel[world]'/minecraft:the_nether
[30Apr2026 14:07:00.147] [Server thread/INFO] [dev.ryanhcode.sable.Sable/]: Saving sub-levels for level 'ServerLevel[world]'/minecraft:the_end
[30Apr2026 14:07:00.157] [Server thread/INFO] [Chunk Activity Tracker/]: Saving data for 110 chunks for dimension 'the_nether' took 1 milliseconds
[30Apr2026 14:07:00.166] [Server thread/INFO] [Chunk Activity Tracker/]: Saving data for 2843 chunks for dimension 'overworld' took 9 milliseconds
[30Apr2026 14:07:12.242] [Server thread/INFO] [AllTheLeaks/]: Listing events...
[30Apr2026 14:07:12.243] [Server thread/INFO] [AllTheLeaks/]: Server Player Clone: 2
[30Apr2026 14:07:12.243] [Server thread/INFO] [AllTheLeaks/]: Server Player Logout: 7
[30Apr2026 14:07:12.243] [Server thread/INFO] [AllTheLeaks/]: Listing memory leaks so far...
[30Apr2026 14:07:12.243] [Server thread/INFO] [AllTheLeaks/]: B: 1289MB / C: 1398MB / Diff: +109MB
[30Apr2026 14:07:12.243] [Server thread/INFO] [AllTheLeaks/]: Memory Leaks detected: (/atl force_refresh to update)
[30Apr2026 14:07:12.244] [Server thread/INFO] [AllTheLeaks/]: | ChunkAccess:
[30Apr2026 14:07:12.244] [Server thread/INFO] [AllTheLeaks/]: |- LevelChunk (minecraft): 1013
[30Apr2026 14:07:12.244] [Server thread/INFO] [AllTheLeaks/]: | Player:
[30Apr2026 14:07:12.244] [Server thread/INFO] [AllTheLeaks/]: |- ServerPlayer (minecraft): 9
[30Apr2026 14:12:00.142] [Server thread/INFO] [dev.ryanhcode.sable.Sable/]: Saving sub-levels for level 'ServerLevel[world]'/minecraft:overworld
[30Apr2026 14:12:00.146] [Server thread/INFO] [dev.ryanhcode.sable.Sable/]: Saving sub-levels for level 'ServerLevel[world]'/minecraft:the_nether
[30Apr2026 14:12:00.147] [Server thread/INFO] [dev.ryanhcode.sable.Sable/]: Saving sub-levels for level 'ServerLevel[world]'/minecraft:the_end
[30Apr2026 14:12:00.154] [Server thread/INFO] [Chunk Activity Tracker/]: Saving data for 110 chunks for dimension 'the_nether' took 1 milliseconds
[30Apr2026 14:12:00.162] [Server thread/INFO] [Chunk Activity Tracker/]: Saving data for 2843 chunks for dimension 'overworld' took 8 milliseconds
[30Apr2026 14:17:00.142] [Server thread/INFO] [dev.ryanhcode.sable.Sable/]: Saving sub-levels for level 'ServerLevel[world]'/minecraft:overworld
[30Apr2026 14:17:00.146] [Server thread/INFO] [dev.ryanhcode.sable.Sable/]: Saving sub-levels for level 'ServerLevel[world]'/minecraft:the_nether
[30Apr2026 14:17:00.146] [Server thread/INFO] [dev.ryanhcode.sable.Sable/]: Saving sub-levels for level 'ServerLevel[world]'/minecraft:the_end
[30Apr2026 14:17:00.153] [Server thread/INFO] [Chunk Activity Tracker/]: Saving data for 110 chunks for dimension 'the_nether' took 1 milliseconds
[30Apr2026 14:17:00.161] [Server thread/INFO] [Chunk Activity Tracker/]: Saving data for 2843 chunks for dimension 'overworld' took 8 milliseconds
[30Apr2026 14:17:12.292] [Server thread/INFO] [AllTheLeaks/]: Listing events...
[30Apr2026 14:17:12.293] [Server thread/INFO] [AllTheLeaks/]: Server Player Clone: 2
[30Apr2026 14:17:12.293] [Server thread/INFO] [AllTheLeaks/]: Server Player Logout: 7
[30Apr2026 14:17:12.293] [Server thread/INFO] [AllTheLeaks/]: Listing memory leaks so far...
[30Apr2026 14:17:12.293] [Server thread/INFO] [AllTheLeaks/]: B: 1289MB / C: 1398MB / Diff: +109MB
[30Apr2026 14:17:12.294] [Server thread/INFO] [AllTheLeaks/]: Memory Leaks detected: (/atl force_refresh to update)
[30Apr2026 14:17:12.294] [Server thread/INFO] [AllTheLeaks/]: | ChunkAccess:
[30Apr2026 14:17:12.294] [Server thread/INFO] [AllTheLeaks/]: |- LevelChunk (minecraft): 1013
[30Apr2026 14:17:12.294] [Server thread/INFO] [AllTheLeaks/]: | Player:
[30Apr2026 14:17:12.294] [Server thread/INFO] [AllTheLeaks/]: |- ServerPlayer (minecraft): 9
[30Apr2026 14:22:00.142] [Server thread/INFO] [dev.ryanhcode.sable.Sable/]: Saving sub-levels for level 'ServerLevel[world]'/minecraft:overworld
[30Apr2026 14:22:00.146] [Server thread/INFO] [dev.ryanhcode.sable.Sable/]: Saving sub-levels for level 'ServerLevel[world]'/minecraft:the_nether
[30Apr2026 14:22:00.146] [Server thread/INFO] [dev.ryanhcode.sable.Sable/]: Saving sub-levels for level 'ServerLevel[world]'/minecraft:the_end
[30Apr2026 14:22:00.159] [Server thread/INFO] [Chunk Activity Tracker/]: Saving data for 110 chunks for dimension 'the_nether' took 1 milliseconds
[30Apr2026 14:22:00.168] [Server thread/INFO] [Chunk Activity Tracker/]: Saving data for 2843 chunks for dimension 'overworld' took 9 milliseconds
[30Apr2026 14:27:00.142] [Server thread/INFO] [dev.ryanhcode.sable.Sable/]: Saving sub-levels for level 'ServerLevel[world]'/minecraft:overworld
[30Apr2026 14:27:00.147] [Server thread/INFO] [dev.ryanhcode.sable.Sable/]: Saving sub-levels for level 'ServerLevel[world]'/minecraft:the_nether
[30Apr2026 14:27:00.148] [Server thread/INFO] [dev.ryanhcode.sable.Sable/]: Saving sub-levels for level 'ServerLevel[world]'/minecraft:the_end
[30Apr2026 14:27:00.156] [Server thread/INFO] [Chunk Activity Tracker/]: Saving data for 110 chunks for dimension 'the_nether' took 1 milliseconds
[30Apr2026 14:27:00.164] [Server thread/INFO] [Chunk Activity Tracker/]: Saving data for 2843 chunks for dimension 'overworld' took 8 milliseconds
[30Apr2026 14:27:12.342] [Server thread/INFO] [AllTheLeaks/]: Listing events...
[30Apr2026 14:27:12.343] [Server thread/INFO] [AllTheLeaks/]: Server Player Clone: 2
[30Apr2026 14:27:12.343] [Server thread/INFO] [AllTheLeaks/]: Server Player Logout: 7
[30Apr2026 14:27:12.343] [Server thread/INFO] [AllTheLeaks/]: Listing memory leaks so far...
[30Apr2026 14:27:12.343] [Server thread/INFO] [AllTheLeaks/]: B: 1289MB / C: 1398MB / Diff: +109MB
[30Apr2026 14:27:12.343] [Server thread/INFO] [AllTheLeaks/]: Memory Leaks detected: (/atl force_refresh to update)
[30Apr2026 14:27:12.344] [Server thread/INFO] [AllTheLeaks/]: | ChunkAccess:
[30Apr2026 14:27:12.344] [Server thread/INFO] [AllTheLeaks/]: |- LevelChunk (minecraft): 1013
[30Apr2026 14:27:12.344] [Server thread/INFO] [AllTheLeaks/]: | Player:
[30Apr2026 14:27:12.344] [Server thread/INFO] [AllTheLeaks/]: |- ServerPlayer (minecraft): 9
[30Apr2026 14:32:00.142] [Server thread/INFO] [dev.ryanhcode.sable.Sable/]: Saving sub-levels for level 'ServerLevel[world]'/minecraft:overworld
[30Apr2026 14:32:00.146] [Server thread/INFO] [dev.ryanhcode.sable.Sable/]: Saving sub-levels for level 'ServerLevel[world]'/minecraft:the_nether
[30Apr2026 14:32:00.146] [Server thread/INFO] [dev.ryanhcode.sable.Sable/]: Saving sub-levels for level 'ServerLevel[world]'/minecraft:the_end
[30Apr2026 14:32:00.153] [Server thread/INFO] [Chunk Activity Tracker/]: Saving data for 110 chunks for dimension 'the_nether' took 1 milliseconds
[30Apr2026 14:32:00.161] [Server thread/INFO] [Chunk Activity Tracker/]: Saving data for 2843 chunks for dimension 'overworld' took 8 milliseconds
[30Apr2026 14:37:00.142] [Server thread/INFO] [dev.ryanhcode.sable.Sable/]: Saving sub-levels for level 'ServerLevel[world]'/minecraft:overworld
[30Apr2026 14:37:00.146] [Server thread/INFO] [dev.ryanhcode.sable.Sable/]: Saving sub-levels for level 'ServerLevel[world]'/minecraft:the_nether
[30Apr2026 14:37:00.147] [Server thread/INFO] [dev.ryanhcode.sable.Sable/]: Saving sub-levels for level 'ServerLevel[world]'/minecraft:the_end
[30Apr2026 14:37:00.154] [Server thread/INFO] [Chunk Activity Tracker/]: Saving data for 110 chunks for dimension 'the_nether' took 1 milliseconds
[30Apr2026 14:37:00.163] [Server thread/INFO] [Chunk Activity Tracker/]: Saving data for 2843 chunks for dimension 'overworld' took 8 milliseconds
[30Apr2026 14:37:12.392] [Server thread/INFO] [AllTheLeaks/]: Listing events...
[30Apr2026 14:37:12.393] [Server thread/INFO] [AllTheLeaks/]: Server Player Clone: 2
[30Apr2026 14:37:12.393] [Server thread/INFO] [AllTheLeaks/]: Server Player Logout: 7
[30Apr2026 14:37:12.394] [Server thread/INFO] [AllTheLeaks/]: Listing memory leaks so far...
[30Apr2026 14:37:12.394] [Server thread/INFO] [AllTheLeaks/]: B: 1289MB / C: 1398MB / Diff: +109MB
[30Apr2026 14:37:12.394] [Server thread/INFO] [AllTheLeaks/]: Memory Leaks detected: (/atl force_refresh to update)
[30Apr2026 14:37:12.394] [Server thread/INFO] [AllTheLeaks/]: | ChunkAccess:
[30Apr2026 14:37:12.394] [Server thread/INFO] [AllTheLeaks/]: |- LevelChunk (minecraft): 1013
[30Apr2026 14:37:12.395] [Server thread/INFO] [AllTheLeaks/]: | Player:
[30Apr2026 14:37:12.395] [Server thread/INFO] [AllTheLeaks/]: |- ServerPlayer (minecraft): 9
[30Apr2026 14:42:00.142] [Server thread/INFO] [dev.ryanhcode.sable.Sable/]: Saving sub-levels for level 'ServerLevel[world]'/minecraft:overworld
[30Apr2026 14:42:00.146] [Server thread/INFO] [dev.ryanhcode.sable.Sable/]: Saving sub-levels for level 'ServerLevel[world]'/minecraft:the_nether
[30Apr2026 14:42:00.146] [Server thread/INFO] [dev.ryanhcode.sable.Sable/]: Saving sub-levels for level 'ServerLevel[world]'/minecraft:the_end
[30Apr2026 14:42:00.155] [Server thread/INFO] [Chunk Activity Tracker/]: Saving data for 110 chunks for dimension 'the_nether' took 1 milliseconds
[30Apr2026 14:42:00.163] [Server thread/INFO] [Chunk Activity Tracker/]: Saving data for 2843 chunks for dimension 'overworld' took 7 milliseconds
[30Apr2026 14:47:00.142] [Server thread/INFO] [dev.ryanhcode.sable.Sable/]: Saving sub-levels for level 'ServerLevel[world]'/minecraft:overworld
[30Apr2026 14:47:00.147] [Server thread/INFO] [dev.ryanhcode.sable.Sable/]: Saving sub-levels for level 'ServerLevel[world]'/minecraft:the_nether
[30Apr2026 14:47:00.148] [Server thread/INFO] [dev.ryanhcode.sable.Sable/]: Saving sub-levels for level 'ServerLevel[world]'/minecraft:the_end
[30Apr2026 14:47:00.155] [Server thread/INFO] [Chunk Activity Tracker/]: Saving data for 110 chunks for dimension 'the_nether' took 1 milliseconds
[30Apr2026 14:47:00.163] [Server thread/INFO] [Chunk Activity Tracker/]: Saving data for 2843 chunks for dimension 'overworld' took 8 milliseconds
[30Apr2026 14:47:12.442] [Server thread/INFO] [AllTheLeaks/]: Listing events...
[30Apr2026 14:47:12.443] [Server thread/INFO] [AllTheLeaks/]: Server Player Clone: 2
[30Apr2026 14:47:12.443] [Server thread/INFO] [AllTheLeaks/]: Server Player Logout: 7
[30Apr2026 14:47:12.443] [Server thread/INFO] [AllTheLeaks/]: Listing memory leaks so far...
[30Apr2026 14:47:12.443] [Server thread/INFO] [AllTheLeaks/]: B: 1289MB / C: 1398MB / Diff: +109MB
[30Apr2026 14:47:12.443] [Server thread/INFO] [AllTheLeaks/]: Memory Leaks detected: (/atl force_refresh to update)
[30Apr2026 14:47:12.444] [Server thread/INFO] [AllTheLeaks/]: | ChunkAccess:
[30Apr2026 14:47:12.444] [Server thread/INFO] [AllTheLeaks/]: |- LevelChunk (minecraft): 1013
[30Apr2026 14:47:12.444] [Server thread/INFO] [AllTheLeaks/]: | Player:
[30Apr2026 14:47:12.444] [Server thread/INFO] [AllTheLeaks/]: |- ServerPlayer (minecraft): 9
[30Apr2026 14:52:00.142] [Server thread/INFO] [dev.ryanhcode.sable.Sable/]: Saving sub-levels for level 'ServerLevel[world]'/minecraft:overworld
[30Apr2026 14:52:00.146] [Server thread/INFO] [dev.ryanhcode.sable.Sable/]: Saving sub-levels for level 'ServerLevel[world]'/minecraft:the_nether
[30Apr2026 14:52:00.147] [Server thread/INFO] [dev.ryanhcode.sable.Sable/]: Saving sub-levels for level 'ServerLevel[world]'/minecraft:the_end
[30Apr2026 14:52:00.154] [Server thread/INFO] [Chunk Activity Tracker/]: Saving data for 110 chunks for dimension 'the_nether' took 1 milliseconds
[30Apr2026 14:52:00.162] [Server thread/INFO] [Chunk Activity Tracker/]: Saving data for 2843 chunks for dimension 'overworld' took 8 milliseconds
[30Apr2026 14:57:00.142] [Server thread/INFO] [dev.ryanhcode.sable.Sable/]: Saving sub-levels for level 'ServerLevel[world]'/minecraft:overworld
[30Apr2026 14:57:00.147] [Server thread/INFO] [dev.ryanhcode.sable.Sable/]: Saving sub-levels for level 'ServerLevel[world]'/minecraft:the_nether
[30Apr2026 14:57:00.147] [Server thread/INFO] [dev.ryanhcode.sable.Sable/]: Saving sub-levels for level 'ServerLevel[world]'/minecraft:the_end
[30Apr2026 14:57:00.154] [Server thread/INFO] [Chunk Activity Tracker/]: Saving data for 110 chunks for dimension 'the_nether' took 1 milliseconds
[30Apr2026 14:57:00.162] [Server thread/INFO] [Chunk Activity Tracker/]: Saving data for 2843 chunks for dimension 'overworld' took 8 milliseconds
[30Apr2026 14:57:12.492] [Server thread/INFO] [AllTheLeaks/]: Listing events...
[30Apr2026 14:57:12.493] [Server thread/INFO] [AllTheLeaks/]: Server Player Clone: 2
[30Apr2026 14:57:12.493] [Server thread/INFO] [AllTheLeaks/]: Server Player Logout: 7
[30Apr2026 14:57:12.493] [Server thread/INFO] [AllTheLeaks/]: Listing memory leaks so far...
[30Apr2026 14:57:12.493] [Server thread/INFO] [AllTheLeaks/]: B: 1289MB / C: 1399MB / Diff: +110MB
[30Apr2026 14:57:12.494] [Server thread/INFO] [AllTheLeaks/]: Memory Leaks detected: (/atl force_refresh to update)
[30Apr2026 14:57:12.494] [Server thread/INFO] [AllTheLeaks/]: | ChunkAccess:
[30Apr2026 14:57:12.494] [Server thread/INFO] [AllTheLeaks/]: |- LevelChunk (minecraft): 1013
[30Apr2026 14:57:12.494] [Server thread/INFO] [AllTheLeaks/]: | Player:
[30Apr2026 14:57:12.494] [Server thread/INFO] [AllTheLeaks/]: |- ServerPlayer (minecraft): 9
[30Apr2026 15:02:00.143] [Server thread/INFO] [dev.ryanhcode.sable.Sable/]: Saving sub-levels for level 'ServerLevel[world]'/minecraft:overworld
[30Apr2026 15:02:00.146] [Server thread/INFO] [dev.ryanhcode.sable.Sable/]: Saving sub-levels for level 'ServerLevel[world]'/minecraft:the_nether
[30Apr2026 15:02:00.147] [Server thread/INFO] [dev.ryanhcode.sable.Sable/]: Saving sub-levels for level 'ServerLevel[world]'/minecraft:the_end
[30Apr2026 15:02:00.154] [Server thread/INFO] [Chunk Activity Tracker/]: Saving data for 110 chunks for dimension 'the_nether' took 1 milliseconds
[30Apr2026 15:02:00.162] [Server thread/INFO] [Chunk Activity Tracker/]: Saving data for 2843 chunks for dimension 'overworld' took 8 milliseconds
[30Apr2026 15:07:00.142] [Server thread/INFO] [dev.ryanhcode.sable.Sable/]: Saving sub-levels for level 'ServerLevel[world]'/minecraft:overworld
[30Apr2026 15:07:00.146] [Server thread/INFO] [dev.ryanhcode.sable.Sable/]: Saving sub-levels for level 'ServerLevel[world]'/minecraft:the_nether
[30Apr2026 15:07:00.147] [Server thread/INFO] [dev.ryanhcode.sable.Sable/]: Saving sub-levels for level 'ServerLevel[world]'/minecraft:the_end
[30Apr2026 15:07:00.154] [Server thread/INFO] [Chunk Activity Tracker/]: Saving data for 110 chunks for dimension 'the_nether' took 1 milliseconds
[30Apr2026 15:07:00.162] [Server thread/INFO] [Chunk Activity Tracker/]: Saving data for 2843 chunks for dimension 'overworld' took 8 milliseconds
[30Apr2026 15:07:12.542] [Server thread/INFO] [AllTheLeaks/]: Listing events...
[30Apr2026 15:07:12.543] [Server thread/INFO] [AllTheLeaks/]: Server Player Clone: 2
[30Apr2026 15:07:12.543] [Server thread/INFO] [AllTheLeaks/]: Server Player Logout: 7
[30Apr2026 15:07:12.543] [Server thread/INFO] [AllTheLeaks/]: Listing memory leaks so far...
[30Apr2026 15:07:12.543] [Server thread/INFO] [AllTheLeaks/]: B: 1289MB / C: 1399MB / Diff: +110MB
[30Apr2026 15:07:12.543] [Server thread/INFO] [AllTheLeaks/]: Memory Leaks detected: (/atl force_refresh to update)
[30Apr2026 15:07:12.544] [Server thread/INFO] [AllTheLeaks/]: | ChunkAccess:
[30Apr2026 15:07:12.544] [Server thread/INFO] [AllTheLeaks/]: |- LevelChunk (minecraft): 1013
[30Apr2026 15:07:12.544] [Server thread/INFO] [AllTheLeaks/]: | Player:
[30Apr2026 15:07:12.544] [Server thread/INFO] [AllTheLeaks/]: |- ServerPlayer (minecraft): 9
[30Apr2026 15:12:00.143] [Server thread/INFO] [dev.ryanhcode.sable.Sable/]: Saving sub-levels for level 'ServerLevel[world]'/minecraft:overworld
[30Apr2026 15:12:00.146] [Server thread/INFO] [dev.ryanhcode.sable.Sable/]: Saving sub-levels for level 'ServerLevel[world]'/minecraft:the_nether
[30Apr2026 15:12:00.147] [Server thread/INFO] [dev.ryanhcode.sable.Sable/]: Saving sub-levels for level 'ServerLevel[world]'/minecraft:the_end
[30Apr2026 15:12:00.154] [Server thread/INFO] [Chunk Activity Tracker/]: Saving data for 110 chunks for dimension 'the_nether' took 1 milliseconds
[30Apr2026 15:12:00.162] [Server thread/INFO] [Chunk Activity Tracker/]: Saving data for 2843 chunks for dimension 'overworld' took 8 milliseconds
[30Apr2026 15:17:00.142] [Server thread/INFO] [dev.ryanhcode.sable.Sable/]: Saving sub-levels for level 'ServerLevel[world]'/minecraft:overworld
[30Apr2026 15:17:00.146] [Server thread/INFO] [dev.ryanhcode.sable.Sable/]: Saving sub-levels for level 'ServerLevel[world]'/minecraft:the_nether
[30Apr2026 15:17:00.146] [Server thread/INFO] [dev.ryanhcode.sable.Sable/]: Saving sub-levels for level 'ServerLevel[world]'/minecraft:the_end
[30Apr2026 15:17:00.153] [Server thread/INFO] [Chunk Activity Tracker/]: Saving data for 110 chunks for dimension 'the_nether' took 1 milliseconds
[30Apr2026 15:17:00.161] [Server thread/INFO] [Chunk Activity Tracker/]: Saving data for 2843 chunks for dimension 'overworld' took 7 milliseconds
[30Apr2026 15:17:12.592] [Server thread/INFO] [AllTheLeaks/]: Listing events...
[30Apr2026 15:17:12.593] [Server thread/INFO] [AllTheLeaks/]: Server Player Clone: 2
[30Apr2026 15:17:12.593] [Server thread/INFO] [AllTheLeaks/]: Server Player Logout: 7
[30Apr2026 15:17:12.593] [Server thread/INFO] [AllTheLeaks/]: Listing memory leaks so far...
[30Apr2026 15:17:12.593] [Server thread/INFO] [AllTheLeaks/]: B: 1289MB / C: 1399MB / Diff: +110MB
[30Apr2026 15:17:12.593] [Server thread/INFO] [AllTheLeaks/]: Memory Leaks detected: (/atl force_refresh to update)
[30Apr2026 15:17:12.594] [Server thread/INFO] [AllTheLeaks/]: | ChunkAccess:
[30Apr2026 15:17:12.594] [Server thread/INFO] [AllTheLeaks/]: |- LevelChunk (minecraft): 1013
[30Apr2026 15:17:12.594] [Server thread/INFO] [AllTheLeaks/]: | Player:
[30Apr2026 15:17:12.594] [Server thread/INFO] [AllTheLeaks/]: |- ServerPlayer (minecraft): 9
[30Apr2026 15:22:00.143] [Server thread/INFO] [dev.ryanhcode.sable.Sable/]: Saving sub-levels for level 'ServerLevel[world]'/minecraft:overworld
[30Apr2026 15:22:00.146] [Server thread/INFO] [dev.ryanhcode.sable.Sable/]: Saving sub-levels for level 'ServerLevel[world]'/minecraft:the_nether
[30Apr2026 15:22:00.147] [Server thread/INFO] [dev.ryanhcode.sable.Sable/]: Saving sub-levels for level 'ServerLevel[world]'/minecraft:the_end
[30Apr2026 15:22:00.154] [Server thread/INFO] [Chunk Activity Tracker/]: Saving data for 110 chunks for dimension 'the_nether' took 1 milliseconds
[30Apr2026 15:22:00.162] [Server thread/INFO] [Chunk Activity Tracker/]: Saving data for 2843 chunks for dimension 'overworld' took 8 milliseconds
[30Apr2026 15:27:00.142] [Server thread/INFO] [dev.ryanhcode.sable.Sable/]: Saving sub-levels for level 'ServerLevel[world]'/minecraft:overworld
[30Apr2026 15:27:00.146] [Server thread/INFO] [dev.ryanhcode.sable.Sable/]: Saving sub-levels for level 'ServerLevel[world]'/minecraft:the_nether
[30Apr2026 15:27:00.147] [Server thread/INFO] [dev.ryanhcode.sable.Sable/]: Saving sub-levels for level 'ServerLevel[world]'/minecraft:the_end
[30Apr2026 15:27:00.153] [Server thread/INFO] [Chunk Activity Tracker/]: Saving data for 110 chunks for dimension 'the_nether' took 0 milliseconds
[30Apr2026 15:27:00.161] [Server thread/INFO] [Chunk Activity Tracker/]: Saving data for 2843 chunks for dimension 'overworld' took 7 milliseconds
[30Apr2026 15:27:12.643] [Server thread/INFO] [AllTheLeaks/]: Listing events...
[30Apr2026 15:27:12.643] [Server thread/INFO] [AllTheLeaks/]: Server Player Clone: 2
[30Apr2026 15:27:12.643] [Server thread/INFO] [AllTheLeaks/]: Server Player Logout: 7
[30Apr2026 15:27:12.643] [Server thread/INFO] [AllTheLeaks/]: Listing memory leaks so far...
[30Apr2026 15:27:12.644] [Server thread/INFO] [AllTheLeaks/]: B: 1289MB / C: 1399MB / Diff: +110MB
[30Apr2026 15:27:12.644] [Server thread/INFO] [AllTheLeaks/]: Memory Leaks detected: (/atl force_refresh to update)
[30Apr2026 15:27:12.644] [Server thread/INFO] [AllTheLeaks/]: | ChunkAccess:
[30Apr2026 15:27:12.644] [Server thread/INFO] [AllTheLeaks/]: |- LevelChunk (minecraft): 1013
[30Apr2026 15:27:12.644] [Server thread/INFO] [AllTheLeaks/]: | Player:
[30Apr2026 15:27:12.645] [Server thread/INFO] [AllTheLeaks/]: |- ServerPlayer (minecraft): 9
[30Apr2026 15:32:00.142] [Server thread/INFO] [dev.ryanhcode.sable.Sable/]: Saving sub-levels for level 'ServerLevel[world]'/minecraft:overworld
[30Apr2026 15:32:00.146] [Server thread/INFO] [dev.ryanhcode.sable.Sable/]: Saving sub-levels for level 'ServerLevel[world]'/minecraft:the_nether
[30Apr2026 15:32:00.147] [Server thread/INFO] [dev.ryanhcode.sable.Sable/]: Saving sub-levels for level 'ServerLevel[world]'/minecraft:the_end
[30Apr2026 15:32:00.153] [Server thread/INFO] [Chunk Activity Tracker/]: Saving data for 110 chunks for dimension 'the_nether' took 1 milliseconds
[30Apr2026 15:32:00.161] [Server thread/INFO] [Chunk Activity Tracker/]: Saving data for 2843 chunks for dimension 'overworld' took 7 milliseconds
[30Apr2026 15:37:00.142] [Server thread/INFO] [dev.ryanhcode.sable.Sable/]: Saving sub-levels for level 'ServerLevel[world]'/minecraft:overworld
[30Apr2026 15:37:00.146] [Server thread/INFO] [dev.ryanhcode.sable.Sable/]: Saving sub-levels for level 'ServerLevel[world]'/minecraft:the_nether
[30Apr2026 15:37:00.146] [Server thread/INFO] [dev.ryanhcode.sable.Sable/]: Saving sub-levels for level 'ServerLevel[world]'/minecraft:the_end
[30Apr2026 15:37:00.153] [Server thread/INFO] [Chunk Activity Tracker/]: Saving data for 110 chunks for dimension 'the_nether' took 1 milliseconds
[30Apr2026 15:37:00.161] [Server thread/INFO] [Chunk Activity Tracker/]: Saving data for 2843 chunks for dimension 'overworld' took 8 milliseconds
[30Apr2026 15:37:12.692] [Server thread/INFO] [AllTheLeaks/]: Listing events...
[30Apr2026 15:37:12.693] [Server thread/INFO] [AllTheLeaks/]: Server Player Clone: 2
[30Apr2026 15:37:12.693] [Server thread/INFO] [AllTheLeaks/]: Server Player Logout: 7
[30Apr2026 15:37:12.693] [Server thread/INFO] [AllTheLeaks/]: Listing memory leaks so far...
[30Apr2026 15:37:12.693] [Server thread/INFO] [AllTheLeaks/]: B: 1289MB / C: 1399MB / Diff: +110MB
[30Apr2026 15:37:12.694] [Server thread/INFO] [AllTheLeaks/]: Memory Leaks detected: (/atl force_refresh to update)
[30Apr2026 15:37:12.694] [Server thread/INFO] [AllTheLeaks/]: | ChunkAccess:
[30Apr2026 15:37:12.694] [Server thread/INFO] [AllTheLeaks/]: |- LevelChunk (minecraft): 1013
[30Apr2026 15:37:12.694] [Server thread/INFO] [AllTheLeaks/]: | Player:
[30Apr2026 15:37:12.694] [Server thread/INFO] [AllTheLeaks/]: |- ServerPlayer (minecraft): 9
[30Apr2026 15:42:00.142] [Server thread/INFO] [dev.ryanhcode.sable.Sable/]: Saving sub-levels for level 'ServerLevel[world]'/minecraft:overworld
[30Apr2026 15:42:00.146] [Server thread/INFO] [dev.ryanhcode.sable.Sable/]: Saving sub-levels for level 'ServerLevel[world]'/minecraft:the_nether
[30Apr2026 15:42:00.147] [Server thread/INFO] [dev.ryanhcode.sable.Sable/]: Saving sub-levels for level 'ServerLevel[world]'/minecraft:the_end
[30Apr2026 15:42:00.154] [Server thread/INFO] [Chunk Activity Tracker/]: Saving data for 110 chunks for dimension 'the_nether' took 1 milliseconds
[30Apr2026 15:42:00.162] [Server thread/INFO] [Chunk Activity Tracker/]: Saving data for 2843 chunks for dimension 'overworld' took 8 milliseconds
[30Apr2026 15:47:00.142] [Server thread/INFO] [dev.ryanhcode.sable.Sable/]: Saving sub-levels for level 'ServerLevel[world]'/minecraft:overworld
[30Apr2026 15:47:00.146] [Server thread/INFO] [dev.ryanhcode.sable.Sable/]: Saving sub-levels for level 'ServerLevel[world]'/minecraft:the_nether
[30Apr2026 15:47:00.147] [Server thread/INFO] [dev.ryanhcode.sable.Sable/]: Saving sub-levels for level 'ServerLevel[world]'/minecraft:the_end
[30Apr2026 15:47:00.153] [Server thread/INFO] [Chunk Activity Tracker/]: Saving data for 110 chunks for dimension 'the_nether' took 1 milliseconds
[30Apr2026 15:47:00.161] [Server thread/INFO] [Chunk Activity Tracker/]: Saving data for 2843 chunks for dimension 'overworld' took 7 milliseconds
[30Apr2026 15:47:12.742] [Server thread/INFO] [AllTheLeaks/]: Listing events...
[30Apr2026 15:47:12.743] [Server thread/INFO] [AllTheLeaks/]: Server Player Clone: 2
[30Apr2026 15:47:12.743] [Server thread/INFO] [AllTheLeaks/]: Server Player Logout: 7
[30Apr2026 15:47:12.743] [Server thread/INFO] [AllTheLeaks/]: Listing memory leaks so far...
[30Apr2026 15:47:12.743] [Server thread/INFO] [AllTheLeaks/]: B: 1289MB / C: 1399MB / Diff: +110MB
[30Apr2026 15:47:12.744] [Server thread/INFO] [AllTheLeaks/]: Memory Leaks detected: (/atl force_refresh to update)
[30Apr2026 15:47:12.744] [Server thread/INFO] [AllTheLeaks/]: | ChunkAccess:
[30Apr2026 15:47:12.744] [Server thread/INFO] [AllTheLeaks/]: |- LevelChunk (minecraft): 1013
[30Apr2026 15:47:12.744] [Server thread/INFO] [AllTheLeaks/]: | Player:
[30Apr2026 15:47:12.744] [Server thread/INFO] [AllTheLeaks/]: |- ServerPlayer (minecraft): 9
[30Apr2026 15:52:00.143] [Server thread/INFO] [dev.ryanhcode.sable.Sable/]: Saving sub-levels for level 'ServerLevel[world]'/minecraft:overworld
[30Apr2026 15:52:00.147] [Server thread/INFO] [dev.ryanhcode.sable.Sable/]: Saving sub-levels for level 'ServerLevel[world]'/minecraft:the_nether
[30Apr2026 15:52:00.147] [Server thread/INFO] [dev.ryanhcode.sable.Sable/]: Saving sub-levels for level 'ServerLevel[world]'/minecraft:the_end
[30Apr2026 15:52:00.154] [Server thread/INFO] [Chunk Activity Tracker/]: Saving data for 110 chunks for dimension 'the_nether' took 1 milliseconds
[30Apr2026 15:52:00.162] [Server thread/INFO] [Chunk Activity Tracker/]: Saving data for 2843 chunks for dimension 'overworld' took 8 milliseconds
[30Apr2026 15:57:00.143] [Server thread/INFO] [dev.ryanhcode.sable.Sable/]: Saving sub-levels for level 'ServerLevel[world]'/minecraft:overworld
[30Apr2026 15:57:00.146] [Server thread/INFO] [dev.ryanhcode.sable.Sable/]: Saving sub-levels for level 'ServerLevel[world]'/minecraft:the_nether
[30Apr2026 15:57:00.147] [Server thread/INFO] [dev.ryanhcode.sable.Sable/]: Saving sub-levels for level 'ServerLevel[world]'/minecraft:the_end
[30Apr2026 15:57:00.162] [Server thread/INFO] [Chunk Activity Tracker/]: Saving data for 110 chunks for dimension 'the_nether' took 1 milliseconds
[30Apr2026 15:57:00.170] [Server thread/INFO] [Chunk Activity Tracker/]: Saving data for 2843 chunks for dimension 'overworld' took 8 milliseconds
[30Apr2026 15:57:12.792] [Server thread/INFO] [AllTheLeaks/]: Listing events...
[30Apr2026 15:57:12.793] [Server thread/INFO] [AllTheLeaks/]: Server Player Clone: 2
[30Apr2026 15:57:12.793] [Server thread/INFO] [AllTheLeaks/]: Server Player Logout: 7
[30Apr2026 15:57:12.793] [Server thread/INFO] [AllTheLeaks/]: Listing memory leaks so far...
[30Apr2026 15:57:12.793] [Server thread/INFO] [AllTheLeaks/]: B: 1289MB / C: 1392MB / Diff: +103MB
[30Apr2026 15:57:12.794] [Server thread/INFO] [AllTheLeaks/]: Memory Leaks detected: (/atl force_refresh to update)
[30Apr2026 15:57:12.794] [Server thread/INFO] [AllTheLeaks/]: | ChunkAccess:
[30Apr2026 15:57:12.794] [Server thread/INFO] [AllTheLeaks/]: |- LevelChunk (minecraft): 1013
[30Apr2026 15:57:12.794] [Server thread/INFO] [AllTheLeaks/]: | Player:
[30Apr2026 15:57:12.794] [Server thread/INFO] [AllTheLeaks/]: |- ServerPlayer (minecraft): 9
[30Apr2026 16:02:00.143] [Server thread/INFO] [dev.ryanhcode.sable.Sable/]: Saving sub-levels for level 'ServerLevel[world]'/minecraft:overworld
[30Apr2026 16:02:00.146] [Server thread/INFO] [dev.ryanhcode.sable.Sable/]: Saving sub-levels for level 'ServerLevel[world]'/minecraft:the_nether
[30Apr2026 16:02:00.147] [Server thread/INFO] [dev.ryanhcode.sable.Sable/]: Saving sub-levels for level 'ServerLevel[world]'/minecraft:the_end
[30Apr2026 16:02:00.154] [Server thread/INFO] [Chunk Activity Tracker/]: Saving data for 110 chunks for dimension 'the_nether' took 1 milliseconds
[30Apr2026 16:02:00.162] [Server thread/INFO] [Chunk Activity Tracker/]: Saving data for 2843 chunks for dimension 'overworld' took 8 milliseconds
[30Apr2026 16:07:00.142] [Server thread/INFO] [dev.ryanhcode.sable.Sable/]: Saving sub-levels for level 'ServerLevel[world]'/minecraft:overworld
[30Apr2026 16:07:00.146] [Server thread/INFO] [dev.ryanhcode.sable.Sable/]: Saving sub-levels for level 'ServerLevel[world]'/minecraft:the_nether
[30Apr2026 16:07:00.147] [Server thread/INFO] [dev.ryanhcode.sable.Sable/]: Saving sub-levels for level 'ServerLevel[world]'/minecraft:the_end
[30Apr2026 16:07:00.155] [Server thread/INFO] [Chunk Activity Tracker/]: Saving data for 110 chunks for dimension 'the_nether' took 1 milliseconds
[30Apr2026 16:07:00.163] [Server thread/INFO] [Chunk Activity Tracker/]: Saving data for 2843 chunks for dimension 'overworld' took 8 milliseconds
[30Apr2026 16:07:12.843] [Server thread/INFO] [AllTheLeaks/]: Listing events...
[30Apr2026 16:07:12.843] [Server thread/INFO] [AllTheLeaks/]: Server Player Clone: 2
[30Apr2026 16:07:12.843] [Server thread/INFO] [AllTheLeaks/]: Server Player Logout: 7
[30Apr2026 16:07:12.843] [Server thread/INFO] [AllTheLeaks/]: Listing memory leaks so far...
[30Apr2026 16:07:12.844] [Server thread/INFO] [AllTheLeaks/]: B: 1289MB / C: 1392MB / Diff: +103MB
[30Apr2026 16:07:12.844] [Server thread/INFO] [AllTheLeaks/]: Memory Leaks detected: (/atl force_refresh to update)
[30Apr2026 16:07:12.844] [Server thread/INFO] [AllTheLeaks/]: | ChunkAccess:
[30Apr2026 16:07:12.844] [Server thread/INFO] [AllTheLeaks/]: |- LevelChunk (minecraft): 1013
[30Apr2026 16:07:12.844] [Server thread/INFO] [AllTheLeaks/]: | Player:
[30Apr2026 16:07:12.844] [Server thread/INFO] [AllTheLeaks/]: |- ServerPlayer (minecraft): 9
[30Apr2026 16:12:00.142] [Server thread/INFO] [dev.ryanhcode.sable.Sable/]: Saving sub-levels for level 'ServerLevel[world]'/minecraft:overworld
[30Apr2026 16:12:00.146] [Server thread/INFO] [dev.ryanhcode.sable.Sable/]: Saving sub-levels for level 'ServerLevel[world]'/minecraft:the_nether
[30Apr2026 16:12:00.146] [Server thread/INFO] [dev.ryanhcode.sable.Sable/]: Saving sub-levels for level 'ServerLevel[world]'/minecraft:the_end
[30Apr2026 16:12:00.154] [Server thread/INFO] [Chunk Activity Tracker/]: Saving data for 110 chunks for dimension 'the_nether' took 1 milliseconds
[30Apr2026 16:12:00.162] [Server thread/INFO] [Chunk Activity Tracker/]: Saving data for 2843 chunks for dimension 'overworld' took 8 milliseconds
[30Apr2026 16:17:00.142] [Server thread/INFO] [dev.ryanhcode.sable.Sable/]: Saving sub-levels for level 'ServerLevel[world]'/minecraft:overworld
[30Apr2026 16:17:00.146] [Server thread/INFO] [dev.ryanhcode.sable.Sable/]: Saving sub-levels for level 'ServerLevel[world]'/minecraft:the_nether
[30Apr2026 16:17:00.146] [Server thread/INFO] [dev.ryanhcode.sable.Sable/]: Saving sub-levels for level 'ServerLevel[world]'/minecraft:the_end
[30Apr2026 16:17:00.154] [Server thread/INFO] [Chunk Activity Tracker/]: Saving data for 110 chunks for dimension 'the_nether' took 1 milliseconds
[30Apr2026 16:17:00.163] [Server thread/INFO] [Chunk Activity Tracker/]: Saving data for 2843 chunks for dimension 'overworld' took 8 milliseconds
[30Apr2026 16:17:12.892] [Server thread/INFO] [AllTheLeaks/]: Listing events...
[30Apr2026 16:17:12.893] [Server thread/INFO] [AllTheLeaks/]: Server Player Clone: 2
[30Apr2026 16:17:12.893] [Server thread/INFO] [AllTheLeaks/]: Server Player Logout: 7
[30Apr2026 16:17:12.893] [Server thread/INFO] [AllTheLeaks/]: Listing memory leaks so far...
[30Apr2026 16:17:12.894] [Server thread/INFO] [AllTheLeaks/]: B: 1289MB / C: 1392MB / Diff: +103MB
[30Apr2026 16:17:12.894] [Server thread/INFO] [AllTheLeaks/]: Memory Leaks detected: (/atl force_refresh to update)
[30Apr2026 16:17:12.894] [Server thread/INFO] [AllTheLeaks/]: | ChunkAccess:
[30Apr2026 16:17:12.894] [Server thread/INFO] [AllTheLeaks/]: |- LevelChunk (minecraft): 1013
[30Apr2026 16:17:12.894] [Server thread/INFO] [AllTheLeaks/]: | Player:
[30Apr2026 16:17:12.894] [Server thread/INFO] [AllTheLeaks/]: |- ServerPlayer (minecraft): 9
[30Apr2026 16:22:00.142] [Server thread/INFO] [dev.ryanhcode.sable.Sable/]: Saving sub-levels for level 'ServerLevel[world]'/minecraft:overworld
[30Apr2026 16:22:00.146] [Server thread/INFO] [dev.ryanhcode.sable.Sable/]: Saving sub-levels for level 'ServerLevel[world]'/minecraft:the_nether
[30Apr2026 16:22:00.146] [Server thread/INFO] [dev.ryanhcode.sable.Sable/]: Saving sub-levels for level 'ServerLevel[world]'/minecraft:the_end
[30Apr2026 16:22:00.159] [Server thread/INFO] [Chunk Activity Tracker/]: Saving data for 110 chunks for dimension 'the_nether' took 1 milliseconds
[30Apr2026 16:22:00.167] [Server thread/INFO] [Chunk Activity Tracker/]: Saving data for 2843 chunks for dimension 'overworld' took 8 milliseconds
[30Apr2026 16:27:00.142] [Server thread/INFO] [dev.ryanhcode.sable.Sable/]: Saving sub-levels for level 'ServerLevel[world]'/minecraft:overworld
[30Apr2026 16:27:00.146] [Server thread/INFO] [dev.ryanhcode.sable.Sable/]: Saving sub-levels for level 'ServerLevel[world]'/minecraft:the_nether
[30Apr2026 16:27:00.146] [Server thread/INFO] [dev.ryanhcode.sable.Sable/]: Saving sub-levels for level 'ServerLevel[world]'/minecraft:the_end
[30Apr2026 16:27:00.154] [Server thread/INFO] [Chunk Activity Tracker/]: Saving data for 110 chunks for dimension 'the_nether' took 1 milliseconds
[30Apr2026 16:27:00.162] [Server thread/INFO] [Chunk Activity Tracker/]: Saving data for 2843 chunks for dimension 'overworld' took 8 milliseconds
[30Apr2026 16:27:12.942] [Server thread/INFO] [AllTheLeaks/]: Listing events...
[30Apr2026 16:27:12.943] [Server thread/INFO] [AllTheLeaks/]: Server Player Clone: 2
[30Apr2026 16:27:12.943] [Server thread/INFO] [AllTheLeaks/]: Server Player Logout: 7
[30Apr2026 16:27:12.943] [Server thread/INFO] [AllTheLeaks/]: Listing memory leaks so far...
[30Apr2026 16:27:12.943] [Server thread/INFO] [AllTheLeaks/]: B: 1289MB / C: 1392MB / Diff: +103MB
[30Apr2026 16:27:12.944] [Server thread/INFO] [AllTheLeaks/]: Memory Leaks detected: (/atl force_refresh to update)
[30Apr2026 16:27:12.944] [Server thread/INFO] [AllTheLeaks/]: | ChunkAccess:
[30Apr2026 16:27:12.944] [Server thread/INFO] [AllTheLeaks/]: |- LevelChunk (minecraft): 1013
[30Apr2026 16:27:12.944] [Server thread/INFO] [AllTheLeaks/]: | Player:
[30Apr2026 16:27:12.944] [Server thread/INFO] [AllTheLeaks/]: |- ServerPlayer (minecraft): 9
[30Apr2026 16:32:00.142] [Server thread/INFO] [dev.ryanhcode.sable.Sable/]: Saving sub-levels for level 'ServerLevel[world]'/minecraft:overworld
[30Apr2026 16:32:00.146] [Server thread/INFO] [dev.ryanhcode.sable.Sable/]: Saving sub-levels for level 'ServerLevel[world]'/minecraft:the_nether
[30Apr2026 16:32:00.146] [Server thread/INFO] [dev.ryanhcode.sable.Sable/]: Saving sub-levels for level 'ServerLevel[world]'/minecraft:the_end
[30Apr2026 16:32:00.156] [Server thread/INFO] [Chunk Activity Tracker/]: Saving data for 110 chunks for dimension 'the_nether' took 1 milliseconds
[30Apr2026 16:32:00.164] [Server thread/INFO] [Chunk Activity Tracker/]: Saving data for 2843 chunks for dimension 'overworld' took 8 milliseconds
[30Apr2026 16:37:00.142] [Server thread/INFO] [dev.ryanhcode.sable.Sable/]: Saving sub-levels for level 'ServerLevel[world]'/minecraft:overworld
[30Apr2026 16:37:00.148] [Server thread/INFO] [dev.ryanhcode.sable.Sable/]: Saving sub-levels for level 'ServerLevel[world]'/minecraft:the_nether
[30Apr2026 16:37:00.148] [Server thread/INFO] [dev.ryanhcode.sable.Sable/]: Saving sub-levels for level 'ServerLevel[world]'/minecraft:the_end
[30Apr2026 16:37:00.155] [Server thread/INFO] [Chunk Activity Tracker/]: Saving data for 110 chunks for dimension 'the_nether' took 1 milliseconds
[30Apr2026 16:37:00.163] [Server thread/INFO] [Chunk Activity Tracker/]: Saving data for 2843 chunks for dimension 'overworld' took 8 milliseconds
[30Apr2026 16:37:12.992] [Server thread/INFO] [AllTheLeaks/]: Listing events...
[30Apr2026 16:37:12.993] [Server thread/INFO] [AllTheLeaks/]: Server Player Clone: 2
[30Apr2026 16:37:12.993] [Server thread/INFO] [AllTheLeaks/]: Server Player Logout: 7
[30Apr2026 16:37:12.993] [Server thread/INFO] [AllTheLeaks/]: Listing memory leaks so far...
[30Apr2026 16:37:12.994] [Server thread/INFO] [AllTheLeaks/]: B: 1289MB / C: 1392MB / Diff: +103MB
[30Apr2026 16:37:12.994] [Server thread/INFO] [AllTheLeaks/]: Memory Leaks detected: (/atl force_refresh to update)
[30Apr2026 16:37:12.994] [Server thread/INFO] [AllTheLeaks/]: | ChunkAccess:
[30Apr2026 16:37:12.994] [Server thread/INFO] [AllTheLeaks/]: |- LevelChunk (minecraft): 1013
[30Apr2026 16:37:12.994] [Server thread/INFO] [AllTheLeaks/]: | Player:
[30Apr2026 16:37:12.995] [Server thread/INFO] [AllTheLeaks/]: |- ServerPlayer (minecraft): 9
[30Apr2026 16:42:00.142] [Server thread/INFO] [dev.ryanhcode.sable.Sable/]: Saving sub-levels for level 'ServerLevel[world]'/minecraft:overworld
[30Apr2026 16:42:00.146] [Server thread/INFO] [dev.ryanhcode.sable.Sable/]: Saving sub-levels for level 'ServerLevel[world]'/minecraft:the_nether
[30Apr2026 16:42:00.147] [Server thread/INFO] [dev.ryanhcode.sable.Sable/]: Saving sub-levels for level 'ServerLevel[world]'/minecraft:the_end
[30Apr2026 16:42:00.154] [Server thread/INFO] [Chunk Activity Tracker/]: Saving data for 110 chunks for dimension 'the_nether' took 1 milliseconds
[30Apr2026 16:42:00.162] [Server thread/INFO] [Chunk Activity Tracker/]: Saving data for 2843 chunks for dimension 'overworld' took 8 milliseconds
[30Apr2026 16:47:00.142] [Server thread/INFO] [dev.ryanhcode.sable.Sable/]: Saving sub-levels for level 'ServerLevel[world]'/minecraft:overworld
[30Apr2026 16:47:00.146] [Server thread/INFO] [dev.ryanhcode.sable.Sable/]: Saving sub-levels for level 'ServerLevel[world]'/minecraft:the_nether
[30Apr2026 16:47:00.146] [Server thread/INFO] [dev.ryanhcode.sable.Sable/]: Saving sub-levels for level 'ServerLevel[world]'/minecraft:the_end
[30Apr2026 16:47:00.154] [Server thread/INFO] [Chunk Activity Tracker/]: Saving data for 110 chunks for dimension 'the_nether' took 1 milliseconds
[30Apr2026 16:47:00.162] [Server thread/INFO] [Chunk Activity Tracker/]: Saving data for 2843 chunks for dimension 'overworld' took 8 milliseconds
[30Apr2026 16:47:13.042] [Server thread/INFO] [AllTheLeaks/]: Listing events...
[30Apr2026 16:47:13.043] [Server thread/INFO] [AllTheLeaks/]: Server Player Clone: 2
[30Apr2026 16:47:13.043] [Server thread/INFO] [AllTheLeaks/]: Server Player Logout: 7
[30Apr2026 16:47:13.043] [Server thread/INFO] [AllTheLeaks/]: Listing memory leaks so far...
[30Apr2026 16:47:13.044] [Server thread/INFO] [AllTheLeaks/]: B: 1289MB / C: 1392MB / Diff: +103MB
[30Apr2026 16:47:13.045] [Server thread/INFO] [AllTheLeaks/]: Memory Leaks detected: (/atl force_refresh to update)
[30Apr2026 16:47:13.045] [Server thread/INFO] [AllTheLeaks/]: | ChunkAccess:
[30Apr2026 16:47:13.045] [Server thread/INFO] [AllTheLeaks/]: |- LevelChunk (minecraft): 1013
[30Apr2026 16:47:13.045] [Server thread/INFO] [AllTheLeaks/]: | Player:
[30Apr2026 16:47:13.045] [Server thread/INFO] [AllTheLeaks/]: |- ServerPlayer (minecraft): 9
[30Apr2026 16:52:00.142] [Server thread/INFO] [dev.ryanhcode.sable.Sable/]: Saving sub-levels for level 'ServerLevel[world]'/minecraft:overworld
[30Apr2026 16:52:00.149] [Server thread/INFO] [dev.ryanhcode.sable.Sable/]: Saving sub-levels for level 'ServerLevel[world]'/minecraft:the_nether
[30Apr2026 16:52:00.149] [Server thread/INFO] [dev.ryanhcode.sable.Sable/]: Saving sub-levels for level 'ServerLevel[world]'/minecraft:the_end
[30Apr2026 16:52:00.159] [Server thread/INFO] [Chunk Activity Tracker/]: Saving data for 110 chunks for dimension 'the_nether' took 1 milliseconds
[30Apr2026 16:52:00.167] [Server thread/INFO] [Chunk Activity Tracker/]: Saving data for 2843 chunks for dimension 'overworld' took 7 milliseconds
[30Apr2026 16:57:00.142] [Server thread/INFO] [dev.ryanhcode.sable.Sable/]: Saving sub-levels for level 'ServerLevel[world]'/minecraft:overworld
[30Apr2026 16:57:00.146] [Server thread/INFO] [dev.ryanhcode.sable.Sable/]: Saving sub-levels for level 'ServerLevel[world]'/minecraft:the_nether
[30Apr2026 16:57:00.147] [Server thread/INFO] [dev.ryanhcode.sable.Sable/]: Saving sub-levels for level 'ServerLevel[world]'/minecraft:the_end
[30Apr2026 16:57:00.154] [Server thread/INFO] [Chunk Activity Tracker/]: Saving data for 110 chunks for dimension 'the_nether' took 1 milliseconds
[30Apr2026 16:57:00.162] [Server thread/INFO] [Chunk Activity Tracker/]: Saving data for 2843 chunks for dimension 'overworld' took 8 milliseconds
[30Apr2026 16:57:13.093] [Server thread/INFO] [AllTheLeaks/]: Listing events...
[30Apr2026 16:57:13.093] [Server thread/INFO] [AllTheLeaks/]: Server Player Clone: 2
[30Apr2026 16:57:13.093] [Server thread/INFO] [AllTheLeaks/]: Server Player Logout: 7
[30Apr2026 16:57:13.093] [Server thread/INFO] [AllTheLeaks/]: Listing memory leaks so far...
[30Apr2026 16:57:13.094] [Server thread/INFO] [AllTheLeaks/]: B: 1289MB / C: 1392MB / Diff: +103MB
[30Apr2026 16:57:13.094] [Server thread/INFO] [AllTheLeaks/]: Memory Leaks detected: (/atl force_refresh to update)
[30Apr2026 16:57:13.094] [Server thread/INFO] [AllTheLeaks/]: | ChunkAccess:
[30Apr2026 16:57:13.094] [Server thread/INFO] [AllTheLeaks/]: |- LevelChunk (minecraft): 1013
[30Apr2026 16:57:13.094] [Server thread/INFO] [AllTheLeaks/]: | Player:
[30Apr2026 16:57:13.094] [Server thread/INFO] [AllTheLeaks/]: |- ServerPlayer (minecraft): 9
[30Apr2026 17:02:00.142] [Server thread/INFO] [dev.ryanhcode.sable.Sable/]: Saving sub-levels for level 'ServerLevel[world]'/minecraft:overworld
[30Apr2026 17:02:00.146] [Server thread/INFO] [dev.ryanhcode.sable.Sable/]: Saving sub-levels for level 'ServerLevel[world]'/minecraft:the_nether
[30Apr2026 17:02:00.147] [Server thread/INFO] [dev.ryanhcode.sable.Sable/]: Saving sub-levels for level 'ServerLevel[world]'/minecraft:the_end
[30Apr2026 17:02:00.154] [Server thread/INFO] [Chunk Activity Tracker/]: Saving data for 110 chunks for dimension 'the_nether' took 1 milliseconds
[30Apr2026 17:02:00.162] [Server thread/INFO] [Chunk Activity Tracker/]: Saving data for 2843 chunks for dimension 'overworld' took 8 milliseconds
[30Apr2026 17:07:00.115] [User Authenticator #8/INFO] [net.minecraft.server.network.ServerLoginPacketListenerImpl/]: UUID of player KobaltKhaos is 884185fe-c84e-4116-a1a6-d61923dbb313
[30Apr2026 17:07:00.143] [Server thread/INFO] [dev.ryanhcode.sable.Sable/]: Saving sub-levels for level 'ServerLevel[world]'/minecraft:overworld
[30Apr2026 17:07:00.146] [Server thread/INFO] [dev.ryanhcode.sable.Sable/]: Saving sub-levels for level 'ServerLevel[world]'/minecraft:the_nether
[30Apr2026 17:07:00.146] [Server thread/INFO] [dev.ryanhcode.sable.Sable/]: Saving sub-levels for level 'ServerLevel[world]'/minecraft:the_end
[30Apr2026 17:07:00.153] [Server thread/INFO] [Chunk Activity Tracker/]: Saving data for 110 chunks for dimension 'the_nether' took 1 milliseconds
[30Apr2026 17:07:00.162] [Server thread/INFO] [Chunk Activity Tracker/]: Saving data for 2843 chunks for dimension 'overworld' took 8 milliseconds
[30Apr2026 17:07:03.121] [Server thread/INFO] [net.minecraft.server.players.PlayerList/]: KobaltKhaos[/71.82.253.46:54972] logged in with entity id 128674 at (126.93913693113589, 63.0, 486.4516644734404)
[30Apr2026 17:07:03.122] [Server thread/INFO] [dev.ryanhcode.sable.Sable/]: Beginning attempted authentication with player KobaltKhaos
[30Apr2026 17:07:03.132] [Server thread/INFO] [Create cobblestone NeoForge/]: Syncing generator types to new client
[30Apr2026 17:07:03.133] [Server thread/INFO] [Create cobblestone NeoForge/]: Sent generator update payload (5 entries) to 1 player(s)
[30Apr2026 17:07:03.140] [Server thread/INFO] [net.minecraft.server.MinecraftServer/]: KobaltKhaos joined the game
[30Apr2026 17:07:03.167] [Server thread/INFO] [DistantHorizons-DistantHorizons-com.seibel.distanthorizons.core.api.internal.ServerApi/]: Player [KobaltKhaos] joined.
[30Apr2026 17:07:13.153] [Server thread/INFO] [AllTheLeaks/]: Listing events...
[30Apr2026 17:07:13.153] [Server thread/INFO] [AllTheLeaks/]: Server Player Clone: 2
[30Apr2026 17:07:13.154] [Server thread/INFO] [AllTheLeaks/]: Server Player Logout: 7
[30Apr2026 17:07:13.154] [Server thread/INFO] [AllTheLeaks/]: Listing memory leaks so far...
[30Apr2026 17:07:13.154] [Server thread/INFO] [AllTheLeaks/]: B: 1289MB / C: 1719MB / Diff: +430MB
[30Apr2026 17:07:13.154] [Server thread/INFO] [AllTheLeaks/]: Memory Leaks detected: (/atl force_refresh to update)
[30Apr2026 17:07:13.154] [Server thread/INFO] [AllTheLeaks/]: | ChunkAccess:
[30Apr2026 17:07:13.154] [Server thread/INFO] [AllTheLeaks/]: |- LevelChunk (minecraft): 25
[30Apr2026 17:07:13.155] [Server thread/INFO] [AllTheLeaks/]: | Player:
[30Apr2026 17:07:13.155] [Server thread/INFO] [AllTheLeaks/]: |- ServerPlayer (minecraft): 9
[30Apr2026 17:12:00.308] [Server thread/INFO] [dev.ryanhcode.sable.Sable/]: Saving sub-levels for level 'ServerLevel[world]'/minecraft:overworld
[30Apr2026 17:12:00.331] [Server thread/INFO] [dev.ryanhcode.sable.Sable/]: Saving sub-levels for level 'ServerLevel[world]'/minecraft:the_nether
[30Apr2026 17:12:00.331] [Server thread/INFO] [dev.ryanhcode.sable.Sable/]: Saving sub-levels for level 'ServerLevel[world]'/minecraft:the_end
[30Apr2026 17:12:00.339] [Server thread/INFO] [Chunk Activity Tracker/]: Saving data for 110 chunks for dimension 'the_nether' took 1 milliseconds
[30Apr2026 17:12:00.348] [Server thread/INFO] [Chunk Activity Tracker/]: Saving data for 2843 chunks for dimension 'overworld' took 8 milliseconds
[30Apr2026 17:17:00.300] [Server thread/INFO] [dev.ryanhcode.sable.Sable/]: Saving sub-levels for level 'ServerLevel[world]'/minecraft:overworld
[30Apr2026 17:17:00.321] [Server thread/INFO] [dev.ryanhcode.sable.Sable/]: Saving sub-levels for level 'ServerLevel[world]'/minecraft:the_nether
[30Apr2026 17:17:00.322] [Server thread/INFO] [dev.ryanhcode.sable.Sable/]: Saving sub-levels for level 'ServerLevel[world]'/minecraft:the_end
[30Apr2026 17:17:00.331] [Server thread/INFO] [Chunk Activity Tracker/]: Saving data for 110 chunks for dimension 'the_nether' took 1 milliseconds
[30Apr2026 17:17:00.341] [Server thread/INFO] [Chunk Activity Tracker/]: Saving data for 2843 chunks for dimension 'overworld' took 9 milliseconds
[30Apr2026 17:17:13.202] [Server thread/INFO] [AllTheLeaks/]: Listing events...
[30Apr2026 17:17:13.203] [Server thread/INFO] [AllTheLeaks/]: Server Player Clone: 2
[30Apr2026 17:17:13.203] [Server thread/INFO] [AllTheLeaks/]: Server Player Logout: 7
[30Apr2026 17:17:13.203] [Server thread/INFO] [AllTheLeaks/]: Listing memory leaks so far...
[30Apr2026 17:17:13.203] [Server thread/INFO] [AllTheLeaks/]: B: 1289MB / C: 1566MB / Diff: +277MB
[30Apr2026 17:17:13.203] [Server thread/INFO] [AllTheLeaks/]: Memory Leaks detected: (/atl force_refresh to update)
[30Apr2026 17:17:13.203] [Server thread/INFO] [AllTheLeaks/]: | ChunkAccess:
[30Apr2026 17:17:13.204] [Server thread/INFO] [AllTheLeaks/]: |- LevelChunk (minecraft): 22
[30Apr2026 17:17:13.204] [Server thread/INFO] [AllTheLeaks/]: | Player:
[30Apr2026 17:17:13.204] [Server thread/INFO] [AllTheLeaks/]: |- ServerPlayer (minecraft): 9
[30Apr2026 17:22:00.264] [Server thread/INFO] [dev.ryanhcode.sable.Sable/]: Saving sub-levels for level 'ServerLevel[world]'/minecraft:overworld
[30Apr2026 17:22:00.293] [Server thread/INFO] [dev.ryanhcode.sable.Sable/]: Saving sub-levels for level 'ServerLevel[world]'/minecraft:the_nether
[30Apr2026 17:22:00.294] [Server thread/INFO] [dev.ryanhcode.sable.Sable/]: Saving sub-levels for level 'ServerLevel[world]'/minecraft:the_end
[30Apr2026 17:22:00.302] [Server thread/INFO] [Chunk Activity Tracker/]: Saving data for 110 chunks for dimension 'the_nether' took 2 milliseconds
[30Apr2026 17:22:00.312] [Server thread/INFO] [Chunk Activity Tracker/]: Saving data for 2843 chunks for dimension 'overworld' took 10 milliseconds
[30Apr2026 17:27:00.261] [Server thread/INFO] [dev.ryanhcode.sable.Sable/]: Saving sub-levels for level 'ServerLevel[world]'/minecraft:overworld
[30Apr2026 17:27:00.281] [Server thread/INFO] [dev.ryanhcode.sable.Sable/]: Saving sub-levels for level 'ServerLevel[world]'/minecraft:the_nether
[30Apr2026 17:27:00.282] [Server thread/INFO] [dev.ryanhcode.sable.Sable/]: Saving sub-levels for level 'ServerLevel[world]'/minecraft:the_end
[30Apr2026 17:27:00.290] [Server thread/INFO] [Chunk Activity Tracker/]: Saving data for 110 chunks for dimension 'the_nether' took 1 milliseconds
[30Apr2026 17:27:00.299] [Server thread/INFO] [Chunk Activity Tracker/]: Saving data for 2843 chunks for dimension 'overworld' took 9 milliseconds
[30Apr2026 17:27:13.254] [Server thread/INFO] [AllTheLeaks/]: Listing events...
[30Apr2026 17:27:13.254] [Server thread/INFO] [AllTheLeaks/]: Server Player Clone: 2
[30Apr2026 17:27:13.254] [Server thread/INFO] [AllTheLeaks/]: Server Player Logout: 7
[30Apr2026 17:27:13.254] [Server thread/INFO] [AllTheLeaks/]: Listing memory leaks so far...
[30Apr2026 17:27:13.254] [Server thread/INFO] [AllTheLeaks/]: B: 1289MB / C: 1511MB / Diff: +222MB
[30Apr2026 17:27:13.255] [Server thread/INFO] [AllTheLeaks/]: Memory Leaks detected: (/atl force_refresh to update)
[30Apr2026 17:27:13.255] [Server thread/INFO] [AllTheLeaks/]: | ChunkAccess:
[30Apr2026 17:27:13.255] [Server thread/INFO] [AllTheLeaks/]: |- LevelChunk (minecraft): 22
[30Apr2026 17:27:13.255] [Server thread/INFO] [AllTheLeaks/]: | Player:
[30Apr2026 17:27:13.255] [Server thread/INFO] [AllTheLeaks/]: |- ServerPlayer (minecraft): 9
[30Apr2026 17:32:00.259] [Server thread/INFO] [dev.ryanhcode.sable.Sable/]: Saving sub-levels for level 'ServerLevel[world]'/minecraft:overworld
[30Apr2026 17:32:00.278] [Server thread/INFO] [dev.ryanhcode.sable.Sable/]: Saving sub-levels for level 'ServerLevel[world]'/minecraft:the_nether
[30Apr2026 17:32:00.279] [Server thread/INFO] [dev.ryanhcode.sable.Sable/]: Saving sub-levels for level 'ServerLevel[world]'/minecraft:the_end
[30Apr2026 17:32:00.287] [Server thread/INFO] [Chunk Activity Tracker/]: Saving data for 110 chunks for dimension 'the_nether' took 2 milliseconds
[30Apr2026 17:32:00.295] [Server thread/INFO] [Chunk Activity Tracker/]: Saving data for 2843 chunks for dimension 'overworld' took 8 milliseconds
[30Apr2026 17:37:00.258] [Server thread/INFO] [dev.ryanhcode.sable.Sable/]: Saving sub-levels for level 'ServerLevel[world]'/minecraft:overworld
[30Apr2026 17:37:00.280] [Server thread/INFO] [dev.ryanhcode.sable.Sable/]: Saving sub-levels for level 'ServerLevel[world]'/minecraft:the_nether
[30Apr2026 17:37:00.281] [Server thread/INFO] [dev.ryanhcode.sable.Sable/]: Saving sub-levels for level 'ServerLevel[world]'/minecraft:the_end
[30Apr2026 17:37:00.288] [Server thread/INFO] [Chunk Activity Tracker/]: Saving data for 110 chunks for dimension 'the_nether' took 1 milliseconds
[30Apr2026 17:37:00.296] [Server thread/INFO] [Chunk Activity Tracker/]: Saving data for 2843 chunks for dimension 'overworld' took 8 milliseconds
[30Apr2026 17:37:13.302] [Server thread/INFO] [AllTheLeaks/]: Listing events...
[30Apr2026 17:37:13.303] [Server thread/INFO] [AllTheLeaks/]: Server Player Clone: 2
[30Apr2026 17:37:13.303] [Server thread/INFO] [AllTheLeaks/]: Server Player Logout: 7
[30Apr2026 17:37:13.303] [Server thread/INFO] [AllTheLeaks/]: Listing memory leaks so far...
[30Apr2026 17:37:13.303] [Server thread/INFO] [AllTheLeaks/]: B: 1289MB / C: 1504MB / Diff: +215MB
[30Apr2026 17:37:13.304] [Server thread/INFO] [AllTheLeaks/]: Memory Leaks detected: (/atl force_refresh to update)
[30Apr2026 17:37:13.304] [Server thread/INFO] [AllTheLeaks/]: | ChunkAccess:
[30Apr2026 17:37:13.304] [Server thread/INFO] [AllTheLeaks/]: |- LevelChunk (minecraft): 22
[30Apr2026 17:37:13.304] [Server thread/INFO] [AllTheLeaks/]: | Player:
[30Apr2026 17:37:13.304] [Server thread/INFO] [AllTheLeaks/]: |- ServerPlayer (minecraft): 9
[30Apr2026 17:42:00.259] [Server thread/INFO] [dev.ryanhcode.sable.Sable/]: Saving sub-levels for level 'ServerLevel[world]'/minecraft:overworld
[30Apr2026 17:42:00.281] [Server thread/INFO] [dev.ryanhcode.sable.Sable/]: Saving sub-levels for level 'ServerLevel[world]'/minecraft:the_nether
[30Apr2026 17:42:00.282] [Server thread/INFO] [dev.ryanhcode.sable.Sable/]: Saving sub-levels for level 'ServerLevel[world]'/minecraft:the_end
[30Apr2026 17:42:00.290] [Server thread/INFO] [Chunk Activity Tracker/]: Saving data for 110 chunks for dimension 'the_nether' took 0 milliseconds
[30Apr2026 17:42:00.298] [Server thread/INFO] [Chunk Activity Tracker/]: Saving data for 2843 chunks for dimension 'overworld' took 8 milliseconds
[30Apr2026 17:47:00.259] [Server thread/INFO] [dev.ryanhcode.sable.Sable/]: Saving sub-levels for level 'ServerLevel[world]'/minecraft:overworld
[30Apr2026 17:47:00.280] [Server thread/INFO] [dev.ryanhcode.sable.Sable/]: Saving sub-levels for level 'ServerLevel[world]'/minecraft:the_nether
[30Apr2026 17:47:00.280] [Server thread/INFO] [dev.ryanhcode.sable.Sable/]: Saving sub-levels for level 'ServerLevel[world]'/minecraft:the_end
[30Apr2026 17:47:00.288] [Server thread/INFO] [Chunk Activity Tracker/]: Saving data for 110 chunks for dimension 'the_nether' took 1 milliseconds
[30Apr2026 17:47:00.296] [Server thread/INFO] [Chunk Activity Tracker/]: Saving data for 2843 chunks for dimension 'overworld' took 8 milliseconds
[30Apr2026 17:47:13.352] [Server thread/INFO] [AllTheLeaks/]: Listing events...
[30Apr2026 17:47:13.352] [Server thread/INFO] [AllTheLeaks/]: Server Player Clone: 2
[30Apr2026 17:47:13.352] [Server thread/INFO] [AllTheLeaks/]: Server Player Logout: 7
[30Apr2026 17:47:13.353] [Server thread/INFO] [AllTheLeaks/]: Listing memory leaks so far...
[30Apr2026 17:47:13.353] [Server thread/INFO] [AllTheLeaks/]: B: 1289MB / C: 1498MB / Diff: +209MB
[30Apr2026 17:47:13.353] [Server thread/INFO] [AllTheLeaks/]: Memory Leaks detected: (/atl force_refresh to update)
[30Apr2026 17:47:13.353] [Server thread/INFO] [AllTheLeaks/]: | ChunkAccess:
[30Apr2026 17:47:13.354] [Server thread/INFO] [AllTheLeaks/]: |- LevelChunk (minecraft): 22
[30Apr2026 17:47:13.354] [Server thread/INFO] [AllTheLeaks/]: | Player:
[30Apr2026 17:47:13.354] [Server thread/INFO] [AllTheLeaks/]: |- ServerPlayer (minecraft): 9
[30Apr2026 17:52:00.260] [Server thread/INFO] [dev.ryanhcode.sable.Sable/]: Saving sub-levels for level 'ServerLevel[world]'/minecraft:overworld
[30Apr2026 17:52:00.282] [Server thread/INFO] [dev.ryanhcode.sable.Sable/]: Saving sub-levels for level 'ServerLevel[world]'/minecraft:the_nether
[30Apr2026 17:52:00.283] [Server thread/INFO] [dev.ryanhcode.sable.Sable/]: Saving sub-levels for level 'ServerLevel[world]'/minecraft:the_end
[30Apr2026 17:52:00.291] [Server thread/INFO] [Chunk Activity Tracker/]: Saving data for 110 chunks for dimension 'the_nether' took 2 milliseconds
[30Apr2026 17:52:00.300] [Server thread/INFO] [Chunk Activity Tracker/]: Saving data for 2843 chunks for dimension 'overworld' took 9 milliseconds
[30Apr2026 17:57:00.259] [Server thread/INFO] [dev.ryanhcode.sable.Sable/]: Saving sub-levels for level 'ServerLevel[world]'/minecraft:overworld
[30Apr2026 17:57:00.280] [Server thread/INFO] [dev.ryanhcode.sable.Sable/]: Saving sub-levels for level 'ServerLevel[world]'/minecraft:the_nether
[30Apr2026 17:57:00.280] [Server thread/INFO] [dev.ryanhcode.sable.Sable/]: Saving sub-levels for level 'ServerLevel[world]'/minecraft:the_end
[30Apr2026 17:57:00.287] [Server thread/INFO] [Chunk Activity Tracker/]: Saving data for 110 chunks for dimension 'the_nether' took 1 milliseconds
[30Apr2026 17:57:00.296] [Server thread/INFO] [Chunk Activity Tracker/]: Saving data for 2843 chunks for dimension 'overworld' took 8 milliseconds
[30Apr2026 17:57:13.404] [Server thread/INFO] [AllTheLeaks/]: Listing events...
[30Apr2026 17:57:13.404] [Server thread/INFO] [AllTheLeaks/]: Server Player Clone: 2
[30Apr2026 17:57:13.404] [Server thread/INFO] [AllTheLeaks/]: Server Player Logout: 7
[30Apr2026 17:57:13.405] [Server thread/INFO] [AllTheLeaks/]: Listing memory leaks so far...
[30Apr2026 17:57:13.405] [Server thread/INFO] [AllTheLeaks/]: B: 1289MB / C: 1490MB / Diff: +201MB
[30Apr2026 17:57:13.405] [Server thread/INFO] [AllTheLeaks/]: Memory Leaks detected: (/atl force_refresh to update)
[30Apr2026 17:57:13.405] [Server thread/INFO] [AllTheLeaks/]: | ChunkAccess:
[30Apr2026 17:57:13.405] [Server thread/INFO] [AllTheLeaks/]: |- LevelChunk (minecraft): 22
[30Apr2026 17:57:13.405] [Server thread/INFO] [AllTheLeaks/]: | Player:
[30Apr2026 17:57:13.406] [Server thread/INFO] [AllTheLeaks/]: |- ServerPlayer (minecraft): 9
[30Apr2026 18:02:00.261] [Server thread/INFO] [dev.ryanhcode.sable.Sable/]: Saving sub-levels for level 'ServerLevel[world]'/minecraft:overworld
[30Apr2026 18:02:00.285] [Server thread/INFO] [dev.ryanhcode.sable.Sable/]: Saving sub-levels for level 'ServerLevel[world]'/minecraft:the_nether
[30Apr2026 18:02:00.285] [Server thread/INFO] [dev.ryanhcode.sable.Sable/]: Saving sub-levels for level 'ServerLevel[world]'/minecraft:the_end
[30Apr2026 18:02:00.293] [Server thread/INFO] [Chunk Activity Tracker/]: Saving data for 110 chunks for dimension 'the_nether' took 1 milliseconds
[30Apr2026 18:02:00.301] [Server thread/INFO] [Chunk Activity Tracker/]: Saving data for 2843 chunks for dimension 'overworld' took 8 milliseconds
[30Apr2026 18:07:00.272] [Server thread/INFO] [dev.ryanhcode.sable.Sable/]: Saving sub-levels for level 'ServerLevel[world]'/minecraft:overworld
[30Apr2026 18:07:00.294] [Server thread/INFO] [dev.ryanhcode.sable.Sable/]: Saving sub-levels for level 'ServerLevel[world]'/minecraft:the_nether
[30Apr2026 18:07:00.295] [Server thread/INFO] [dev.ryanhcode.sable.Sable/]: Saving sub-levels for level 'ServerLevel[world]'/minecraft:the_end
[30Apr2026 18:07:00.302] [Server thread/INFO] [Chunk Activity Tracker/]: Saving data for 110 chunks for dimension 'the_nether' took 1 milliseconds
[30Apr2026 18:07:00.310] [Server thread/INFO] [Chunk Activity Tracker/]: Saving data for 2843 chunks for dimension 'overworld' took 8 milliseconds
[30Apr2026 18:07:13.452] [Server thread/INFO] [AllTheLeaks/]: Listing events...
[30Apr2026 18:07:13.452] [Server thread/INFO] [AllTheLeaks/]: Server Player Clone: 2
[30Apr2026 18:07:13.452] [Server thread/INFO] [AllTheLeaks/]: Server Player Logout: 7
[30Apr2026 18:07:13.452] [Server thread/INFO] [AllTheLeaks/]: Listing memory leaks so far...
[30Apr2026 18:07:13.453] [Server thread/INFO] [AllTheLeaks/]: B: 1289MB / C: 1489MB / Diff: +200MB
[30Apr2026 18:07:13.453] [Server thread/INFO] [AllTheLeaks/]: Memory Leaks detected: (/atl force_refresh to update)
[30Apr2026 18:07:13.453] [Server thread/INFO] [AllTheLeaks/]: | ChunkAccess:
[30Apr2026 18:07:13.453] [Server thread/INFO] [AllTheLeaks/]: |- LevelChunk (minecraft): 22
[30Apr2026 18:07:13.453] [Server thread/INFO] [AllTheLeaks/]: | Player:
[30Apr2026 18:07:13.454] [Server thread/INFO] [AllTheLeaks/]: |- ServerPlayer (minecraft): 9
[30Apr2026 18:12:00.263] [Server thread/INFO] [dev.ryanhcode.sable.Sable/]: Saving sub-levels for level 'ServerLevel[world]'/minecraft:overworld
[30Apr2026 18:12:00.286] [Server thread/INFO] [dev.ryanhcode.sable.Sable/]: Saving sub-levels for level 'ServerLevel[world]'/minecraft:the_nether
[30Apr2026 18:12:00.287] [Server thread/INFO] [dev.ryanhcode.sable.Sable/]: Saving sub-levels for level 'ServerLevel[world]'/minecraft:the_end
[30Apr2026 18:12:00.294] [Server thread/INFO] [Chunk Activity Tracker/]: Saving data for 110 chunks for dimension 'the_nether' took 1 milliseconds
[30Apr2026 18:12:00.303] [Server thread/INFO] [Chunk Activity Tracker/]: Saving data for 2843 chunks for dimension 'overworld' took 9 milliseconds
[30Apr2026 18:17:00.259] [Server thread/INFO] [dev.ryanhcode.sable.Sable/]: Saving sub-levels for level 'ServerLevel[world]'/minecraft:overworld
[30Apr2026 18:17:00.282] [Server thread/INFO] [dev.ryanhcode.sable.Sable/]: Saving sub-levels for level 'ServerLevel[world]'/minecraft:the_nether
[30Apr2026 18:17:00.283] [Server thread/INFO] [dev.ryanhcode.sable.Sable/]: Saving sub-levels for level 'ServerLevel[world]'/minecraft:the_end
[30Apr2026 18:17:00.290] [Server thread/INFO] [Chunk Activity Tracker/]: Saving data for 110 chunks for dimension 'the_nether' took 1 milliseconds
[30Apr2026 18:17:00.299] [Server thread/INFO] [Chunk Activity Tracker/]: Saving data for 2843 chunks for dimension 'overworld' took 9 milliseconds
[30Apr2026 18:17:13.502] [Server thread/INFO] [AllTheLeaks/]: Listing events...
[30Apr2026 18:17:13.503] [Server thread/INFO] [AllTheLeaks/]: Server Player Clone: 2
[30Apr2026 18:17:13.503] [Server thread/INFO] [AllTheLeaks/]: Server Player Logout: 7
[30Apr2026 18:17:13.503] [Server thread/INFO] [AllTheLeaks/]: Listing memory leaks so far...
[30Apr2026 18:17:13.503] [Server thread/INFO] [AllTheLeaks/]: B: 1289MB / C: 1499MB / Diff: +210MB
[30Apr2026 18:17:13.504] [Server thread/INFO] [AllTheLeaks/]: Memory Leaks detected: (/atl force_refresh to update)
[30Apr2026 18:17:13.504] [Server thread/INFO] [AllTheLeaks/]: | ChunkAccess:
[30Apr2026 18:17:13.504] [Server thread/INFO] [AllTheLeaks/]: |- LevelChunk (minecraft): 22
[30Apr2026 18:17:13.504] [Server thread/INFO] [AllTheLeaks/]: | Player:
[30Apr2026 18:17:13.504] [Server thread/INFO] [AllTheLeaks/]: |- ServerPlayer (minecraft): 9
[30Apr2026 18:22:00.265] [Server thread/INFO] [dev.ryanhcode.sable.Sable/]: Saving sub-levels for level 'ServerLevel[world]'/minecraft:overworld
[30Apr2026 18:22:00.288] [Server thread/INFO] [dev.ryanhcode.sable.Sable/]: Saving sub-levels for level 'ServerLevel[world]'/minecraft:the_nether
[30Apr2026 18:22:00.289] [Server thread/INFO] [dev.ryanhcode.sable.Sable/]: Saving sub-levels for level 'ServerLevel[world]'/minecraft:the_end
[30Apr2026 18:22:00.296] [Server thread/INFO] [Chunk Activity Tracker/]: Saving data for 110 chunks for dimension 'the_nether' took 1 milliseconds
[30Apr2026 18:22:00.304] [Server thread/INFO] [Chunk Activity Tracker/]: Saving data for 2843 chunks for dimension 'overworld' took 8 milliseconds
[30Apr2026 18:27:00.260] [Server thread/INFO] [dev.ryanhcode.sable.Sable/]: Saving sub-levels for level 'ServerLevel[world]'/minecraft:overworld
[30Apr2026 18:27:00.284] [Server thread/INFO] [dev.ryanhcode.sable.Sable/]: Saving sub-levels for level 'ServerLevel[world]'/minecraft:the_nether
[30Apr2026 18:27:00.284] [Server thread/INFO] [dev.ryanhcode.sable.Sable/]: Saving sub-levels for level 'ServerLevel[world]'/minecraft:the_end
[30Apr2026 18:27:00.292] [Server thread/INFO] [Chunk Activity Tracker/]: Saving data for 110 chunks for dimension 'the_nether' took 1 milliseconds
[30Apr2026 18:27:00.300] [Server thread/INFO] [Chunk Activity Tracker/]: Saving data for 2843 chunks for dimension 'overworld' took 8 milliseconds
[30Apr2026 18:27:13.552] [Server thread/INFO] [AllTheLeaks/]: Listing events...
[30Apr2026 18:27:13.553] [Server thread/INFO] [AllTheLeaks/]: Server Player Clone: 2
[30Apr2026 18:27:13.553] [Server thread/INFO] [AllTheLeaks/]: Server Player Logout: 7
[30Apr2026 18:27:13.553] [Server thread/INFO] [AllTheLeaks/]: Listing memory leaks so far...
[30Apr2026 18:27:13.554] [Server thread/INFO] [AllTheLeaks/]: B: 1289MB / C: 1492MB / Diff: +203MB
[30Apr2026 18:27:13.554] [Server thread/INFO] [AllTheLeaks/]: Memory Leaks detected: (/atl force_refresh to update)
[30Apr2026 18:27:13.554] [Server thread/INFO] [AllTheLeaks/]: | ChunkAccess:
[30Apr2026 18:27:13.554] [Server thread/INFO] [AllTheLeaks/]: |- LevelChunk (minecraft): 22
[30Apr2026 18:27:13.554] [Server thread/INFO] [AllTheLeaks/]: | Player:
[30Apr2026 18:27:13.555] [Server thread/INFO] [AllTheLeaks/]: |- ServerPlayer (minecraft): 9
[30Apr2026 18:32:00.256] [Server thread/INFO] [dev.ryanhcode.sable.Sable/]: Saving sub-levels for level 'ServerLevel[world]'/minecraft:overworld
[30Apr2026 18:32:00.281] [Server thread/INFO] [dev.ryanhcode.sable.Sable/]: Saving sub-levels for level 'ServerLevel[world]'/minecraft:the_nether
[30Apr2026 18:32:00.281] [Server thread/INFO] [dev.ryanhcode.sable.Sable/]: Saving sub-levels for level 'ServerLevel[world]'/minecraft:the_end
[30Apr2026 18:32:00.289] [Server thread/INFO] [Chunk Activity Tracker/]: Saving data for 110 chunks for dimension 'the_nether' took 1 milliseconds
[30Apr2026 18:32:00.297] [Server thread/INFO] [Chunk Activity Tracker/]: Saving data for 2843 chunks for dimension 'overworld' took 8 milliseconds
[30Apr2026 18:37:00.258] [Server thread/INFO] [dev.ryanhcode.sable.Sable/]: Saving sub-levels for level 'ServerLevel[world]'/minecraft:overworld
[30Apr2026 18:37:00.279] [Server thread/INFO] [dev.ryanhcode.sable.Sable/]: Saving sub-levels for level 'ServerLevel[world]'/minecraft:the_nether
[30Apr2026 18:37:00.280] [Server thread/INFO] [dev.ryanhcode.sable.Sable/]: Saving sub-levels for level 'ServerLevel[world]'/minecraft:the_end
[30Apr2026 18:37:00.287] [Server thread/INFO] [Chunk Activity Tracker/]: Saving data for 110 chunks for dimension 'the_nether' took 1 milliseconds
[30Apr2026 18:37:00.295] [Server thread/INFO] [Chunk Activity Tracker/]: Saving data for 2843 chunks for dimension 'overworld' took 8 milliseconds
[30Apr2026 18:37:13.602] [Server thread/INFO] [AllTheLeaks/]: Listing events...
[30Apr2026 18:37:13.602] [Server thread/INFO] [AllTheLeaks/]: Server Player Clone: 2
[30Apr2026 18:37:13.603] [Server thread/INFO] [AllTheLeaks/]: Server Player Logout: 7
[30Apr2026 18:37:13.603] [Server thread/INFO] [AllTheLeaks/]: Listing memory leaks so far...
[30Apr2026 18:37:13.603] [Server thread/INFO] [AllTheLeaks/]: B: 1289MB / C: 1493MB / Diff: +204MB
[30Apr2026 18:37:13.603] [Server thread/INFO] [AllTheLeaks/]: Memory Leaks detected: (/atl force_refresh to update)
[30Apr2026 18:37:13.604] [Server thread/INFO] [AllTheLeaks/]: | ChunkAccess:
[30Apr2026 18:37:13.604] [Server thread/INFO] [AllTheLeaks/]: |- LevelChunk (minecraft): 22
[30Apr2026 18:37:13.604] [Server thread/INFO] [AllTheLeaks/]: | Player:
[30Apr2026 18:37:13.604] [Server thread/INFO] [AllTheLeaks/]: |- ServerPlayer (minecraft): 9
[30Apr2026 18:42:00.256] [Server thread/INFO] [dev.ryanhcode.sable.Sable/]: Saving sub-levels for level 'ServerLevel[world]'/minecraft:overworld
[30Apr2026 18:42:00.280] [Server thread/INFO] [dev.ryanhcode.sable.Sable/]: Saving sub-levels for level 'ServerLevel[world]'/minecraft:the_nether
[30Apr2026 18:42:00.281] [Server thread/INFO] [dev.ryanhcode.sable.Sable/]: Saving sub-levels for level 'ServerLevel[world]'/minecraft:the_end
[30Apr2026 18:42:00.291] [Server thread/INFO] [Chunk Activity Tracker/]: Saving data for 110 chunks for dimension 'the_nether' took 2 milliseconds
[30Apr2026 18:42:00.298] [Server thread/INFO] [Chunk Activity Tracker/]: Saving data for 2843 chunks for dimension 'overworld' took 7 milliseconds
[30Apr2026 18:47:00.256] [Server thread/INFO] [dev.ryanhcode.sable.Sable/]: Saving sub-levels for level 'ServerLevel[world]'/minecraft:overworld
[30Apr2026 18:47:00.280] [Server thread/INFO] [dev.ryanhcode.sable.Sable/]: Saving sub-levels for level 'ServerLevel[world]'/minecraft:the_nether
[30Apr2026 18:47:00.280] [Server thread/INFO] [dev.ryanhcode.sable.Sable/]: Saving sub-levels for level 'ServerLevel[world]'/minecraft:the_end
[30Apr2026 18:47:00.287] [Server thread/INFO] [Chunk Activity Tracker/]: Saving data for 110 chunks for dimension 'the_nether' took 1 milliseconds
[30Apr2026 18:47:00.295] [Server thread/INFO] [Chunk Activity Tracker/]: Saving data for 2843 chunks for dimension 'overworld' took 8 milliseconds
[30Apr2026 18:47:13.653] [Server thread/INFO] [AllTheLeaks/]: Listing events...
[30Apr2026 18:47:13.654] [Server thread/INFO] [AllTheLeaks/]: Server Player Clone: 2
[30Apr2026 18:47:13.654] [Server thread/INFO] [AllTheLeaks/]: Server Player Logout: 7
[30Apr2026 18:47:13.654] [Server thread/INFO] [AllTheLeaks/]: Listing memory leaks so far...
[30Apr2026 18:47:13.654] [Server thread/INFO] [AllTheLeaks/]: B: 1289MB / C: 1491MB / Diff: +202MB
[30Apr2026 18:47:13.654] [Server thread/INFO] [AllTheLeaks/]: Memory Leaks detected: (/atl force_refresh to update)
[30Apr2026 18:47:13.655] [Server thread/INFO] [AllTheLeaks/]: | ChunkAccess:
[30Apr2026 18:47:13.655] [Server thread/INFO] [AllTheLeaks/]: |- LevelChunk (minecraft): 22
[30Apr2026 18:47:13.655] [Server thread/INFO] [AllTheLeaks/]: | Player:
[30Apr2026 18:47:13.655] [Server thread/INFO] [AllTheLeaks/]: |- ServerPlayer (minecraft): 9
[30Apr2026 18:52:00.260] [Server thread/INFO] [dev.ryanhcode.sable.Sable/]: Saving sub-levels for level 'ServerLevel[world]'/minecraft:overworld
[30Apr2026 18:52:00.282] [Server thread/INFO] [dev.ryanhcode.sable.Sable/]: Saving sub-levels for level 'ServerLevel[world]'/minecraft:the_nether
[30Apr2026 18:52:00.282] [Server thread/INFO] [dev.ryanhcode.sable.Sable/]: Saving sub-levels for level 'ServerLevel[world]'/minecraft:the_end
[30Apr2026 18:52:00.289] [Server thread/INFO] [Chunk Activity Tracker/]: Saving data for 110 chunks for dimension 'the_nether' took 1 milliseconds
[30Apr2026 18:52:00.297] [Server thread/INFO] [Chunk Activity Tracker/]: Saving data for 2843 chunks for dimension 'overworld' took 8 milliseconds
[30Apr2026 18:57:00.260] [Server thread/INFO] [dev.ryanhcode.sable.Sable/]: Saving sub-levels for level 'ServerLevel[world]'/minecraft:overworld
[30Apr2026 18:57:00.280] [Server thread/INFO] [dev.ryanhcode.sable.Sable/]: Saving sub-levels for level 'ServerLevel[world]'/minecraft:the_nether
[30Apr2026 18:57:00.281] [Server thread/INFO] [dev.ryanhcode.sable.Sable/]: Saving sub-levels for level 'ServerLevel[world]'/minecraft:the_end
[30Apr2026 18:57:00.288] [Server thread/INFO] [Chunk Activity Tracker/]: Saving data for 110 chunks for dimension 'the_nether' took 1 milliseconds
[30Apr2026 18:57:00.296] [Server thread/INFO] [Chunk Activity Tracker/]: Saving data for 2843 chunks for dimension 'overworld' took 7 milliseconds
[30Apr2026 18:57:13.703] [Server thread/INFO] [AllTheLeaks/]: Listing events...
[30Apr2026 18:57:13.703] [Server thread/INFO] [AllTheLeaks/]: Server Player Clone: 2
[30Apr2026 18:57:13.703] [Server thread/INFO] [AllTheLeaks/]: Server Player Logout: 7
[30Apr2026 18:57:13.704] [Server thread/INFO] [AllTheLeaks/]: Listing memory leaks so far...
[30Apr2026 18:57:13.704] [Server thread/INFO] [AllTheLeaks/]: B: 1289MB / C: 1492MB / Diff: +203MB
[30Apr2026 18:57:13.704] [Server thread/INFO] [AllTheLeaks/]: Memory Leaks detected: (/atl force_refresh to update)
[30Apr2026 18:57:13.704] [Server thread/INFO] [AllTheLeaks/]: | ChunkAccess:
[30Apr2026 18:57:13.704] [Server thread/INFO] [AllTheLeaks/]: |- LevelChunk (minecraft): 22
[30Apr2026 18:57:13.705] [Server thread/INFO] [AllTheLeaks/]: | Player:
[30Apr2026 18:57:13.705] [Server thread/INFO] [AllTheLeaks/]: |- ServerPlayer (minecraft): 9
[30Apr2026 19:02:00.259] [Server thread/INFO] [dev.ryanhcode.sable.Sable/]: Saving sub-levels for level 'ServerLevel[world]'/minecraft:overworld
[30Apr2026 19:02:00.283] [Server thread/INFO] [dev.ryanhcode.sable.Sable/]: Saving sub-levels for level 'ServerLevel[world]'/minecraft:the_nether
[30Apr2026 19:02:00.283] [Server thread/INFO] [dev.ryanhcode.sable.Sable/]: Saving sub-levels for level 'ServerLevel[world]'/minecraft:the_end
[30Apr2026 19:02:00.290] [Server thread/INFO] [Chunk Activity Tracker/]: Saving data for 110 chunks for dimension 'the_nether' took 1 milliseconds
[30Apr2026 19:02:00.299] [Server thread/INFO] [Chunk Activity Tracker/]: Saving data for 2843 chunks for dimension 'overworld' took 8 milliseconds
[30Apr2026 19:07:00.263] [Server thread/INFO] [dev.ryanhcode.sable.Sable/]: Saving sub-levels for level 'ServerLevel[world]'/minecraft:overworld
[30Apr2026 19:07:00.288] [Server thread/INFO] [dev.ryanhcode.sable.Sable/]: Saving sub-levels for level 'ServerLevel[world]'/minecraft:the_nether
[30Apr2026 19:07:00.290] [Server thread/INFO] [dev.ryanhcode.sable.Sable/]: Saving sub-levels for level 'ServerLevel[world]'/minecraft:the_end
[30Apr2026 19:07:00.298] [Server thread/INFO] [Chunk Activity Tracker/]: Saving data for 110 chunks for dimension 'the_nether' took 1 milliseconds
[30Apr2026 19:07:00.307] [Server thread/INFO] [Chunk Activity Tracker/]: Saving data for 2843 chunks for dimension 'overworld' took 8 milliseconds
[30Apr2026 19:07:13.752] [Server thread/INFO] [AllTheLeaks/]: Listing events...
[30Apr2026 19:07:13.753] [Server thread/INFO] [AllTheLeaks/]: Server Player Clone: 2
[30Apr2026 19:07:13.753] [Server thread/INFO] [AllTheLeaks/]: Server Player Logout: 7
[30Apr2026 19:07:13.753] [Server thread/INFO] [AllTheLeaks/]: Listing memory leaks so far...
[30Apr2026 19:07:13.753] [Server thread/INFO] [AllTheLeaks/]: B: 1289MB / C: 1487MB / Diff: +198MB
[30Apr2026 19:07:13.753] [Server thread/INFO] [AllTheLeaks/]: Memory Leaks detected: (/atl force_refresh to update)
[30Apr2026 19:07:13.754] [Server thread/INFO] [AllTheLeaks/]: | ChunkAccess:
[30Apr2026 19:07:13.754] [Server thread/INFO] [AllTheLeaks/]: |- LevelChunk (minecraft): 22
[30Apr2026 19:07:13.754] [Server thread/INFO] [AllTheLeaks/]: | Player:
[30Apr2026 19:07:13.754] [Server thread/INFO] [AllTheLeaks/]: |- ServerPlayer (minecraft): 9
[30Apr2026 19:08:58.290] [User Authenticator #9/INFO] [net.minecraft.server.network.ServerLoginPacketListenerImpl/]: UUID of player KruKnight is 1d7aac7d-f6d6-4e4f-92b2-05b18818766f
[30Apr2026 19:09:01.502] [Server thread/INFO] [dev.ryanhcode.sable.Sable/]: Player logged in with tracking point in non-loaded sub-level. Attempting to load.
[30Apr2026 19:09:01.523] [Server thread/INFO] [net.minecraft.server.players.PlayerList/]: KruKnight[/192.168.1.102:55169] logged in with entity id 140165 at (207.2171778982431, 65.0199771379315, 849.1882417525909)
[30Apr2026 19:09:01.524] [Server thread/INFO] [dev.ryanhcode.sable.Sable/]: Beginning attempted authentication with player KruKnight
[30Apr2026 19:09:01.535] [Server thread/INFO] [Create cobblestone NeoForge/]: Syncing generator types to new client
[30Apr2026 19:09:01.536] [Server thread/INFO] [Create cobblestone NeoForge/]: Sent generator update payload (5 entries) to 1 player(s)
[30Apr2026 19:09:01.611] [Server thread/INFO] [net.minecraft.server.MinecraftServer/]: KruKnight joined the game
[30Apr2026 19:09:01.642] [Server thread/INFO] [DistantHorizons-DistantHorizons-com.seibel.distanthorizons.core.api.internal.ServerApi/]: Player [KruKnight] joined.
[30Apr2026 19:09:02.823] [Server thread/WARN] [net.minecraft.server.MinecraftServer/]: Can't keep up! Is the server overloaded? Running 2031ms or 40 ticks behind
[30Apr2026 19:09:25.145] [Server thread/INFO] [net.minecraft.server.MinecraftServer/]: <KruKnight> hows the airship coming
[30Apr2026 19:10:11.720] [Server thread/INFO] [net.minecraft.server.MinecraftServer/]: <KobaltKhaos> should be functional, it hovers nice, havent turned the prop on yet
[30Apr2026 19:10:44.235] [Server thread/INFO] [net.minecraft.server.MinecraftServer/]: <KobaltKhaos> ill be on discord in a sec
[30Apr2026 19:12:02.376] [Server thread/INFO] [dev.ryanhcode.sable.Sable/]: Saving sub-levels for level 'ServerLevel[world]'/minecraft:overworld
[30Apr2026 19:12:02.447] [Server thread/INFO] [dev.ryanhcode.sable.Sable/]: Saving sub-levels for level 'ServerLevel[world]'/minecraft:the_nether
[30Apr2026 19:12:02.447] [Server thread/INFO] [dev.ryanhcode.sable.Sable/]: Saving sub-levels for level 'ServerLevel[world]'/minecraft:the_end
[30Apr2026 19:12:02.455] [Server thread/INFO] [Chunk Activity Tracker/]: Saving data for 110 chunks for dimension 'the_nether' took 1 milliseconds
[30Apr2026 19:12:02.463] [Server thread/INFO] [Chunk Activity Tracker/]: Saving data for 2843 chunks for dimension 'overworld' took 8 milliseconds
[30Apr2026 19:17:02.377] [Server thread/INFO] [dev.ryanhcode.sable.Sable/]: Saving sub-levels for level 'ServerLevel[world]'/minecraft:overworld
[30Apr2026 19:17:02.446] [Server thread/INFO] [dev.ryanhcode.sable.Sable/]: Saving sub-levels for level 'ServerLevel[world]'/minecraft:the_nether
[30Apr2026 19:17:02.446] [Server thread/INFO] [dev.ryanhcode.sable.Sable/]: Saving sub-levels for level 'ServerLevel[world]'/minecraft:the_end
[30Apr2026 19:17:02.453] [Server thread/INFO] [Chunk Activity Tracker/]: Saving data for 110 chunks for dimension 'the_nether' took 1 milliseconds
[30Apr2026 19:17:02.461] [Server thread/INFO] [Chunk Activity Tracker/]: Saving data for 2843 chunks for dimension 'overworld' took 8 milliseconds
[30Apr2026 19:17:15.814] [Server thread/INFO] [AllTheLeaks/]: Listing events...
[30Apr2026 19:17:15.814] [Server thread/INFO] [AllTheLeaks/]: Server Player Clone: 2
[30Apr2026 19:17:15.814] [Server thread/INFO] [AllTheLeaks/]: Server Player Logout: 7
[30Apr2026 19:17:15.814] [Server thread/INFO] [AllTheLeaks/]: Listing memory leaks so far...
[30Apr2026 19:17:15.815] [Server thread/INFO] [AllTheLeaks/]: B: 1289MB / C: 1631MB / Diff: +342MB
[30Apr2026 19:17:15.815] [Server thread/INFO] [AllTheLeaks/]: Memory Leaks detected: (/atl force_refresh to update)
[30Apr2026 19:17:15.815] [Server thread/INFO] [AllTheLeaks/]: | ChunkAccess:
[30Apr2026 19:17:15.815] [Server thread/INFO] [AllTheLeaks/]: |- LevelChunk (minecraft): 22
[30Apr2026 19:17:15.815] [Server thread/INFO] [AllTheLeaks/]: | Player:
[30Apr2026 19:17:15.816] [Server thread/INFO] [AllTheLeaks/]: |- ServerPlayer (minecraft): 9
[30Apr2026 19:22:02.373] [Server thread/INFO] [dev.ryanhcode.sable.Sable/]: Saving sub-levels for level 'ServerLevel[world]'/minecraft:overworld
[30Apr2026 19:22:02.439] [Server thread/INFO] [dev.ryanhcode.sable.Sable/]: Saving sub-levels for level 'ServerLevel[world]'/minecraft:the_nether
[30Apr2026 19:22:02.439] [Server thread/INFO] [dev.ryanhcode.sable.Sable/]: Saving sub-levels for level 'ServerLevel[world]'/minecraft:the_end
[30Apr2026 19:22:02.446] [Server thread/INFO] [Chunk Activity Tracker/]: Saving data for 110 chunks for dimension 'the_nether' took 1 milliseconds
[30Apr2026 19:22:02.455] [Server thread/INFO] [Chunk Activity Tracker/]: Saving data for 2843 chunks for dimension 'overworld' took 9 milliseconds
[30Apr2026 19:27:02.381] [Server thread/INFO] [dev.ryanhcode.sable.Sable/]: Saving sub-levels for level 'ServerLevel[world]'/minecraft:overworld
[30Apr2026 19:27:02.444] [Server thread/INFO] [dev.ryanhcode.sable.Sable/]: Saving sub-levels for level 'ServerLevel[world]'/minecraft:the_nether
[30Apr2026 19:27:02.444] [Server thread/INFO] [dev.ryanhcode.sable.Sable/]: Saving sub-levels for level 'ServerLevel[world]'/minecraft:the_end
[30Apr2026 19:27:02.452] [Server thread/INFO] [Chunk Activity Tracker/]: Saving data for 110 chunks for dimension 'the_nether' took 1 milliseconds
[30Apr2026 19:27:02.462] [Server thread/INFO] [Chunk Activity Tracker/]: Saving data for 2843 chunks for dimension 'overworld' took 10 milliseconds
[30Apr2026 19:27:15.857] [Server thread/INFO] [AllTheLeaks/]: Listing events...
[30Apr2026 19:27:15.857] [Server thread/INFO] [AllTheLeaks/]: Server Player Clone: 2
[30Apr2026 19:27:15.857] [Server thread/INFO] [AllTheLeaks/]: Server Player Logout: 7
[30Apr2026 19:27:15.857] [Server thread/INFO] [AllTheLeaks/]: Listing memory leaks so far...
[30Apr2026 19:27:15.858] [Server thread/INFO] [AllTheLeaks/]: B: 1289MB / C: 1708MB / Diff: +419MB
[30Apr2026 19:27:15.858] [Server thread/INFO] [AllTheLeaks/]: Memory Leaks detected: (/atl force_refresh to update)
[30Apr2026 19:27:15.858] [Server thread/INFO] [AllTheLeaks/]: | ChunkAccess:
[30Apr2026 19:27:15.858] [Server thread/INFO] [AllTheLeaks/]: |- LevelChunk (minecraft): 322
[30Apr2026 19:27:15.858] [Server thread/INFO] [AllTheLeaks/]: | Player:
[30Apr2026 19:27:15.858] [Server thread/INFO] [AllTheLeaks/]: |- ServerPlayer (minecraft): 9
[30Apr2026 19:32:02.371] [Server thread/INFO] [dev.ryanhcode.sable.Sable/]: Saving sub-levels for level 'ServerLevel[world]'/minecraft:overworld
[30Apr2026 19:32:02.425] [Server thread/INFO] [dev.ryanhcode.sable.Sable/]: Saving sub-levels for level 'ServerLevel[world]'/minecraft:the_nether
[30Apr2026 19:32:02.425] [Server thread/INFO] [dev.ryanhcode.sable.Sable/]: Saving sub-levels for level 'ServerLevel[world]'/minecraft:the_end
[30Apr2026 19:32:02.433] [Server thread/INFO] [Chunk Activity Tracker/]: Saving data for 110 chunks for dimension 'the_nether' took 1 milliseconds
[30Apr2026 19:32:02.441] [Server thread/INFO] [Chunk Activity Tracker/]: Saving data for 2843 chunks for dimension 'overworld' took 8 milliseconds
[30Apr2026 19:37:02.391] [Server thread/INFO] [dev.ryanhcode.sable.Sable/]: Saving sub-levels for level 'ServerLevel[world]'/minecraft:overworld
[30Apr2026 19:37:02.442] [Server thread/INFO] [dev.ryanhcode.sable.Sable/]: Saving sub-levels for level 'ServerLevel[world]'/minecraft:the_nether
[30Apr2026 19:37:02.443] [Server thread/INFO] [dev.ryanhcode.sable.Sable/]: Saving sub-levels for level 'ServerLevel[world]'/minecraft:the_end
[30Apr2026 19:37:02.451] [Server thread/INFO] [Chunk Activity Tracker/]: Saving data for 110 chunks for dimension 'the_nether' took 1 milliseconds
[30Apr2026 19:37:02.459] [Server thread/INFO] [Chunk Activity Tracker/]: Saving data for 2843 chunks for dimension 'overworld' took 8 milliseconds
[30Apr2026 19:37:15.907] [Server thread/INFO] [AllTheLeaks/]: Listing events...
[30Apr2026 19:37:15.908] [Server thread/INFO] [AllTheLeaks/]: Server Player Clone: 2
[30Apr2026 19:37:15.908] [Server thread/INFO] [AllTheLeaks/]: Server Player Logout: 7
[30Apr2026 19:37:15.908] [Server thread/INFO] [AllTheLeaks/]: Listing memory leaks so far...
[30Apr2026 19:37:15.908] [Server thread/INFO] [AllTheLeaks/]: B: 1289MB / C: 1551MB / Diff: +262MB
[30Apr2026 19:37:15.909] [Server thread/INFO] [AllTheLeaks/]: Memory Leaks detected: (/atl force_refresh to update)
[30Apr2026 19:37:15.909] [Server thread/INFO] [AllTheLeaks/]: | ChunkAccess:
[30Apr2026 19:37:15.909] [Server thread/INFO] [AllTheLeaks/]: |- LevelChunk (minecraft): 22
[30Apr2026 19:37:15.909] [Server thread/INFO] [AllTheLeaks/]: | Player:
[30Apr2026 19:37:15.909] [Server thread/INFO] [AllTheLeaks/]: |- ServerPlayer (minecraft): 9
[30Apr2026 19:42:02.369] [Server thread/INFO] [dev.ryanhcode.sable.Sable/]: Saving sub-levels for level 'ServerLevel[world]'/minecraft:overworld
[30Apr2026 19:42:02.420] [Server thread/INFO] [dev.ryanhcode.sable.Sable/]: Saving sub-levels for level 'ServerLevel[world]'/minecraft:the_nether
[30Apr2026 19:42:02.421] [Server thread/INFO] [dev.ryanhcode.sable.Sable/]: Saving sub-levels for level 'ServerLevel[world]'/minecraft:the_end
[30Apr2026 19:42:02.428] [Server thread/INFO] [Chunk Activity Tracker/]: Saving data for 110 chunks for dimension 'the_nether' took 1 milliseconds
[30Apr2026 19:42:02.437] [Server thread/INFO] [Chunk Activity Tracker/]: Saving data for 2843 chunks for dimension 'overworld' took 8 milliseconds
[30Apr2026 19:44:03.757] [Server thread/INFO] [net.minecraft.server.MinecraftServer/]: KruKnight was shot by Skeleton
[30Apr2026 19:44:03.759] [Server thread/INFO] [gravestone/]: The death ID of player KruKnight is 7697856c-a61b-4101-a9fe-0218ddfb68a4
[30Apr2026 19:44:05.234] [Server thread/WARN] [net.minecraft.server.network.ServerGamePacketListenerImpl/]: KruKnight moved too quickly! -89.52043721441817,92.37856996933127,-68.6101247268881
[30Apr2026 19:47:02.367] [Server thread/INFO] [dev.ryanhcode.sable.Sable/]: Saving sub-levels for level 'ServerLevel[world]'/minecraft:overworld
[30Apr2026 19:47:02.418] [Server thread/INFO] [dev.ryanhcode.sable.Sable/]: Saving sub-levels for level 'ServerLevel[world]'/minecraft:the_nether
[30Apr2026 19:47:02.419] [Server thread/INFO] [dev.ryanhcode.sable.Sable/]: Saving sub-levels for level 'ServerLevel[world]'/minecraft:the_end
[30Apr2026 19:47:02.427] [Server thread/INFO] [Chunk Activity Tracker/]: Saving data for 110 chunks for dimension 'the_nether' took 1 milliseconds
[30Apr2026 19:47:02.437] [Server thread/INFO] [Chunk Activity Tracker/]: Saving data for 2843 chunks for dimension 'overworld' took 10 milliseconds
[30Apr2026 19:47:15.956] [Server thread/INFO] [AllTheLeaks/]: Listing events...
[30Apr2026 19:47:15.957] [Server thread/INFO] [AllTheLeaks/]: Server Player Clone: 3
[30Apr2026 19:47:15.957] [Server thread/INFO] [AllTheLeaks/]: Server Player Logout: 7
[30Apr2026 19:47:15.957] [Server thread/INFO] [AllTheLeaks/]: Listing memory leaks so far...
[30Apr2026 19:47:15.957] [Server thread/INFO] [AllTheLeaks/]: B: 1289MB / C: 1534MB / Diff: +245MB
[30Apr2026 19:47:15.957] [Server thread/INFO] [AllTheLeaks/]: Memory Leaks detected: (/atl force_refresh to update)
[30Apr2026 19:47:15.957] [Server thread/INFO] [AllTheLeaks/]: | ChunkAccess:
[30Apr2026 19:47:15.958] [Server thread/INFO] [AllTheLeaks/]: |- LevelChunk (minecraft): 22
[30Apr2026 19:47:15.958] [Server thread/INFO] [AllTheLeaks/]: | Player:
[30Apr2026 19:47:15.958] [Server thread/INFO] [AllTheLeaks/]: |- ServerPlayer (minecraft): 10
[30Apr2026 19:50:57.511] [Server thread/INFO] [net.minecraft.server.MinecraftServer/]: [KruKnight: Set the target tick rate to 20.0 per second]
[30Apr2026 19:51:14.376] [Server thread/INFO] [net.minecraft.server.MinecraftServer/]: [KruKnight: Set the target tick rate to 1000.0 per second]
[30Apr2026 19:51:15.494] [Server thread/WARN] [net.minecraft.server.MinecraftServer/]: Can't keep up! Is the server overloaded? Running 1023ms or 1023 ticks behind
[30Apr2026 19:51:27.656] [Server thread/INFO] [dev.ryanhcode.sable.Sable/]: Saving sub-levels for level 'ServerLevel[world]'/minecraft:overworld
[30Apr2026 19:51:27.707] [Server thread/INFO] [dev.ryanhcode.sable.Sable/]: Saving sub-levels for level 'ServerLevel[world]'/minecraft:the_nether
[30Apr2026 19:51:27.707] [Server thread/INFO] [dev.ryanhcode.sable.Sable/]: Saving sub-levels for level 'ServerLevel[world]'/minecraft:the_end
[30Apr2026 19:51:27.715] [Server thread/INFO] [Chunk Activity Tracker/]: Saving data for 110 chunks for dimension 'the_nether' took 1 milliseconds
[30Apr2026 19:51:27.724] [Server thread/INFO] [Chunk Activity Tracker/]: Saving data for 2843 chunks for dimension 'overworld' took 9 milliseconds
[30Apr2026 19:51:39.426] [Server thread/INFO] [net.minecraft.server.MinecraftServer/]: [KruKnight: Set the target tick rate to 20.0 per second]
[30Apr2026 19:51:43.051] [Server thread/WARN] [net.minecraft.server.MinecraftServer/]: Can't keep up! Is the server overloaded? Running 12544ms or 250 ticks behind
[30Apr2026 19:56:01.720] [Server thread/INFO] [AllTheLeaks/]: Listing events...
[30Apr2026 19:56:01.721] [Server thread/INFO] [AllTheLeaks/]: Server Player Clone: 3
[30Apr2026 19:56:01.721] [Server thread/INFO] [AllTheLeaks/]: Server Player Logout: 7
[30Apr2026 19:56:01.721] [Server thread/INFO] [AllTheLeaks/]: Listing memory leaks so far...
[30Apr2026 19:56:01.722] [Server thread/INFO] [AllTheLeaks/]: B: 1289MB / C: 1527MB / Diff: +238MB
[30Apr2026 19:56:01.722] [Server thread/INFO] [AllTheLeaks/]: Memory Leaks detected: (/atl force_refresh to update)
[30Apr2026 19:56:01.722] [Server thread/INFO] [AllTheLeaks/]: | ChunkAccess:
[30Apr2026 19:56:01.722] [Server thread/INFO] [AllTheLeaks/]: |- LevelChunk (minecraft): 22
[30Apr2026 19:56:01.722] [Server thread/INFO] [AllTheLeaks/]: | Player:
[30Apr2026 19:56:01.722] [Server thread/INFO] [AllTheLeaks/]: |- ServerPlayer (minecraft): 10
[30Apr2026 19:56:29.885] [Server thread/INFO] [dev.ryanhcode.sable.Sable/]: Saving sub-levels for level 'ServerLevel[world]'/minecraft:overworld
[30Apr2026 19:56:29.933] [Server thread/INFO] [dev.ryanhcode.sable.Sable/]: Saving sub-levels for level 'ServerLevel[world]'/minecraft:the_nether
[30Apr2026 19:56:29.934] [Server thread/INFO] [dev.ryanhcode.sable.Sable/]: Saving sub-levels for level 'ServerLevel[world]'/minecraft:the_end
[30Apr2026 19:56:29.942] [Server thread/INFO] [Chunk Activity Tracker/]: Saving data for 110 chunks for dimension 'the_nether' took 1 milliseconds
[30Apr2026 19:56:29.952] [Server thread/INFO] [Chunk Activity Tracker/]: Saving data for 2843 chunks for dimension 'overworld' took 9 milliseconds
[30Apr2026 19:57:25.308] [Server thread/INFO] [net.minecraft.server.MinecraftServer/]: [KruKnight: Set own game mode to Creative Mode]
[30Apr2026 19:59:10.628] [Server thread/INFO] [net.minecraft.server.MinecraftServer/]: [KruKnight: Set own game mode to Survival Mode]
[30Apr2026 19:59:32.427] [Server thread/INFO] [net.minecraft.server.MinecraftServer/]: KruKnight was shot by Skeleton
[30Apr2026 19:59:32.428] [Server thread/INFO] [gravestone/]: The death ID of player KruKnight is 78188d67-bf3f-49b1-9189-7109df95c142
[30Apr2026 19:59:33.544] [Server thread/WARN] [net.minecraft.server.network.ServerGamePacketListenerImpl/]: KruKnight moved too quickly! 35.70130001963096,-3.621430030665863,89.68831978731282
[30Apr2026 20:00:29.121] [Server thread/INFO] [net.minecraft.server.MinecraftServer/]: KruKnight was slain by Wolf
[30Apr2026 20:00:29.122] [Server thread/INFO] [gravestone/]: The death ID of player KruKnight is b4694b30-1337-43fa-aeec-4bce0ac81bf8
[30Apr2026 20:00:30.212] [Server thread/WARN] [net.minecraft.server.network.ServerGamePacketListenerImpl/]: KruKnight moved too quickly! 41.05206037830922,-0.496430030665465,89.19135253294542
[30Apr2026 20:00:30.224] [Server thread/WARN] [net.minecraft.server.network.ServerGamePacketListenerImpl/]: KruKnight moved too quickly! 41.05206037830922,-0.496430030665465,89.19135253294542
[30Apr2026 20:01:29.884] [Server thread/INFO] [dev.ryanhcode.sable.Sable/]: Saving sub-levels for level 'ServerLevel[world]'/minecraft:overworld
[30Apr2026 20:01:29.938] [Server thread/INFO] [dev.ryanhcode.sable.Sable/]: Saving sub-levels for level 'ServerLevel[world]'/minecraft:the_nether
[30Apr2026 20:01:29.939] [Server thread/INFO] [dev.ryanhcode.sable.Sable/]: Saving sub-levels for level 'ServerLevel[world]'/minecraft:the_end
[30Apr2026 20:01:29.947] [Server thread/INFO] [Chunk Activity Tracker/]: Saving data for 110 chunks for dimension 'the_nether' took 2 milliseconds
[30Apr2026 20:01:29.958] [Server thread/INFO] [Chunk Activity Tracker/]: Saving data for 2843 chunks for dimension 'overworld' took 11 milliseconds
[30Apr2026 20:06:01.771] [Server thread/INFO] [AllTheLeaks/]: Listing events...
[30Apr2026 20:06:01.772] [Server thread/INFO] [AllTheLeaks/]: Server Player Clone: 5
[30Apr2026 20:06:01.772] [Server thread/INFO] [AllTheLeaks/]: Server Player Logout: 7
[30Apr2026 20:06:01.772] [Server thread/INFO] [AllTheLeaks/]: Listing memory leaks so far...
[30Apr2026 20:06:01.773] [Server thread/INFO] [AllTheLeaks/]: B: 1289MB / C: 1549MB / Diff: +260MB
[30Apr2026 20:06:01.773] [Server thread/INFO] [AllTheLeaks/]: Memory Leaks detected: (/atl force_refresh to update)
[30Apr2026 20:06:01.773] [Server thread/INFO] [AllTheLeaks/]: | ChunkAccess:
[30Apr2026 20:06:01.773] [Server thread/INFO] [AllTheLeaks/]: |- LevelChunk (minecraft): 22
[30Apr2026 20:06:01.773] [Server thread/INFO] [AllTheLeaks/]: | Player:
[30Apr2026 20:06:01.773] [Server thread/INFO] [AllTheLeaks/]: |- ServerPlayer (minecraft): 12
[30Apr2026 20:06:29.881] [Server thread/INFO] [dev.ryanhcode.sable.Sable/]: Saving sub-levels for level 'ServerLevel[world]'/minecraft:overworld
[30Apr2026 20:06:29.929] [Server thread/INFO] [dev.ryanhcode.sable.Sable/]: Saving sub-levels for level 'ServerLevel[world]'/minecraft:the_nether
[30Apr2026 20:06:29.930] [Server thread/INFO] [dev.ryanhcode.sable.Sable/]: Saving sub-levels for level 'ServerLevel[world]'/minecraft:the_end
[30Apr2026 20:06:29.937] [Server thread/INFO] [Chunk Activity Tracker/]: Saving data for 110 chunks for dimension 'the_nether' took 1 milliseconds
[30Apr2026 20:06:29.945] [Server thread/INFO] [Chunk Activity Tracker/]: Saving data for 2843 chunks for dimension 'overworld' took 8 milliseconds
[30Apr2026 20:06:42.873] [Server thread/INFO] [net.minecraft.server.MinecraftServer/]: KruKnight fell from a high place
[30Apr2026 20:06:42.874] [Server thread/INFO] [gravestone/]: The death ID of player KruKnight is d4453845-5ec4-44f8-bdf1-599374a5053e
[30Apr2026 20:06:44.034] [Server thread/WARN] [net.minecraft.server.network.ServerGamePacketListenerImpl/]: KruKnight moved too quickly! 38.4726285760199,-1.496430030665465,89.70779493283635
[30Apr2026 20:06:44.054] [Server thread/WARN] [net.minecraft.server.network.ServerGamePacketListenerImpl/]: KruKnight moved too quickly! 38.4726285760199,-1.496430030665465,89.70779493283635
[30Apr2026 20:06:44.057] [Server thread/WARN] [net.minecraft.server.network.ServerGamePacketListenerImpl/]: KruKnight moved too quickly! 38.4726285760199,-1.496430030665465,89.70779493283635
[30Apr2026 20:07:44.622] [Server thread/WARN] [net.minecraft.world.level.chunk.LevelChunk/]: Block entity simulated:throttle_lever @ BlockPos{x=170, y=68, z=773} state Block{minecraft:air} invalid for ticking:
[30Apr2026 20:07:44.622] [Server thread/WARN] [net.minecraft.world.level.chunk.LevelChunk/]: Block entity simulated:throttle_lever @ BlockPos{x=168, y=68, z=773} state Block{minecraft:air} invalid for ticking:
[30Apr2026 20:11:29.891] [Server thread/INFO] [dev.ryanhcode.sable.Sable/]: Saving sub-levels for level 'ServerLevel[world]'/minecraft:overworld
[30Apr2026 20:11:29.943] [Server thread/INFO] [dev.ryanhcode.sable.Sable/]: Saving sub-levels for level 'ServerLevel[world]'/minecraft:the_nether
[30Apr2026 20:11:29.944] [Server thread/INFO] [dev.ryanhcode.sable.Sable/]: Saving sub-levels for level 'ServerLevel[world]'/minecraft:the_end
[30Apr2026 20:11:29.951] [Server thread/INFO] [Chunk Activity Tracker/]: Saving data for 110 chunks for dimension 'the_nether' took 1 milliseconds
[30Apr2026 20:11:29.960] [Server thread/INFO] [Chunk Activity Tracker/]: Saving data for 2843 chunks for dimension 'overworld' took 8 milliseconds
[30Apr2026 20:16:01.820] [Server thread/INFO] [AllTheLeaks/]: Listing events...
[30Apr2026 20:16:01.821] [Server thread/INFO] [AllTheLeaks/]: Server Player Clone: 6
[30Apr2026 20:16:01.821] [Server thread/INFO] [AllTheLeaks/]: Server Player Logout: 7
[30Apr2026 20:16:01.821] [Server thread/INFO] [AllTheLeaks/]: Listing memory leaks so far...
[30Apr2026 20:16:01.822] [Server thread/INFO] [AllTheLeaks/]: B: 1289MB / C: 1824MB / Diff: +535MB
[30Apr2026 20:16:01.822] [Server thread/INFO] [AllTheLeaks/]: Memory Leaks detected: (/atl force_refresh to update)
[30Apr2026 20:16:01.822] [Server thread/INFO] [AllTheLeaks/]: | ChunkAccess:
[30Apr2026 20:16:01.822] [Server thread/INFO] [AllTheLeaks/]: |- LevelChunk (minecraft): 1088
[30Apr2026 20:16:01.822] [Server thread/INFO] [AllTheLeaks/]: | Player:
[30Apr2026 20:16:01.823] [Server thread/INFO] [AllTheLeaks/]: |- ServerPlayer (minecraft): 13
[30Apr2026 20:16:19.813] [Server thread/ERROR] [net.minecraft.world.level.block.entity.BlockEntity/]: Failed to create block entity simulated:throttle_lever
java.lang.IllegalStateException: Invalid block entity simulated:throttle_lever // dev.simulated_team.simulated.content.blocks.throttle_lever.ThrottleLeverBlockEntity state at BlockPos{x=170, y=68, z=773}, got Block{minecraft:air}
	at TRANSFORMER/minecraft@1.21.1/net.minecraft.world.level.block.entity.BlockEntity.validateBlockState(BlockEntity.java:52) ~[server-1.21.1-20240808.144430-srg.jar%23228!/:?]
	at TRANSFORMER/minecraft@1.21.1/net.minecraft.world.level.block.entity.BlockEntity.<init>(BlockEntity.java:46) ~[server-1.21.1-20240808.144430-srg.jar%23228!/:?]
	at TRANSFORMER/create@6.0.10/com.simibubi.create.foundation.blockEntity.SyncedBlockEntity.<init>(SyncedBlockEntity.java:24) ~[create-1.21.1-6.0.10.jar%23253!/:6.0.10]
	at TRANSFORMER/create@6.0.10/com.simibubi.create.foundation.blockEntity.CachedRenderBBBlockEntity.<init>(CachedRenderBBBlockEntity.java:15) ~[create-1.21.1-6.0.10.jar%23253!/:6.0.10]
	at TRANSFORMER/create@6.0.10/com.simibubi.create.foundation.blockEntity.SmartBlockEntity.<init>(SmartBlockEntity.java:47) ~[create-1.21.1-6.0.10.jar%23253!/:6.0.10]
	at TRANSFORMER/simulated@1.2.1/dev.simulated_team.simulated.content.blocks.throttle_lever.ThrottleLeverBlockEntity.<init>(ThrottleLeverBlockEntity.java:33) ~[dev.simulated_team.simulated.simulated-neoforge-1.21.1-1.2.1.jar%23479!/:1.2.1]
	at TRANSFORMER/Registrate.MC1._21._67@1.3.0+67/com.tterrag.registrate.builders.BlockEntityBuilder.lambda$createEntry$2(BlockEntityBuilder.java:152) ~[Registrate-MC1.21-1.3.0+67.jar%23582!/:?]
	at TRANSFORMER/minecraft@1.21.1/net.minecraft.world.level.block.entity.BlockEntityType.create(BlockEntityType.java:298) ~[server-1.21.1-20240808.144430-srg.jar%23228!/:?]
	at TRANSFORMER/minecraft@1.21.1/net.minecraft.world.level.block.entity.BlockEntity.lambda$loadStatic$4(BlockEntity.java:171) [server-1.21.1-20240808.144430-srg.jar%23228!/:?]
	at java.base/java.util.Optional.map(Optional.java:260) [?:?]
	at TRANSFORMER/minecraft@1.21.1/net.minecraft.world.level.block.entity.BlockEntity.loadStatic(BlockEntity.java:169) [server-1.21.1-20240808.144430-srg.jar%23228!/:?]
	at TRANSFORMER/minecraft@1.21.1/net.minecraft.world.level.chunk.storage.ChunkSerializer.lambda$postLoadChunk$10(ChunkSerializer.java:440) [server-1.21.1-20240808.144430-srg.jar%23228!/:?]
	at TRANSFORMER/minecraft@1.21.1/net.minecraft.world.level.chunk.LevelChunk.runPostLoad(LevelChunk.java:480) [server-1.21.1-20240808.144430-srg.jar%23228!/:?]
	at TRANSFORMER/c2me_rewrites_chunk_system@0.3.0+alpha.0.91+1.21.1/com.ishland.c2me.rewrites.chunksystem.common.statuses.ServerAccessible.invokeFullChunkEvents(ServerAccessible.java:75) [c2me-rewrites-chunk-system-mc1.21.1-0.3.0+alpha.0.91.jar%23549!/:?]
	at TRANSFORMER/c2me_rewrites_chunk_system@0.3.0+alpha.0.91+1.21.1/com.ishland.c2me.rewrites.chunksystem.common.statuses.ServerAccessible.lambda$postUpgradeToThis$1(ServerAccessible.java:69) [c2me-rewrites-chunk-system-mc1.21.1-0.3.0+alpha.0.91.jar%23549!/:?]
	at LAYER PLUGIN/io.reactivex.rxjava3@3.1.12/io.reactivex.rxjava3.internal.operators.completable.CompletableFromRunnable.subscribeActual(CompletableFromRunnable.java:35) [rxjava-3.1.12.jar%23584!/:?]
	at LAYER PLUGIN/io.reactivex.rxjava3@3.1.12/io.reactivex.rxjava3.core.Completable.subscribe(Completable.java:2860) [rxjava-3.1.12.jar%23584!/:?]
	at LAYER PLUGIN/io.reactivex.rxjava3@3.1.12/io.reactivex.rxjava3.internal.operators.completable.CompletableCache.subscribeActual(CompletableCache.java:57) [rxjava-3.1.12.jar%23584!/:?]
	at LAYER PLUGIN/io.reactivex.rxjava3@3.1.12/io.reactivex.rxjava3.core.Completable.subscribe(Completable.java:2860) [rxjava-3.1.12.jar%23584!/:?]
	at LAYER PLUGIN/io.reactivex.rxjava3@3.1.12/io.reactivex.rxjava3.internal.operators.completable.CompletableDefer.subscribeActual(CompletableDefer.java:43) [rxjava-3.1.12.jar%23584!/:?]
	at LAYER PLUGIN/io.reactivex.rxjava3@3.1.12/io.reactivex.rxjava3.core.Completable.subscribe(Completable.java:2860) [rxjava-3.1.12.jar%23584!/:?]
	at LAYER PLUGIN/io.reactivex.rxjava3@3.1.12/io.reactivex.rxjava3.internal.operators.completable.CompletableResumeNext.subscribeActual(CompletableResumeNext.java:41) [rxjava-3.1.12.jar%23584!/:?]
	at LAYER PLUGIN/io.reactivex.rxjava3@3.1.12/io.reactivex.rxjava3.core.Completable.subscribe(Completable.java:2860) [rxjava-3.1.12.jar%23584!/:?]
	at LAYER PLUGIN/io.reactivex.rxjava3@3.1.12/io.reactivex.rxjava3.internal.operators.completable.CompletableAndThenCompletable$SourceObserver.onComplete(CompletableAndThenCompletable.java:67) [rxjava-3.1.12.jar%23584!/:?]
	at LAYER PLUGIN/io.reactivex.rxjava3@3.1.12/io.reactivex.rxjava3.internal.operators.completable.CompletableDoOnEvent$DoOnEvent.onComplete(CompletableDoOnEvent.java:52) [rxjava-3.1.12.jar%23584!/:?]
	at LAYER PLUGIN/io.reactivex.rxjava3@3.1.12/io.reactivex.rxjava3.internal.operators.completable.CompletableResumeNext$ResumeNextObserver.onComplete(CompletableResumeNext.java:68) [rxjava-3.1.12.jar%23584!/:?]
	at LAYER PLUGIN/io.reactivex.rxjava3@3.1.12/io.reactivex.rxjava3.internal.operators.completable.CompletableAndThenCompletable$NextObserver.onComplete(CompletableAndThenCompletable.java:99) [rxjava-3.1.12.jar%23584!/:?]
	at LAYER PLUGIN/io.reactivex.rxjava3@3.1.12/io.reactivex.rxjava3.internal.operators.completable.CompletableCache.onComplete(CompletableCache.java:88) [rxjava-3.1.12.jar%23584!/:?]
	at LAYER PLUGIN/io.reactivex.rxjava3@3.1.12/io.reactivex.rxjava3.internal.operators.completable.CompletableSubscribeOn$SubscribeOnObserver.onComplete(CompletableSubscribeOn.java:79) [rxjava-3.1.12.jar%23584!/:?]
	at LAYER PLUGIN/io.reactivex.rxjava3@3.1.12/io.reactivex.rxjava3.internal.operators.completable.CompletableFromRunnable.subscribeActual(CompletableFromRunnable.java:46) [rxjava-3.1.12.jar%23584!/:?]
	at LAYER PLUGIN/io.reactivex.rxjava3@3.1.12/io.reactivex.rxjava3.core.Completable.subscribe(Completable.java:2860) [rxjava-3.1.12.jar%23584!/:?]
	at LAYER PLUGIN/io.reactivex.rxjava3@3.1.12/io.reactivex.rxjava3.internal.operators.completable.CompletableSubscribeOn$SubscribeOnObserver.run(CompletableSubscribeOn.java:64) [rxjava-3.1.12.jar%23584!/:?]
	at LAYER PLUGIN/io.reactivex.rxjava3@3.1.12/io.reactivex.rxjava3.internal.schedulers.ExecutorScheduler$ExecutorWorker$BooleanRunnable.run(ExecutorScheduler.java:324) [rxjava-3.1.12.jar%23584!/:?]
	at TRANSFORMER/minecraft@1.21.1/net.minecraft.util.thread.BlockableEventLoop.doRunTask(BlockableEventLoop.java:148) [server-1.21.1-20240808.144430-srg.jar%23228!/:?]
	at TRANSFORMER/minecraft@1.21.1/net.minecraft.server.level.ServerChunkCache$MainThreadExecutor.doRunTask(ServerChunkCache.java:559) [server-1.21.1-20240808.144430-srg.jar%23228!/:?]
	at TRANSFORMER/minecraft@1.21.1/net.minecraft.util.thread.BlockableEventLoop.pollTask(BlockableEventLoop.java:122) [server-1.21.1-20240808.144430-srg.jar%23228!/:?]
	at TRANSFORMER/minecraft@1.21.1/net.minecraft.server.level.ServerChunkCache$MainThreadExecutor.pollTask(ServerChunkCache.java:568) [server-1.21.1-20240808.144430-srg.jar%23228!/:?]
	at TRANSFORMER/minecraft@1.21.1/net.minecraft.server.MinecraftServer.executeTasksMidTick(MinecraftServer.java:12146) [server-1.21.1-20240808.144430-srg.jar%23228!/:?]
	at TRANSFORMER/minecraft@1.21.1/net.minecraft.server.level.ServerChunkCache.handler$bgl000$c2me_opts_scheduling$onPostTickChunk(ServerChunkCache.java:6593) [server-1.21.1-20240808.144430-srg.jar%23228!/:?]
	at TRANSFORMER/minecraft@1.21.1/net.minecraft.server.level.ServerChunkCache.tickChunks(ServerChunkCache.java:371) [server-1.21.1-20240808.144430-srg.jar%23228!/:?]
	at TRANSFORMER/minecraft@1.21.1/net.minecraft.server.level.ServerChunkCache.tick(ServerChunkCache.java:321) [server-1.21.1-20240808.144430-srg.jar%23228!/:?]
	at TRANSFORMER/minecraft@1.21.1/net.minecraft.server.level.ServerLevel.tick(ServerLevel.java:379) [server-1.21.1-20240808.144430-srg.jar%23228!/:?]
	at TRANSFORMER/minecraft@1.21.1/net.minecraft.server.MinecraftServer.tickChildren(MinecraftServer.java:1037) [server-1.21.1-20240808.144430-srg.jar%23228!/:?]
	at TRANSFORMER/minecraft@1.21.1/net.minecraft.server.dedicated.DedicatedServer.tickChildren(DedicatedServer.java:317) [server-1.21.1-20240808.144430-srg.jar%23228!/:?]
	at TRANSFORMER/minecraft@1.21.1/net.minecraft.server.MinecraftServer.tickServer(MinecraftServer.java:917) [server-1.21.1-20240808.144430-srg.jar%23228!/:?]
	at TRANSFORMER/minecraft@1.21.1/net.minecraft.server.MinecraftServer.runServer(MinecraftServer.java:707) [server-1.21.1-20240808.144430-srg.jar%23228!/:?]
	at TRANSFORMER/minecraft@1.21.1/net.minecraft.server.MinecraftServer.lambda$spin$2(MinecraftServer.java:267) [server-1.21.1-20240808.144430-srg.jar%23228!/:?]
	at java.base/java.lang.Thread.run(Thread.java:1474) [?:?]
[30Apr2026 20:16:19.818] [Server thread/WARN] [net.minecraft.world.level.block.entity.BlockEntity/]: Skipping BlockEntity with id simulated:throttle_lever
[30Apr2026 20:16:19.819] [Server thread/ERROR] [net.minecraft.world.level.block.entity.BlockEntity/]: Failed to create block entity simulated:throttle_lever
java.lang.IllegalStateException: Invalid block entity simulated:throttle_lever // dev.simulated_team.simulated.content.blocks.throttle_lever.ThrottleLeverBlockEntity state at BlockPos{x=168, y=68, z=773}, got Block{minecraft:air}
	at TRANSFORMER/minecraft@1.21.1/net.minecraft.world.level.block.entity.BlockEntity.validateBlockState(BlockEntity.java:52) ~[server-1.21.1-20240808.144430-srg.jar%23228!/:?]
	at TRANSFORMER/minecraft@1.21.1/net.minecraft.world.level.block.entity.BlockEntity.<init>(BlockEntity.java:46) ~[server-1.21.1-20240808.144430-srg.jar%23228!/:?]
	at TRANSFORMER/create@6.0.10/com.simibubi.create.foundation.blockEntity.SyncedBlockEntity.<init>(SyncedBlockEntity.java:24) ~[create-1.21.1-6.0.10.jar%23253!/:6.0.10]
	at TRANSFORMER/create@6.0.10/com.simibubi.create.foundation.blockEntity.CachedRenderBBBlockEntity.<init>(CachedRenderBBBlockEntity.java:15) ~[create-1.21.1-6.0.10.jar%23253!/:6.0.10]
	at TRANSFORMER/create@6.0.10/com.simibubi.create.foundation.blockEntity.SmartBlockEntity.<init>(SmartBlockEntity.java:47) ~[create-1.21.1-6.0.10.jar%23253!/:6.0.10]
	at TRANSFORMER/simulated@1.2.1/dev.simulated_team.simulated.content.blocks.throttle_lever.ThrottleLeverBlockEntity.<init>(ThrottleLeverBlockEntity.java:33) ~[dev.simulated_team.simulated.simulated-neoforge-1.21.1-1.2.1.jar%23479!/:1.2.1]
	at TRANSFORMER/Registrate.MC1._21._67@1.3.0+67/com.tterrag.registrate.builders.BlockEntityBuilder.lambda$createEntry$2(BlockEntityBuilder.java:152) ~[Registrate-MC1.21-1.3.0+67.jar%23582!/:?]
	at TRANSFORMER/minecraft@1.21.1/net.minecraft.world.level.block.entity.BlockEntityType.create(BlockEntityType.java:298) ~[server-1.21.1-20240808.144430-srg.jar%23228!/:?]
	at TRANSFORMER/minecraft@1.21.1/net.minecraft.world.level.block.entity.BlockEntity.lambda$loadStatic$4(BlockEntity.java:171) [server-1.21.1-20240808.144430-srg.jar%23228!/:?]
	at java.base/java.util.Optional.map(Optional.java:260) [?:?]
	at TRANSFORMER/minecraft@1.21.1/net.minecraft.world.level.block.entity.BlockEntity.loadStatic(BlockEntity.java:169) [server-1.21.1-20240808.144430-srg.jar%23228!/:?]
	at TRANSFORMER/minecraft@1.21.1/net.minecraft.world.level.chunk.storage.ChunkSerializer.lambda$postLoadChunk$10(ChunkSerializer.java:440) [server-1.21.1-20240808.144430-srg.jar%23228!/:?]
	at TRANSFORMER/minecraft@1.21.1/net.minecraft.world.level.chunk.LevelChunk.runPostLoad(LevelChunk.java:480) [server-1.21.1-20240808.144430-srg.jar%23228!/:?]
	at TRANSFORMER/c2me_rewrites_chunk_system@0.3.0+alpha.0.91+1.21.1/com.ishland.c2me.rewrites.chunksystem.common.statuses.ServerAccessible.invokeFullChunkEvents(ServerAccessible.java:75) [c2me-rewrites-chunk-system-mc1.21.1-0.3.0+alpha.0.91.jar%23549!/:?]
	at TRANSFORMER/c2me_rewrites_chunk_system@0.3.0+alpha.0.91+1.21.1/com.ishland.c2me.rewrites.chunksystem.common.statuses.ServerAccessible.lambda$postUpgradeToThis$1(ServerAccessible.java:69) [c2me-rewrites-chunk-system-mc1.21.1-0.3.0+alpha.0.91.jar%23549!/:?]
	at LAYER PLUGIN/io.reactivex.rxjava3@3.1.12/io.reactivex.rxjava3.internal.operators.completable.CompletableFromRunnable.subscribeActual(CompletableFromRunnable.java:35) [rxjava-3.1.12.jar%23584!/:?]
	at LAYER PLUGIN/io.reactivex.rxjava3@3.1.12/io.reactivex.rxjava3.core.Completable.subscribe(Completable.java:2860) [rxjava-3.1.12.jar%23584!/:?]
	at LAYER PLUGIN/io.reactivex.rxjava3@3.1.12/io.reactivex.rxjava3.internal.operators.completable.CompletableCache.subscribeActual(CompletableCache.java:57) [rxjava-3.1.12.jar%23584!/:?]
	at LAYER PLUGIN/io.reactivex.rxjava3@3.1.12/io.reactivex.rxjava3.core.Completable.subscribe(Completable.java:2860) [rxjava-3.1.12.jar%23584!/:?]
	at LAYER PLUGIN/io.reactivex.rxjava3@3.1.12/io.reactivex.rxjava3.internal.operators.completable.CompletableDefer.subscribeActual(CompletableDefer.java:43) [rxjava-3.1.12.jar%23584!/:?]
	at LAYER PLUGIN/io.reactivex.rxjava3@3.1.12/io.reactivex.rxjava3.core.Completable.subscribe(Completable.java:2860) [rxjava-3.1.12.jar%23584!/:?]
	at LAYER PLUGIN/io.reactivex.rxjava3@3.1.12/io.reactivex.rxjava3.internal.operators.completable.CompletableResumeNext.subscribeActual(CompletableResumeNext.java:41) [rxjava-3.1.12.jar%23584!/:?]
	at LAYER PLUGIN/io.reactivex.rxjava3@3.1.12/io.reactivex.rxjava3.core.Completable.subscribe(Completable.java:2860) [rxjava-3.1.12.jar%23584!/:?]
	at LAYER PLUGIN/io.reactivex.rxjava3@3.1.12/io.reactivex.rxjava3.internal.operators.completable.CompletableAndThenCompletable$SourceObserver.onComplete(CompletableAndThenCompletable.java:67) [rxjava-3.1.12.jar%23584!/:?]
	at LAYER PLUGIN/io.reactivex.rxjava3@3.1.12/io.reactivex.rxjava3.internal.operators.completable.CompletableDoOnEvent$DoOnEvent.onComplete(CompletableDoOnEvent.java:52) [rxjava-3.1.12.jar%23584!/:?]
	at LAYER PLUGIN/io.reactivex.rxjava3@3.1.12/io.reactivex.rxjava3.internal.operators.completable.CompletableResumeNext$ResumeNextObserver.onComplete(CompletableResumeNext.java:68) [rxjava-3.1.12.jar%23584!/:?]
	at LAYER PLUGIN/io.reactivex.rxjava3@3.1.12/io.reactivex.rxjava3.internal.operators.completable.CompletableAndThenCompletable$NextObserver.onComplete(CompletableAndThenCompletable.java:99) [rxjava-3.1.12.jar%23584!/:?]
	at LAYER PLUGIN/io.reactivex.rxjava3@3.1.12/io.reactivex.rxjava3.internal.operators.completable.CompletableCache.onComplete(CompletableCache.java:88) [rxjava-3.1.12.jar%23584!/:?]
	at LAYER PLUGIN/io.reactivex.rxjava3@3.1.12/io.reactivex.rxjava3.internal.operators.completable.CompletableSubscribeOn$SubscribeOnObserver.onComplete(CompletableSubscribeOn.java:79) [rxjava-3.1.12.jar%23584!/:?]
	at LAYER PLUGIN/io.reactivex.rxjava3@3.1.12/io.reactivex.rxjava3.internal.operators.completable.CompletableFromRunnable.subscribeActual(CompletableFromRunnable.java:46) [rxjava-3.1.12.jar%23584!/:?]
	at LAYER PLUGIN/io.reactivex.rxjava3@3.1.12/io.reactivex.rxjava3.core.Completable.subscribe(Completable.java:2860) [rxjava-3.1.12.jar%23584!/:?]
	at LAYER PLUGIN/io.reactivex.rxjava3@3.1.12/io.reactivex.rxjava3.internal.operators.completable.CompletableSubscribeOn$SubscribeOnObserver.run(CompletableSubscribeOn.java:64) [rxjava-3.1.12.jar%23584!/:?]
	at LAYER PLUGIN/io.reactivex.rxjava3@3.1.12/io.reactivex.rxjava3.internal.schedulers.ExecutorScheduler$ExecutorWorker$BooleanRunnable.run(ExecutorScheduler.java:324) [rxjava-3.1.12.jar%23584!/:?]
	at TRANSFORMER/minecraft@1.21.1/net.minecraft.util.thread.BlockableEventLoop.doRunTask(BlockableEventLoop.java:148) [server-1.21.1-20240808.144430-srg.jar%23228!/:?]
	at TRANSFORMER/minecraft@1.21.1/net.minecraft.server.level.ServerChunkCache$MainThreadExecutor.doRunTask(ServerChunkCache.java:559) [server-1.21.1-20240808.144430-srg.jar%23228!/:?]
	at TRANSFORMER/minecraft@1.21.1/net.minecraft.util.thread.BlockableEventLoop.pollTask(BlockableEventLoop.java:122) [server-1.21.1-20240808.144430-srg.jar%23228!/:?]
	at TRANSFORMER/minecraft@1.21.1/net.minecraft.server.level.ServerChunkCache$MainThreadExecutor.pollTask(ServerChunkCache.java:568) [server-1.21.1-20240808.144430-srg.jar%23228!/:?]
	at TRANSFORMER/minecraft@1.21.1/net.minecraft.server.MinecraftServer.executeTasksMidTick(MinecraftServer.java:12146) [server-1.21.1-20240808.144430-srg.jar%23228!/:?]
	at TRANSFORMER/minecraft@1.21.1/net.minecraft.server.level.ServerChunkCache.handler$bgl000$c2me_opts_scheduling$onPostTickChunk(ServerChunkCache.java:6593) [server-1.21.1-20240808.144430-srg.jar%23228!/:?]
	at TRANSFORMER/minecraft@1.21.1/net.minecraft.server.level.ServerChunkCache.tickChunks(ServerChunkCache.java:371) [server-1.21.1-20240808.144430-srg.jar%23228!/:?]
	at TRANSFORMER/minecraft@1.21.1/net.minecraft.server.level.ServerChunkCache.tick(ServerChunkCache.java:321) [server-1.21.1-20240808.144430-srg.jar%23228!/:?]
	at TRANSFORMER/minecraft@1.21.1/net.minecraft.server.level.ServerLevel.tick(ServerLevel.java:379) [server-1.21.1-20240808.144430-srg.jar%23228!/:?]
	at TRANSFORMER/minecraft@1.21.1/net.minecraft.server.MinecraftServer.tickChildren(MinecraftServer.java:1037) [server-1.21.1-20240808.144430-srg.jar%23228!/:?]
	at TRANSFORMER/minecraft@1.21.1/net.minecraft.server.dedicated.DedicatedServer.tickChildren(DedicatedServer.java:317) [server-1.21.1-20240808.144430-srg.jar%23228!/:?]
	at TRANSFORMER/minecraft@1.21.1/net.minecraft.server.MinecraftServer.tickServer(MinecraftServer.java:917) [server-1.21.1-20240808.144430-srg.jar%23228!/:?]
	at TRANSFORMER/minecraft@1.21.1/net.minecraft.server.MinecraftServer.runServer(MinecraftServer.java:707) [server-1.21.1-20240808.144430-srg.jar%23228!/:?]
	at TRANSFORMER/minecraft@1.21.1/net.minecraft.server.MinecraftServer.lambda$spin$2(MinecraftServer.java:267) [server-1.21.1-20240808.144430-srg.jar%23228!/:?]
	at java.base/java.lang.Thread.run(Thread.java:1474) [?:?]
[30Apr2026 20:16:19.821] [Server thread/WARN] [net.minecraft.world.level.block.entity.BlockEntity/]: Skipping BlockEntity with id simulated:throttle_lever
[30Apr2026 20:16:29.886] [Server thread/INFO] [dev.ryanhcode.sable.Sable/]: Saving sub-levels for level 'ServerLevel[world]'/minecraft:overworld
[30Apr2026 20:16:29.953] [Server thread/INFO] [dev.ryanhcode.sable.Sable/]: Saving sub-levels for level 'ServerLevel[world]'/minecraft:the_nether
[30Apr2026 20:16:29.953] [Server thread/INFO] [dev.ryanhcode.sable.Sable/]: Saving sub-levels for level 'ServerLevel[world]'/minecraft:the_end
[30Apr2026 20:16:29.960] [Server thread/INFO] [Chunk Activity Tracker/]: Saving data for 110 chunks for dimension 'the_nether' took 1 milliseconds
[30Apr2026 20:16:29.969] [Server thread/INFO] [Chunk Activity Tracker/]: Saving data for 2869 chunks for dimension 'overworld' took 9 milliseconds
[30Apr2026 20:21:29.880] [Server thread/INFO] [dev.ryanhcode.sable.Sable/]: Saving sub-levels for level 'ServerLevel[world]'/minecraft:overworld
[30Apr2026 20:21:29.908] [Server thread/INFO] [dev.ryanhcode.sable.Sable/]: Saving sub-levels for level 'ServerLevel[world]'/minecraft:the_nether
[30Apr2026 20:21:29.909] [Server thread/INFO] [dev.ryanhcode.sable.Sable/]: Saving sub-levels for level 'ServerLevel[world]'/minecraft:the_end
[30Apr2026 20:21:29.916] [Server thread/INFO] [Chunk Activity Tracker/]: Saving data for 110 chunks for dimension 'the_nether' took 1 milliseconds
[30Apr2026 20:21:29.925] [Server thread/INFO] [Chunk Activity Tracker/]: Saving data for 2869 chunks for dimension 'overworld' took 9 milliseconds
[30Apr2026 20:23:33.882] [Server thread/WARN] [net.minecraft.world.level.chunk.LevelChunk/]: Block entity create:analog_lever @ BlockPos{x=20481037, y=133, z=20487173} state Block{minecraft:air} invalid for ticking:
[30Apr2026 20:23:54.058] [Server thread/WARN] [net.minecraft.world.level.chunk.LevelChunk/]: Block entity simulated:throttle_lever @ BlockPos{x=113, y=79, z=488} state Block{minecraft:air} invalid for ticking:
[30Apr2026 20:23:54.058] [Server thread/WARN] [net.minecraft.world.level.chunk.LevelChunk/]: Block entity create:analog_lever @ BlockPos{x=113, y=79, z=490} state Block{minecraft:air} invalid for ticking:
[30Apr2026 20:23:54.058] [Server thread/WARN] [net.minecraft.world.level.chunk.LevelChunk/]: Block entity create:analog_lever @ BlockPos{x=122, y=80, z=488} state Block{minecraft:air} invalid for ticking:
[30Apr2026 20:25:15.452] [Server thread/INFO] [net.minecraft.server.MinecraftServer/]: KruKnight fell from a high place
[30Apr2026 20:25:15.453] [Server thread/INFO] [gravestone/]: The death ID of player KruKnight is f20fe50f-4d02-454d-9cf2-f9e4c3cd3863
[30Apr2026 20:25:16.870] [Server thread/INFO] [dev.ryanhcode.sable.Sable/]: Player logged in with tracking point in non-loaded sub-level. Attempting to load.
[30Apr2026 20:26:01.877] [Server thread/INFO] [AllTheLeaks/]: Listing events...
[30Apr2026 20:26:01.877] [Server thread/INFO] [AllTheLeaks/]: Server Player Clone: 7
[30Apr2026 20:26:01.878] [Server thread/INFO] [AllTheLeaks/]: Server Player Logout: 7
[30Apr2026 20:26:01.878] [Server thread/INFO] [AllTheLeaks/]: Listing memory leaks so far...
[30Apr2026 20:26:01.878] [Server thread/INFO] [AllTheLeaks/]: B: 1289MB / C: 1647MB / Diff: +358MB
[30Apr2026 20:26:01.878] [Server thread/INFO] [AllTheLeaks/]: Memory Leaks detected: (/atl force_refresh to update)
[30Apr2026 20:26:01.878] [Server thread/INFO] [AllTheLeaks/]: | ChunkAccess:
[30Apr2026 20:26:01.879] [Server thread/INFO] [AllTheLeaks/]: |- LevelChunk (minecraft): 72
[30Apr2026 20:26:01.879] [Server thread/INFO] [AllTheLeaks/]: | Player:
[30Apr2026 20:26:01.879] [Server thread/INFO] [AllTheLeaks/]: |- ServerPlayer (minecraft): 14
[30Apr2026 20:26:29.886] [Server thread/INFO] [dev.ryanhcode.sable.Sable/]: Saving sub-levels for level 'ServerLevel[world]'/minecraft:overworld
[30Apr2026 20:26:29.949] [Server thread/INFO] [dev.ryanhcode.sable.Sable/]: Saving sub-levels for level 'ServerLevel[world]'/minecraft:the_nether
[30Apr2026 20:26:29.949] [Server thread/INFO] [dev.ryanhcode.sable.Sable/]: Saving sub-levels for level 'ServerLevel[world]'/minecraft:the_end
[30Apr2026 20:26:29.957] [Server thread/INFO] [Chunk Activity Tracker/]: Saving data for 110 chunks for dimension 'the_nether' took 1 milliseconds
[30Apr2026 20:26:29.965] [Server thread/INFO] [Chunk Activity Tracker/]: Saving data for 2869 chunks for dimension 'overworld' took 8 milliseconds
[30Apr2026 20:31:29.904] [Server thread/INFO] [dev.ryanhcode.sable.Sable/]: Saving sub-levels for level 'ServerLevel[world]'/minecraft:overworld
[30Apr2026 20:31:29.947] [Server thread/INFO] [dev.ryanhcode.sable.Sable/]: Saving sub-levels for level 'ServerLevel[world]'/minecraft:the_nether
[30Apr2026 20:31:29.948] [Server thread/INFO] [dev.ryanhcode.sable.Sable/]: Saving sub-levels for level 'ServerLevel[world]'/minecraft:the_end
[30Apr2026 20:31:29.956] [Server thread/INFO] [Chunk Activity Tracker/]: Saving data for 110 chunks for dimension 'the_nether' took 1 milliseconds
[30Apr2026 20:31:29.965] [Server thread/INFO] [Chunk Activity Tracker/]: Saving data for 2869 chunks for dimension 'overworld' took 9 milliseconds
[30Apr2026 20:36:01.930] [Server thread/INFO] [AllTheLeaks/]: Listing events...
[30Apr2026 20:36:01.931] [Server thread/INFO] [AllTheLeaks/]: Server Player Clone: 7
[30Apr2026 20:36:01.931] [Server thread/INFO] [AllTheLeaks/]: Server Player Logout: 7
[30Apr2026 20:36:01.931] [Server thread/INFO] [AllTheLeaks/]: Listing memory leaks so far...
[30Apr2026 20:36:01.932] [Server thread/INFO] [AllTheLeaks/]: B: 1289MB / C: 1651MB / Diff: +362MB
[30Apr2026 20:36:01.932] [Server thread/INFO] [AllTheLeaks/]: Memory Leaks detected: (/atl force_refresh to update)
[30Apr2026 20:36:01.932] [Server thread/INFO] [AllTheLeaks/]: | ChunkAccess:
[30Apr2026 20:36:01.932] [Server thread/INFO] [AllTheLeaks/]: |- LevelChunk (minecraft): 27
[30Apr2026 20:36:01.932] [Server thread/INFO] [AllTheLeaks/]: | Player:
[30Apr2026 20:36:01.932] [Server thread/INFO] [AllTheLeaks/]: |- ServerPlayer (minecraft): 14
[30Apr2026 20:36:29.893] [Server thread/INFO] [dev.ryanhcode.sable.Sable/]: Saving sub-levels for level 'ServerLevel[world]'/minecraft:overworld
[30Apr2026 20:36:29.968] [Server thread/INFO] [dev.ryanhcode.sable.Sable/]: Saving sub-levels for level 'ServerLevel[world]'/minecraft:the_nether
[30Apr2026 20:36:29.968] [Server thread/INFO] [dev.ryanhcode.sable.Sable/]: Saving sub-levels for level 'ServerLevel[world]'/minecraft:the_end
[30Apr2026 20:36:29.975] [Server thread/INFO] [Chunk Activity Tracker/]: Saving data for 110 chunks for dimension 'the_nether' took 1 milliseconds
[30Apr2026 20:36:29.984] [Server thread/INFO] [Chunk Activity Tracker/]: Saving data for 2872 chunks for dimension 'overworld' took 8 milliseconds
[30Apr2026 20:41:29.906] [Server thread/INFO] [dev.ryanhcode.sable.Sable/]: Saving sub-levels for level 'ServerLevel[world]'/minecraft:overworld
[30Apr2026 20:41:29.982] [Server thread/INFO] [dev.ryanhcode.sable.Sable/]: Saving sub-levels for level 'ServerLevel[world]'/minecraft:the_nether
[30Apr2026 20:41:29.983] [Server thread/INFO] [dev.ryanhcode.sable.Sable/]: Saving sub-levels for level 'ServerLevel[world]'/minecraft:the_end
[30Apr2026 20:41:29.990] [Server thread/INFO] [Chunk Activity Tracker/]: Saving data for 110 chunks for dimension 'the_nether' took 1 milliseconds
[30Apr2026 20:41:29.998] [Server thread/INFO] [Chunk Activity Tracker/]: Saving data for 2872 chunks for dimension 'overworld' took 8 milliseconds
[30Apr2026 20:46:01.980] [Server thread/INFO] [AllTheLeaks/]: Listing events...
[30Apr2026 20:46:01.981] [Server thread/INFO] [AllTheLeaks/]: Server Player Clone: 7
[30Apr2026 20:46:01.981] [Server thread/INFO] [AllTheLeaks/]: Server Player Logout: 7
[30Apr2026 20:46:01.981] [Server thread/INFO] [AllTheLeaks/]: Listing memory leaks so far...
[30Apr2026 20:46:01.982] [Server thread/INFO] [AllTheLeaks/]: B: 1289MB / C: 1640MB / Diff: +351MB
[30Apr2026 20:46:01.982] [Server thread/INFO] [AllTheLeaks/]: Memory Leaks detected: (/atl force_refresh to update)
[30Apr2026 20:46:01.982] [Server thread/INFO] [AllTheLeaks/]: | ChunkAccess:
[30Apr2026 20:46:01.982] [Server thread/INFO] [AllTheLeaks/]: |- LevelChunk (minecraft): 24
[30Apr2026 20:46:01.982] [Server thread/INFO] [AllTheLeaks/]: | Player:
[30Apr2026 20:46:01.982] [Server thread/INFO] [AllTheLeaks/]: |- ServerPlayer (minecraft): 14
[30Apr2026 20:46:29.887] [Server thread/INFO] [dev.ryanhcode.sable.Sable/]: Saving sub-levels for level 'ServerLevel[world]'/minecraft:overworld
[30Apr2026 20:46:29.973] [Server thread/INFO] [dev.ryanhcode.sable.Sable/]: Saving sub-levels for level 'ServerLevel[world]'/minecraft:the_nether
[30Apr2026 20:46:29.973] [Server thread/INFO] [dev.ryanhcode.sable.Sable/]: Saving sub-levels for level 'ServerLevel[world]'/minecraft:the_end
[30Apr2026 20:46:29.981] [Server thread/INFO] [Chunk Activity Tracker/]: Saving data for 110 chunks for dimension 'the_nether' took 1 milliseconds
[30Apr2026 20:46:29.990] [Server thread/INFO] [Chunk Activity Tracker/]: Saving data for 2872 chunks for dimension 'overworld' took 9 milliseconds
[30Apr2026 20:51:29.897] [Server thread/INFO] [dev.ryanhcode.sable.Sable/]: Saving sub-levels for level 'ServerLevel[world]'/minecraft:overworld
[30Apr2026 20:51:29.976] [Server thread/INFO] [dev.ryanhcode.sable.Sable/]: Saving sub-levels for level 'ServerLevel[world]'/minecraft:the_nether
[30Apr2026 20:51:29.977] [Server thread/INFO] [dev.ryanhcode.sable.Sable/]: Saving sub-levels for level 'ServerLevel[world]'/minecraft:the_end
[30Apr2026 20:51:29.984] [Server thread/INFO] [Chunk Activity Tracker/]: Saving data for 110 chunks for dimension 'the_nether' took 1 milliseconds
[30Apr2026 20:51:29.992] [Server thread/INFO] [Chunk Activity Tracker/]: Saving data for 2872 chunks for dimension 'overworld' took 8 milliseconds
[30Apr2026 20:56:02.046] [Server thread/INFO] [AllTheLeaks/]: Listing events...
[30Apr2026 20:56:02.047] [Server thread/INFO] [AllTheLeaks/]: Server Player Clone: 7
[30Apr2026 20:56:02.048] [Server thread/INFO] [AllTheLeaks/]: Server Player Logout: 7
[30Apr2026 20:56:02.048] [Server thread/INFO] [AllTheLeaks/]: Listing memory leaks so far...
[30Apr2026 20:56:02.048] [Server thread/INFO] [AllTheLeaks/]: B: 1289MB / C: 1633MB / Diff: +344MB
[30Apr2026 20:56:02.049] [Server thread/INFO] [AllTheLeaks/]: Memory Leaks detected: (/atl force_refresh to update)
[30Apr2026 20:56:02.049] [Server thread/INFO] [AllTheLeaks/]: | ChunkAccess:
[30Apr2026 20:56:02.050] [Server thread/INFO] [AllTheLeaks/]: |- LevelChunk (minecraft): 22
[30Apr2026 20:56:02.050] [Server thread/INFO] [AllTheLeaks/]: | Player:
[30Apr2026 20:56:02.051] [Server thread/INFO] [AllTheLeaks/]: |- ServerPlayer (minecraft): 14
[30Apr2026 20:56:29.927] [Server thread/INFO] [dev.ryanhcode.sable.Sable/]: Saving sub-levels for level 'ServerLevel[world]'/minecraft:overworld
[30Apr2026 20:56:30.006] [Server thread/INFO] [dev.ryanhcode.sable.Sable/]: Saving sub-levels for level 'ServerLevel[world]'/minecraft:the_nether
[30Apr2026 20:56:30.006] [Server thread/INFO] [dev.ryanhcode.sable.Sable/]: Saving sub-levels for level 'ServerLevel[world]'/minecraft:the_end
[30Apr2026 20:56:30.013] [Server thread/INFO] [Chunk Activity Tracker/]: Saving data for 110 chunks for dimension 'the_nether' took 1 milliseconds
[30Apr2026 20:56:30.022] [Server thread/INFO] [Chunk Activity Tracker/]: Saving data for 2872 chunks for dimension 'overworld' took 8 milliseconds
[30Apr2026 20:58:36.943] [User Authenticator #10/INFO] [net.minecraft.server.network.ServerLoginPacketListenerImpl/]: UUID of player ElSangre1910 is 4fe36b22-5a9c-4839-9289-3d9d9c53a60d
[30Apr2026 20:58:37.596] [Server thread/INFO] [net.minecraft.server.network.ServerConfigurationPacketListenerImpl/]: com.mojang.authlib.GameProfile@6a69db29[id=4fe36b22-5a9c-4839-9289-3d9d9c53a60d,name=ElSangre1910,properties={textures=[Property[name=textures, value=ewogICJ0aW1lc3RhbXAiIDogMTc3NzYwMDcxNjcxNCwKICAicHJvZmlsZUlkIiA6ICI0ZmUzNmIyMjVhOWM0ODM5OTI4OTNkOWQ5YzUzYTYwZCIsCiAgInByb2ZpbGVOYW1lIiA6ICJFbFNhbmdyZTE5MTAiLAogICJzaWduYXR1cmVSZXF1aXJlZCIgOiB0cnVlLAogICJ0ZXh0dXJlcyIgOiB7CiAgICAiU0tJTiIgOiB7CiAgICAgICJ1cmwiIDogImh0dHA6Ly90ZXh0dXJlcy5taW5lY3JhZnQubmV0L3RleHR1cmUvNmMxNjBmYmQxNmFkYmM0YmZmMjQwOWU3MDE4MGQ5MTEwMDJhZWJjZmE4MTFlYjZlYzNkMTA0MDc2MWFlYTZkZCIsCiAgICAgICJtZXRhZGF0YSIgOiB7CiAgICAgICAgIm1vZGVsIiA6ICJzbGltIgogICAgICB9CiAgICB9CiAgfQp9, signature=r9pkaypEvj3iMiJYWq0W7/M81m7vqKOfmIBNL1a2wVY7mxPVnPrCc4uZMPmCvIQTiXcv88llQVz8f1iOuvIDFxkHdFhZKVwuYxZTIKFWmRRMzJOWY4GlAnf8Qs/DtS7ycyb3wQ9q/6sVHd55NFxqCPUPW5i8DvYh3hldVLxK2LNiujcnZPUJZzj/Qwg/QUh+j03PZ8A8QMASs0AkEVhoZM2lMfFLu3zY462SQ1PZxi3zC87O+5ix7s4ISmk2TGjWYimv3vKBZhfDVp9ddZkEfUt00n5XOkBPxn6osWFxdAby4RIz6vWF87zCjLa0BeCa3vxjo4GePTUOJwUsbXjWQaPeUtcoOVyTP9q9YYajMHQCpgodrHVMG+ak87AWeND1/xC2nUV5NE5yqVFWbnZaMKZRePiMWyWSLJfsY1GRQ0ZXo+m95H5a+GdMns9RQGUZ1R9yIfFUGNPs2lN/O2k2MfLsVsZy8pHygn+v3azMISPURNMaZNUsxsnvToes7lkCcVvJ9vcCkPH+0SKcOMYGHKN+y5V8OfbPVoTw4zWBwa9g/4qJzMRAHVxPl0UnmyTixu4a3TCLhO/jJryD63gQcdbGrwhOO48irfQVznRrxBHn/asgXFqvY+V6f1dQlEoS8nbB5dooJdE/ckxm3OHAy7Gv9B46aTsQOafj+1AiN8k=]]}] lost connection: Disconnected
[30Apr2026 21:00:21.533] [User Authenticator #11/INFO] [net.minecraft.server.network.ServerLoginPacketListenerImpl/]: UUID of player ElSangre1910 is 4fe36b22-5a9c-4839-9289-3d9d9c53a60d
[30Apr2026 21:00:22.124] [Server thread/INFO] [net.minecraft.server.network.ServerConfigurationPacketListenerImpl/]: com.mojang.authlib.GameProfile@32eacef6[id=4fe36b22-5a9c-4839-9289-3d9d9c53a60d,name=ElSangre1910,properties={textures=[Property[name=textures, value=ewogICJ0aW1lc3RhbXAiIDogMTc3NzYwMDgyMTI5NiwKICAicHJvZmlsZUlkIiA6ICI0ZmUzNmIyMjVhOWM0ODM5OTI4OTNkOWQ5YzUzYTYwZCIsCiAgInByb2ZpbGVOYW1lIiA6ICJFbFNhbmdyZTE5MTAiLAogICJzaWduYXR1cmVSZXF1aXJlZCIgOiB0cnVlLAogICJ0ZXh0dXJlcyIgOiB7CiAgICAiU0tJTiIgOiB7CiAgICAgICJ1cmwiIDogImh0dHA6Ly90ZXh0dXJlcy5taW5lY3JhZnQubmV0L3RleHR1cmUvNmMxNjBmYmQxNmFkYmM0YmZmMjQwOWU3MDE4MGQ5MTEwMDJhZWJjZmE4MTFlYjZlYzNkMTA0MDc2MWFlYTZkZCIsCiAgICAgICJtZXRhZGF0YSIgOiB7CiAgICAgICAgIm1vZGVsIiA6ICJzbGltIgogICAgICB9CiAgICB9CiAgfQp9, signature=OO7LVw1VOKD1Rh0UWmrzwdRDCUgNCCw42MIjstmjM9zQ4yxiGkZQ+FT4oheatY+NwyAqNQ0Ai12XPzqNxQalK6RgeClpPiUjPv8cBqTB028XdLV8PZQ/WJ6QNfPPW3RlZDlcR/RBFWFd3V+rmKHakMZOKxyb2hRWAPMsbHyV1n7MoE4M5gdLsRgJWY3YOamLaeV2E/eqefP0aB15sWFvMXfvj2Kzo7RPPtOIYoJ1PxQiXpN4sdnWbtlWQxtWVARsHLobwveRT2bX8jWCvHqYb7JzA3Vp/lIKsSOrvQopNaheVteh/8tnJzasZmDjq85HWDDn3L5B29NNo5UtB0g7mdLbzWjzaVb3IPn5LIG3XO6KrZTy7Fa2e9adMW3Yw6TbsBFlfPxeuhwQpSLe3AlugeBNLW43FqgZWqxEiTI9oHaobzx/MjOxeoNbwl8ibkaXHK7QVMkbUtnyU+ZxCldlREiloOtOLJcNaKlIF867nz5CFwufba77yDX0oscq+qaBZ79TRQh8v3qmk+hMgD25Y3Z1nX8x9tPnyQLb3Yv+MEZxwU4AhgzO9PLhTmPQbkX2nWoxdgwO9Cd8X2NmtitoBmAcaJ9F2DJE664+3rjziXMXV56R8JBSZ/K0Ap8sysIaYkSI4hRh6hzA4BZ8jscJdyWto6L1qKr9tk35wOalx7c=]]}] lost connection: Disconnected
[30Apr2026 21:01:29.882] [Server thread/INFO] [dev.ryanhcode.sable.Sable/]: Saving sub-levels for level 'ServerLevel[world]'/minecraft:overworld
[30Apr2026 21:01:29.951] [Server thread/INFO] [dev.ryanhcode.sable.Sable/]: Saving sub-levels for level 'ServerLevel[world]'/minecraft:the_nether
[30Apr2026 21:01:29.951] [Server thread/INFO] [dev.ryanhcode.sable.Sable/]: Saving sub-levels for level 'ServerLevel[world]'/minecraft:the_end
[30Apr2026 21:01:29.958] [Server thread/INFO] [Chunk Activity Tracker/]: Saving data for 110 chunks for dimension 'the_nether' took 1 milliseconds
[30Apr2026 21:01:29.967] [Server thread/INFO] [Chunk Activity Tracker/]: Saving data for 2875 chunks for dimension 'overworld' took 8 milliseconds
[30Apr2026 21:05:55.039] [Server thread/WARN] [net.minecraft.world.level.chunk.LevelChunk/]: Block entity simulated:throttle_lever @ BlockPos{x=20481033, y=129, z=20483083} state Block{minecraft:air} invalid for ticking:
[30Apr2026 21:05:55.040] [Server thread/WARN] [net.minecraft.world.level.chunk.LevelChunk/]: Block entity simulated:throttle_lever @ BlockPos{x=20481031, y=129, z=20483083} state Block{minecraft:air} invalid for ticking:
[30Apr2026 21:06:02.077] [Server thread/INFO] [AllTheLeaks/]: Listing events...
[30Apr2026 21:06:02.078] [Server thread/INFO] [AllTheLeaks/]: Server Player Clone: 7
[30Apr2026 21:06:02.078] [Server thread/INFO] [AllTheLeaks/]: Server Player Logout: 7
[30Apr2026 21:06:02.078] [Server thread/INFO] [AllTheLeaks/]: Listing memory leaks so far...
[30Apr2026 21:06:02.078] [Server thread/INFO] [AllTheLeaks/]: B: 1289MB / C: 1619MB / Diff: +330MB
[30Apr2026 21:06:02.078] [Server thread/INFO] [AllTheLeaks/]: Memory Leaks detected: (/atl force_refresh to update)
[30Apr2026 21:06:02.079] [Server thread/INFO] [AllTheLeaks/]: | ChunkAccess:
[30Apr2026 21:06:02.079] [Server thread/INFO] [AllTheLeaks/]: |- LevelChunk (minecraft): 241
[30Apr2026 21:06:02.079] [Server thread/INFO] [AllTheLeaks/]: | Player:
[30Apr2026 21:06:02.079] [Server thread/INFO] [AllTheLeaks/]: |- ServerPlayer (minecraft): 14
[30Apr2026 21:06:29.885] [Server thread/INFO] [dev.ryanhcode.sable.Sable/]: Saving sub-levels for level 'ServerLevel[world]'/minecraft:overworld
[30Apr2026 21:06:29.937] [Server thread/INFO] [dev.ryanhcode.sable.Sable/]: Saving sub-levels for level 'ServerLevel[world]'/minecraft:the_nether
[30Apr2026 21:06:29.938] [Server thread/INFO] [dev.ryanhcode.sable.Sable/]: Saving sub-levels for level 'ServerLevel[world]'/minecraft:the_end
[30Apr2026 21:06:29.945] [Server thread/INFO] [Chunk Activity Tracker/]: Saving data for 110 chunks for dimension 'the_nether' took 1 milliseconds
[30Apr2026 21:06:29.954] [Server thread/INFO] [Chunk Activity Tracker/]: Saving data for 2875 chunks for dimension 'overworld' took 8 milliseconds
[30Apr2026 21:06:54.214] [User Authenticator #12/INFO] [net.minecraft.server.network.ServerLoginPacketListenerImpl/]: UUID of player ElSangre1910 is 4fe36b22-5a9c-4839-9289-3d9d9c53a60d
[30Apr2026 21:06:56.928] [Server thread/WARN] [net.minecraft.server.PlayerAdvancements/]: Ignored advancement 'farmersdelight:recipes/decorations/basket' in progress file ./world/advancements/4fe36b22-5a9c-4839-9289-3d9d9c53a60d.json - it doesn't exist anymore?
[30Apr2026 21:06:56.937] [Server thread/WARN] [net.minecraft.server.PlayerAdvancements/]: Ignored advancement 'farmersdelight:main/eat_comfort_food' in progress file ./world/advancements/4fe36b22-5a9c-4839-9289-3d9d9c53a60d.json - it doesn't exist anymore?
[30Apr2026 21:06:56.937] [Server thread/WARN] [net.minecraft.server.PlayerAdvancements/]: Ignored advancement 'storagedrawers:recipes/storagedrawers/one_stack_upgrade' in progress file ./world/advancements/4fe36b22-5a9c-4839-9289-3d9d9c53a60d.json - it doesn't exist anymore?
[30Apr2026 21:06:56.937] [Server thread/WARN] [net.minecraft.server.PlayerAdvancements/]: Ignored advancement 'storagedrawers:recipes/storagedrawers/dark_oak_drawers' in progress file ./world/advancements/4fe36b22-5a9c-4839-9289-3d9d9c53a60d.json - it doesn't exist anymore?
[30Apr2026 21:06:56.937] [Server thread/WARN] [net.minecraft.server.PlayerAdvancements/]: Ignored advancement 'storagedrawers:recipes/storagedrawers/illumination_upgrade' in progress file ./world/advancements/4fe36b22-5a9c-4839-9289-3d9d9c53a60d.json - it doesn't exist anymore?
[30Apr2026 21:06:56.937] [Server thread/WARN] [net.minecraft.server.PlayerAdvancements/]: Ignored advancement 'storagedrawers:recipes/storagedrawers/remote_upgrade' in progress file ./world/advancements/4fe36b22-5a9c-4839-9289-3d9d9c53a60d.json - it doesn't exist anymore?
[30Apr2026 21:06:56.938] [Server thread/WARN] [net.minecraft.server.PlayerAdvancements/]: Ignored advancement 'storagedrawers:recipes/storagedrawers/cherry_drawers' in progress file ./world/advancements/4fe36b22-5a9c-4839-9289-3d9d9c53a60d.json - it doesn't exist anymore?
[30Apr2026 21:06:56.938] [Server thread/WARN] [net.minecraft.server.PlayerAdvancements/]: Ignored advancement 'storagedrawers:recipes/storagedrawers/personal_key_cofh' in progress file ./world/advancements/4fe36b22-5a9c-4839-9289-3d9d9c53a60d.json - it doesn't exist anymore?
[30Apr2026 21:06:56.938] [Server thread/WARN] [net.minecraft.server.PlayerAdvancements/]: Ignored advancement 'storagedrawers:recipes/storagedrawers/bamboo_drawers' in progress file ./world/advancements/4fe36b22-5a9c-4839-9289-3d9d9c53a60d.json - it doesn't exist anymore?
[30Apr2026 21:06:56.938] [Server thread/WARN] [net.minecraft.server.PlayerAdvancements/]: Ignored advancement 'storagedrawers:recipes/storagedrawers/acacia_trim' in progress file ./world/advancements/4fe36b22-5a9c-4839-9289-3d9d9c53a60d.json - it doesn't exist anymore?
[30Apr2026 21:06:56.938] [Server thread/WARN] [net.minecraft.server.PlayerAdvancements/]: Ignored advancement 'storagedrawers:recipes/storagedrawers/priority_key' in progress file ./world/advancements/4fe36b22-5a9c-4839-9289-3d9d9c53a60d.json - it doesn't exist anymore?
[30Apr2026 21:06:56.938] [Server thread/WARN] [net.minecraft.server.PlayerAdvancements/]: Ignored advancement 'storagedrawers:recipes/storagedrawers/warped_drawers' in progress file ./world/advancements/4fe36b22-5a9c-4839-9289-3d9d9c53a60d.json - it doesn't exist anymore?
[30Apr2026 21:06:56.939] [Server thread/WARN] [net.minecraft.server.PlayerAdvancements/]: Ignored advancement 'storagedrawers:recipes/storagedrawers/cherry_trim' in progress file ./world/advancements/4fe36b22-5a9c-4839-9289-3d9d9c53a60d.json - it doesn't exist anymore?
[30Apr2026 21:06:56.939] [Server thread/WARN] [net.minecraft.server.PlayerAdvancements/]: Ignored advancement 'storagedrawers:recipes/storagedrawers/framing_table' in progress file ./world/advancements/4fe36b22-5a9c-4839-9289-3d9d9c53a60d.json - it doesn't exist anymore?
[30Apr2026 21:06:56.939] [Server thread/WARN] [net.minecraft.server.PlayerAdvancements/]: Ignored advancement 'storagedrawers:recipes/storagedrawers/gold_storage_upgrade' in progress file ./world/advancements/4fe36b22-5a9c-4839-9289-3d9d9c53a60d.json - it doesn't exist anymore?
[30Apr2026 21:06:56.939] [Server thread/WARN] [net.minecraft.server.PlayerAdvancements/]: Ignored advancement 'storagedrawers:recipes/storagedrawers/jungle_drawers' in progress file ./world/advancements/4fe36b22-5a9c-4839-9289-3d9d9c53a60d.json - it doesn't exist anymore?
[30Apr2026 21:06:56.939] [Server thread/WARN] [net.minecraft.server.PlayerAdvancements/]: Ignored advancement 'storagedrawers:recipes/storagedrawers/birch_trim' in progress file ./world/advancements/4fe36b22-5a9c-4839-9289-3d9d9c53a60d.json - it doesn't exist anymore?
[30Apr2026 21:06:56.939] [Server thread/WARN] [net.minecraft.server.PlayerAdvancements/]: Ignored advancement 'storagedrawers:recipes/storagedrawers/void_upgrade' in progress file ./world/advancements/4fe36b22-5a9c-4839-9289-3d9d9c53a60d.json - it doesn't exist anymore?
[30Apr2026 21:06:56.940] [Server thread/WARN] [net.minecraft.server.PlayerAdvancements/]: Ignored advancement 'storagedrawers:recipes/storagedrawers/fill_level_upgrade' in progress file ./world/advancements/4fe36b22-5a9c-4839-9289-3d9d9c53a60d.json - it doesn't exist anymore?
[30Apr2026 21:06:56.940] [Server thread/WARN] [net.minecraft.server.PlayerAdvancements/]: Ignored advancement 'storagedrawers:recipes/storagedrawers/crimson_drawers' in progress file ./world/advancements/4fe36b22-5a9c-4839-9289-3d9d9c53a60d.json - it doesn't exist anymore?
[30Apr2026 21:06:56.940] [Server thread/WARN] [net.minecraft.server.PlayerAdvancements/]: Ignored advancement 'storagedrawers:recipes/storagedrawers/oak_trim' in progress file ./world/advancements/4fe36b22-5a9c-4839-9289-3d9d9c53a60d.json - it doesn't exist anymore?
[30Apr2026 21:06:56.940] [Server thread/WARN] [net.minecraft.server.PlayerAdvancements/]: Ignored advancement 'storagedrawers:recipes/storagedrawers/emerald_storage_upgrade' in progress file ./world/advancements/4fe36b22-5a9c-4839-9289-3d9d9c53a60d.json - it doesn't exist anymore?
[30Apr2026 21:06:56.940] [Server thread/WARN] [net.minecraft.server.PlayerAdvancements/]: Ignored advancement 'storagedrawers:recipes/storagedrawers/obsidian_storage_upgrade' in progress file ./world/advancements/4fe36b22-5a9c-4839-9289-3d9d9c53a60d.json - it doesn't exist anymore?
[30Apr2026 21:06:56.941] [Server thread/WARN] [net.minecraft.server.PlayerAdvancements/]: Ignored advancement 'storagedrawers:recipes/storagedrawers/iron_storage_upgrade' in progress file ./world/advancements/4fe36b22-5a9c-4839-9289-3d9d9c53a60d.json - it doesn't exist anymore?
[30Apr2026 21:06:56.941] [Server thread/WARN] [net.minecraft.server.PlayerAdvancements/]: Ignored advancement 'storagedrawers:recipes/storagedrawers/compacting_drawers' in progress file ./world/advancements/4fe36b22-5a9c-4839-9289-3d9d9c53a60d.json - it doesn't exist anymore?
[30Apr2026 21:06:56.941] [Server thread/WARN] [net.minecraft.server.PlayerAdvancements/]: Ignored advancement 'storagedrawers:recipes/storagedrawers/diamond_storage_upgrade' in progress file ./world/advancements/4fe36b22-5a9c-4839-9289-3d9d9c53a60d.json - it doesn't exist anymore?
[30Apr2026 21:06:56.941] [Server thread/WARN] [net.minecraft.server.PlayerAdvancements/]: Ignored advancement 'storagedrawers:recipes/storagedrawers/acacia_drawers' in progress file ./world/advancements/4fe36b22-5a9c-4839-9289-3d9d9c53a60d.json - it doesn't exist anymore?
[30Apr2026 21:06:56.941] [Server thread/WARN] [net.minecraft.server.PlayerAdvancements/]: Ignored advancement 'storagedrawers:recipes/storagedrawers/remote_group_upgrade' in progress file ./world/advancements/4fe36b22-5a9c-4839-9289-3d9d9c53a60d.json - it doesn't exist anymore?
[30Apr2026 21:06:56.941] [Server thread/WARN] [net.minecraft.server.PlayerAdvancements/]: Ignored advancement 'storagedrawers:recipes/storagedrawers/drawer_puller' in progress file ./world/advancements/4fe36b22-5a9c-4839-9289-3d9d9c53a60d.json - it doesn't exist anymore?
[30Apr2026 21:06:56.942] [Server thread/WARN] [net.minecraft.server.PlayerAdvancements/]: Ignored advancement 'storagedrawers:recipes/storagedrawers/crimson_trim' in progress file ./world/advancements/4fe36b22-5a9c-4839-9289-3d9d9c53a60d.json - it doesn't exist anymore?
[30Apr2026 21:06:56.942] [Server thread/WARN] [net.minecraft.server.PlayerAdvancements/]: Ignored advancement 'storagedrawers:recipes/storagedrawers/shroud_key' in progress file ./world/advancements/4fe36b22-5a9c-4839-9289-3d9d9c53a60d.json - it doesn't exist anymore?
[30Apr2026 21:06:56.942] [Server thread/WARN] [net.minecraft.server.PlayerAdvancements/]: Ignored advancement 'storagedrawers:recipes/storagedrawers/portability_upgrade' in progress file ./world/advancements/4fe36b22-5a9c-4839-9289-3d9d9c53a60d.json - it doesn't exist anymore?
[30Apr2026 21:06:56.942] [Server thread/WARN] [net.minecraft.server.PlayerAdvancements/]: Ignored advancement 'storagedrawers:recipes/storagedrawers/upgrade_template' in progress file ./world/advancements/4fe36b22-5a9c-4839-9289-3d9d9c53a60d.json - it doesn't exist anymore?
[30Apr2026 21:06:56.942] [Server thread/WARN] [net.minecraft.server.PlayerAdvancements/]: Ignored advancement 'storagedrawers:recipes/storagedrawers/drawer_key' in progress file ./world/advancements/4fe36b22-5a9c-4839-9289-3d9d9c53a60d.json - it doesn't exist anymore?
[30Apr2026 21:06:56.942] [Server thread/WARN] [net.minecraft.server.PlayerAdvancements/]: Ignored advancement 'storagedrawers:recipes/storagedrawers/oak_drawers' in progress file ./world/advancements/4fe36b22-5a9c-4839-9289-3d9d9c53a60d.json - it doesn't exist anymore?
[30Apr2026 21:06:56.943] [Server thread/WARN] [net.minecraft.server.PlayerAdvancements/]: Ignored advancement 'storagedrawers:recipes/storagedrawers/min_redstone_upgrade' in progress file ./world/advancements/4fe36b22-5a9c-4839-9289-3d9d9c53a60d.json - it doesn't exist anymore?
[30Apr2026 21:06:56.943] [Server thread/WARN] [net.minecraft.server.PlayerAdvancements/]: Ignored advancement 'storagedrawers:recipes/storagedrawers/keyring' in progress file ./world/advancements/4fe36b22-5a9c-4839-9289-3d9d9c53a60d.json - it doesn't exist anymore?
[30Apr2026 21:06:56.943] [Server thread/WARN] [net.minecraft.server.PlayerAdvancements/]: Ignored advancement 'storagedrawers:recipes/storagedrawers/detached_drawer' in progress file ./world/advancements/4fe36b22-5a9c-4839-9289-3d9d9c53a60d.json - it doesn't exist anymore?
[30Apr2026 21:06:56.943] [Server thread/WARN] [net.minecraft.server.PlayerAdvancements/]: Ignored advancement 'storagedrawers:recipes/storagedrawers/personal_key' in progress file ./world/advancements/4fe36b22-5a9c-4839-9289-3d9d9c53a60d.json - it doesn't exist anymore?
[30Apr2026 21:06:56.943] [Server thread/WARN] [net.minecraft.server.PlayerAdvancements/]: Ignored advancement 'storagedrawers:recipes/storagedrawers/warped_trim' in progress file ./world/advancements/4fe36b22-5a9c-4839-9289-3d9d9c53a60d.json - it doesn't exist anymore?
[30Apr2026 21:06:56.943] [Server thread/WARN] [net.minecraft.server.PlayerAdvancements/]: Ignored advancement 'storagedrawers:recipes/storagedrawers/jungle_trim' in progress file ./world/advancements/4fe36b22-5a9c-4839-9289-3d9d9c53a60d.json - it doesn't exist anymore?
[30Apr2026 21:06:56.944] [Server thread/WARN] [net.minecraft.server.PlayerAdvancements/]: Ignored advancement 'storagedrawers:recipes/storagedrawers/max_redstone_upgrade' in progress file ./world/advancements/4fe36b22-5a9c-4839-9289-3d9d9c53a60d.json - it doesn't exist anymore?
[30Apr2026 21:06:56.944] [Server thread/WARN] [net.minecraft.server.PlayerAdvancements/]: Ignored advancement 'storagedrawers:recipes/storagedrawers/mangrove_drawers' in progress file ./world/advancements/4fe36b22-5a9c-4839-9289-3d9d9c53a60d.json - it doesn't exist anymore?
[30Apr2026 21:06:56.944] [Server thread/WARN] [net.minecraft.server.PlayerAdvancements/]: Ignored advancement 'storagedrawers:recipes/storagedrawers/birch_drawers' in progress file ./world/advancements/4fe36b22-5a9c-4839-9289-3d9d9c53a60d.json - it doesn't exist anymore?
[30Apr2026 21:06:56.944] [Server thread/WARN] [net.minecraft.server.PlayerAdvancements/]: Ignored advancement 'storagedrawers:recipes/storagedrawers/controller' in progress file ./world/advancements/4fe36b22-5a9c-4839-9289-3d9d9c53a60d.json - it doesn't exist anymore?
[30Apr2026 21:06:56.944] [Server thread/WARN] [net.minecraft.server.PlayerAdvancements/]: Ignored advancement 'storagedrawers:recipes/storagedrawers/bamboo_trim' in progress file ./world/advancements/4fe36b22-5a9c-4839-9289-3d9d9c53a60d.json - it doesn't exist anymore?
[30Apr2026 21:06:56.944] [Server thread/WARN] [net.minecraft.server.PlayerAdvancements/]: Ignored advancement 'storagedrawers:recipes/storagedrawers/controller_io' in progress file ./world/advancements/4fe36b22-5a9c-4839-9289-3d9d9c53a60d.json - it doesn't exist anymore?
[30Apr2026 21:06:56.945] [Server thread/WARN] [net.minecraft.server.PlayerAdvancements/]: Ignored advancement 'storagedrawers:recipes/storagedrawers/spruce_drawers' in progress file ./world/advancements/4fe36b22-5a9c-4839-9289-3d9d9c53a60d.json - it doesn't exist anymore?
[30Apr2026 21:06:56.945] [Server thread/WARN] [net.minecraft.server.PlayerAdvancements/]: Ignored advancement 'storagedrawers:recipes/storagedrawers/mangrove_trim' in progress file ./world/advancements/4fe36b22-5a9c-4839-9289-3d9d9c53a60d.json - it doesn't exist anymore?
[30Apr2026 21:06:56.945] [Server thread/WARN] [net.minecraft.server.PlayerAdvancements/]: Ignored advancement 'storagedrawers:recipes/storagedrawers/redstone_upgrade' in progress file ./world/advancements/4fe36b22-5a9c-4839-9289-3d9d9c53a60d.json - it doesn't exist anymore?
[30Apr2026 21:06:56.945] [Server thread/WARN] [net.minecraft.server.PlayerAdvancements/]: Ignored advancement 'storagedrawers:recipes/storagedrawers/spruce_trim' in progress file ./world/advancements/4fe36b22-5a9c-4839-9289-3d9d9c53a60d.json - it doesn't exist anymore?
[30Apr2026 21:06:56.945] [Server thread/WARN] [net.minecraft.server.PlayerAdvancements/]: Ignored advancement 'storagedrawers:recipes/storagedrawers/quantify_key' in progress file ./world/advancements/4fe36b22-5a9c-4839-9289-3d9d9c53a60d.json - it doesn't exist anymore?
[30Apr2026 21:06:56.946] [Server thread/WARN] [net.minecraft.server.PlayerAdvancements/]: Ignored advancement 'storagedrawers:recipes/storagedrawers/dark_oak_trim' in progress file ./world/advancements/4fe36b22-5a9c-4839-9289-3d9d9c53a60d.json - it doesn't exist anymore?
[30Apr2026 21:06:56.946] [Server thread/WARN] [net.minecraft.server.PlayerAdvancements/]: Ignored advancement 'storagedrawers:recipes/storagedrawers/balance_fill_upgrade' in progress file ./world/advancements/4fe36b22-5a9c-4839-9289-3d9d9c53a60d.json - it doesn't exist anymore?
[30Apr2026 21:06:56.967] [Server thread/ERROR] [net.minecraft.stats.ServerRecipeBook/]: Tried to load unrecognized recipe: storagedrawers:magnet_upgrade removed now.
[30Apr2026 21:06:56.968] [Server thread/ERROR] [net.minecraft.stats.ServerRecipeBook/]: Tried to load unrecognized recipe: storagedrawers:one_stack_upgrade removed now.
[30Apr2026 21:06:56.968] [Server thread/ERROR] [net.minecraft.stats.ServerRecipeBook/]: Tried to load unrecognized recipe: storagedrawers:oak_half_drawers_1 removed now.
[30Apr2026 21:06:56.968] [Server thread/ERROR] [net.minecraft.stats.ServerRecipeBook/]: Tried to load unrecognized recipe: storagedrawers:oak_half_drawers_2 removed now.
[30Apr2026 21:06:56.968] [Server thread/ERROR] [net.minecraft.stats.ServerRecipeBook/]: Tried to load unrecognized recipe: storagedrawers:oak_half_drawers_4 removed now.
[30Apr2026 21:06:56.968] [Server thread/ERROR] [net.minecraft.stats.ServerRecipeBook/]: Tried to load unrecognized recipe: farmersdelight:basket removed now.
[30Apr2026 21:06:56.969] [Server thread/ERROR] [net.minecraft.stats.ServerRecipeBook/]: Tried to load unrecognized recipe: storagedrawers:crimson_full_drawers_4 removed now.
[30Apr2026 21:06:56.969] [Server thread/ERROR] [net.minecraft.stats.ServerRecipeBook/]: Tried to load unrecognized recipe: storagedrawers:crimson_full_drawers_2 removed now.
[30Apr2026 21:06:56.969] [Server thread/ERROR] [net.minecraft.stats.ServerRecipeBook/]: Tried to load unrecognized recipe: storagedrawers:quantify_key removed now.
[30Apr2026 21:06:56.969] [Server thread/ERROR] [net.minecraft.stats.ServerRecipeBook/]: Tried to load unrecognized recipe: storagedrawers:crimson_full_drawers_1 removed now.
[30Apr2026 21:06:56.969] [Server thread/ERROR] [net.minecraft.stats.ServerRecipeBook/]: Tried to load unrecognized recipe: tinyredstone:tiny_redstone_lamp removed now.
[30Apr2026 21:06:56.970] [Server thread/ERROR] [net.minecraft.stats.ServerRecipeBook/]: Tried to load unrecognized recipe: tinyredstone:tiny_color_selector removed now.
[30Apr2026 21:06:56.970] [Server thread/ERROR] [net.minecraft.stats.ServerRecipeBook/]: Tried to load unrecognized recipe: storagedrawers:priority_key removed now.
[30Apr2026 21:06:56.970] [Server thread/ERROR] [net.minecraft.stats.ServerRecipeBook/]: Tried to load unrecognized recipe: tinyredstone:tiny_super_repeater removed now.
[30Apr2026 21:06:56.970] [Server thread/ERROR] [net.minecraft.stats.ServerRecipeBook/]: Tried to load unrecognized recipe: tinyredstone:block_chopper removed now.
[30Apr2026 21:06:56.971] [Server thread/ERROR] [net.minecraft.stats.ServerRecipeBook/]: Tried to load unrecognized recipe: storagedrawers:crimson_half_drawers_4 removed now.
[30Apr2026 21:06:56.971] [Server thread/ERROR] [net.minecraft.stats.ServerRecipeBook/]: Tried to load unrecognized recipe: storagedrawers:crimson_half_drawers_1 removed now.
[30Apr2026 21:06:56.971] [Server thread/ERROR] [net.minecraft.stats.ServerRecipeBook/]: Tried to load unrecognized recipe: storagedrawers:crimson_half_drawers_2 removed now.
[30Apr2026 21:06:56.971] [Server thread/ERROR] [net.minecraft.stats.ServerRecipeBook/]: Tried to load unrecognized recipe: storagedrawers:gold_storage_upgrade removed now.
[30Apr2026 21:06:56.971] [Server thread/ERROR] [net.minecraft.stats.ServerRecipeBook/]: Tried to load unrecognized recipe: tinyredstone:blueprint_reset removed now.
[30Apr2026 21:06:56.972] [Server thread/ERROR] [net.minecraft.stats.ServerRecipeBook/]: Tried to load unrecognized recipe: storagedrawers:concealment_key removed now.
[30Apr2026 21:06:56.972] [Server thread/ERROR] [net.minecraft.stats.ServerRecipeBook/]: Tried to load unrecognized recipe: tinyredstone:tiny_lever removed now.
[30Apr2026 21:06:56.972] [Server thread/ERROR] [net.minecraft.stats.ServerRecipeBook/]: Tried to load unrecognized recipe: storagedrawers:compacting_half_drawers_2 removed now.
[30Apr2026 21:06:56.972] [Server thread/ERROR] [net.minecraft.stats.ServerRecipeBook/]: Tried to load unrecognized recipe: storagedrawers:compacting_half_drawers_3 removed now.
[30Apr2026 21:06:56.973] [Server thread/ERROR] [net.minecraft.stats.ServerRecipeBook/]: Tried to load unrecognized recipe: storagedrawers:keybutton_drawer removed now.
[30Apr2026 21:06:56.973] [Server thread/ERROR] [net.minecraft.stats.ServerRecipeBook/]: Tried to load unrecognized recipe: storagedrawers:warped_trim removed now.
[30Apr2026 21:06:56.973] [Server thread/ERROR] [net.minecraft.stats.ServerRecipeBook/]: Tried to load unrecognized recipe: storagedrawers:remote_group_upgrade_bound removed now.
[30Apr2026 21:06:56.973] [Server thread/ERROR] [net.minecraft.stats.ServerRecipeBook/]: Tried to load unrecognized recipe: tinyredstone:blueprint removed now.
[30Apr2026 21:06:56.974] [Server thread/ERROR] [net.minecraft.stats.ServerRecipeBook/]: Tried to load unrecognized recipe: storagedrawers:personal_key_cofh removed now.
[30Apr2026 21:06:56.974] [Server thread/ERROR] [net.minecraft.stats.ServerRecipeBook/]: Tried to load unrecognized recipe: storagedrawers:mangrove_trim removed now.
[30Apr2026 21:06:56.974] [Server thread/ERROR] [net.minecraft.stats.ServerRecipeBook/]: Tried to load unrecognized recipe: storagedrawers:jungle_full_drawers_1 removed now.
[30Apr2026 21:06:56.974] [Server thread/ERROR] [net.minecraft.stats.ServerRecipeBook/]: Tried to load unrecognized recipe: storagedrawers:upgrade_template removed now.
[30Apr2026 21:06:56.975] [Server thread/ERROR] [net.minecraft.stats.ServerRecipeBook/]: Tried to load unrecognized recipe: storagedrawers:suspend_key removed now.
[30Apr2026 21:06:56.975] [Server thread/ERROR] [net.minecraft.stats.ServerRecipeBook/]: Tried to load unrecognized recipe: storagedrawers:controller_io removed now.
[30Apr2026 21:06:56.975] [Server thread/ERROR] [net.minecraft.stats.ServerRecipeBook/]: Tried to load unrecognized recipe: tinycreate:tiny_analog_lever removed now.
[30Apr2026 21:06:56.975] [Server thread/ERROR] [net.minecraft.stats.ServerRecipeBook/]: Tried to load unrecognized recipe: storagedrawers:mangrove_full_drawers_4 removed now.
[30Apr2026 21:06:56.976] [Server thread/ERROR] [net.minecraft.stats.ServerRecipeBook/]: Tried to load unrecognized recipe: storagedrawers:mangrove_full_drawers_2 removed now.
[30Apr2026 21:06:56.976] [Server thread/ERROR] [net.minecraft.stats.ServerRecipeBook/]: Tried to load unrecognized recipe: storagedrawers:mangrove_full_drawers_1 removed now.
[30Apr2026 21:06:56.976] [Server thread/ERROR] [net.minecraft.stats.ServerRecipeBook/]: Tried to load unrecognized recipe: storagedrawers:jungle_full_drawers_4 removed now.
[30Apr2026 21:06:56.976] [Server thread/ERROR] [net.minecraft.stats.ServerRecipeBook/]: Tried to load unrecognized recipe: storagedrawers:jungle_full_drawers_2 removed now.
[30Apr2026 21:06:56.977] [Server thread/ERROR] [net.minecraft.stats.ServerRecipeBook/]: Tried to load unrecognized recipe: tinyredstone:tiny_observer removed now.
[30Apr2026 21:06:56.977] [Server thread/ERROR] [net.minecraft.stats.ServerRecipeBook/]: Tried to load unrecognized recipe: storagedrawers:portability_upgrade removed now.
[30Apr2026 21:06:56.977] [Server thread/ERROR] [net.minecraft.stats.ServerRecipeBook/]: Tried to load unrecognized recipe: storagedrawers:spruce_trim removed now.
[30Apr2026 21:06:56.978] [Server thread/ERROR] [net.minecraft.stats.ServerRecipeBook/]: Tried to load unrecognized recipe: storagedrawers:jungle_half_drawers_1 removed now.
[30Apr2026 21:06:56.978] [Server thread/ERROR] [net.minecraft.stats.ServerRecipeBook/]: Tried to load unrecognized recipe: storagedrawers:jungle_half_drawers_4 removed now.
[30Apr2026 21:06:56.978] [Server thread/ERROR] [net.minecraft.stats.ServerRecipeBook/]: Tried to load unrecognized recipe: storagedrawers:jungle_half_drawers_2 removed now.
[30Apr2026 21:06:56.978] [Server thread/ERROR] [net.minecraft.stats.ServerRecipeBook/]: Tried to load unrecognized recipe: storagedrawers:mangrove_half_drawers_2 removed now.
[30Apr2026 21:06:56.979] [Server thread/ERROR] [net.minecraft.stats.ServerRecipeBook/]: Tried to load unrecognized recipe: storagedrawers:mangrove_half_drawers_4 removed now.
[30Apr2026 21:06:56.979] [Server thread/ERROR] [net.minecraft.stats.ServerRecipeBook/]: Tried to load unrecognized recipe: storagedrawers:mangrove_half_drawers_1 removed now.
[30Apr2026 21:06:56.979] [Server thread/ERROR] [net.minecraft.stats.ServerRecipeBook/]: Tried to load unrecognized recipe: storagedrawers:detached_drawer removed now.
[30Apr2026 21:06:56.979] [Server thread/ERROR] [net.minecraft.stats.ServerRecipeBook/]: Tried to load unrecognized recipe: storagedrawers:copper_storage_upgrade removed now.
[30Apr2026 21:06:56.980] [Server thread/ERROR] [net.minecraft.stats.ServerRecipeBook/]: Tried to load unrecognized recipe: storagedrawers:keybutton_quantify removed now.
[30Apr2026 21:06:56.980] [Server thread/ERROR] [net.minecraft.stats.ServerRecipeBook/]: Tried to load unrecognized recipe: storagedrawers:framing_table removed now.
[30Apr2026 21:06:56.980] [Server thread/ERROR] [net.minecraft.stats.ServerRecipeBook/]: Tried to load unrecognized recipe: storagedrawers:compacting_drawers_2 removed now.
[30Apr2026 21:06:56.980] [Server thread/ERROR] [net.minecraft.stats.ServerRecipeBook/]: Tried to load unrecognized recipe: storagedrawers:compacting_drawers_3 removed now.
[30Apr2026 21:06:56.981] [Server thread/ERROR] [net.minecraft.stats.ServerRecipeBook/]: Tried to load unrecognized recipe: storagedrawers:hopper_upgrade removed now.
[30Apr2026 21:06:56.981] [Server thread/ERROR] [net.minecraft.stats.ServerRecipeBook/]: Tried to load unrecognized recipe: storagedrawers:bamboo_trim removed now.
[30Apr2026 21:06:56.981] [Server thread/ERROR] [net.minecraft.stats.ServerRecipeBook/]: Tried to load unrecognized recipe: tinyredstone:tiny_repeater removed now.
[30Apr2026 21:06:56.981] [Server thread/ERROR] [net.minecraft.stats.ServerRecipeBook/]: Tried to load unrecognized recipe: storagedrawers:birch_trim removed now.
[30Apr2026 21:06:56.981] [Server thread/ERROR] [net.minecraft.stats.ServerRecipeBook/]: Tried to load unrecognized recipe: tinyredstone:light_panel_cover removed now.
[30Apr2026 21:06:56.981] [Server thread/ERROR] [net.minecraft.stats.ServerRecipeBook/]: Tried to load unrecognized recipe: tinyredstone:tiny_solid_block removed now.
[30Apr2026 21:06:56.982] [Server thread/ERROR] [net.minecraft.stats.ServerRecipeBook/]: Tried to load unrecognized recipe: tinyredstone:tiny_note_block removed now.
[30Apr2026 21:06:56.982] [Server thread/ERROR] [net.minecraft.stats.ServerRecipeBook/]: Tried to load unrecognized recipe: tinyredstone:tiny_redstone_block removed now.
[30Apr2026 21:06:56.982] [Server thread/ERROR] [net.minecraft.stats.ServerRecipeBook/]: Tried to load unrecognized recipe: storagedrawers:jungle_trim removed now.
[30Apr2026 21:06:56.982] [Server thread/ERROR] [net.minecraft.stats.ServerRecipeBook/]: Tried to load unrecognized recipe: storagedrawers:magnet_upgrade_2 removed now.
[30Apr2026 21:06:56.983] [Server thread/ERROR] [net.minecraft.stats.ServerRecipeBook/]: Tried to load unrecognized recipe: storagedrawers:magnet_upgrade_3 removed now.
[30Apr2026 21:06:56.983] [Server thread/ERROR] [net.minecraft.stats.ServerRecipeBook/]: Tried to load unrecognized recipe: storagedrawers:netherite_storage_upgrade removed now.
[30Apr2026 21:06:56.983] [Server thread/ERROR] [net.minecraft.stats.ServerRecipeBook/]: Tried to load unrecognized recipe: storagedrawers:max_redstone_upgrade removed now.
[30Apr2026 21:06:56.983] [Server thread/ERROR] [net.minecraft.stats.ServerRecipeBook/]: Tried to load unrecognized recipe: storagedrawers:acacia_half_drawers_1 removed now.
[30Apr2026 21:06:56.984] [Server thread/ERROR] [net.minecraft.stats.ServerRecipeBook/]: Tried to load unrecognized recipe: storagedrawers:acacia_half_drawers_2 removed now.
[30Apr2026 21:06:56.984] [Server thread/ERROR] [net.minecraft.stats.ServerRecipeBook/]: Tried to load unrecognized recipe: storagedrawers:acacia_half_drawers_4 removed now.
[30Apr2026 21:06:56.984] [Server thread/ERROR] [net.minecraft.stats.ServerRecipeBook/]: Tried to load unrecognized recipe: storagedrawers:void_upgrade removed now.
[30Apr2026 21:06:56.984] [Server thread/ERROR] [net.minecraft.stats.ServerRecipeBook/]: Tried to load unrecognized recipe: storagedrawers:birch_half_drawers_4 removed now.
[30Apr2026 21:06:56.984] [Server thread/ERROR] [net.minecraft.stats.ServerRecipeBook/]: Tried to load unrecognized recipe: storagedrawers:birch_half_drawers_2 removed now.
[30Apr2026 21:06:56.984] [Server thread/ERROR] [net.minecraft.stats.ServerRecipeBook/]: Tried to load unrecognized recipe: storagedrawers:birch_half_drawers_1 removed now.
[30Apr2026 21:06:56.985] [Server thread/ERROR] [net.minecraft.stats.ServerRecipeBook/]: Tried to load unrecognized recipe: storagedrawers:obsidian_storage_upgrade removed now.
[30Apr2026 21:06:56.985] [Server thread/ERROR] [net.minecraft.stats.ServerRecipeBook/]: Tried to load unrecognized recipe: storagedrawers:oak_trim removed now.
[30Apr2026 21:06:56.985] [Server thread/ERROR] [net.minecraft.stats.ServerRecipeBook/]: Tried to load unrecognized recipe: tinycreate:tiny_eight_segment removed now.
[30Apr2026 21:06:56.986] [Server thread/ERROR] [net.minecraft.stats.ServerRecipeBook/]: Tried to load unrecognized recipe: storagedrawers:drawer_key removed now.
[30Apr2026 21:06:56.986] [Server thread/ERROR] [net.minecraft.stats.ServerRecipeBook/]: Tried to load unrecognized recipe: storagedrawers:acacia_full_drawers_2 removed now.
[30Apr2026 21:06:56.986] [Server thread/ERROR] [net.minecraft.stats.ServerRecipeBook/]: Tried to load unrecognized recipe: storagedrawers:acacia_full_drawers_1 removed now.
[30Apr2026 21:06:56.986] [Server thread/ERROR] [net.minecraft.stats.ServerRecipeBook/]: Tried to load unrecognized recipe: storagedrawers:acacia_full_drawers_4 removed now.
[30Apr2026 21:06:56.986] [Server thread/ERROR] [net.minecraft.stats.ServerRecipeBook/]: Tried to load unrecognized recipe: tinyredstone:tiny_transparent_block removed now.
[30Apr2026 21:06:56.987] [Server thread/ERROR] [net.minecraft.stats.ServerRecipeBook/]: Tried to load unrecognized recipe: storagedrawers:warped_full_drawers_4 removed now.
[30Apr2026 21:06:56.987] [Server thread/ERROR] [net.minecraft.stats.ServerRecipeBook/]: Tried to load unrecognized recipe: storagedrawers:warped_full_drawers_2 removed now.
[30Apr2026 21:06:56.987] [Server thread/ERROR] [net.minecraft.stats.ServerRecipeBook/]: Tried to load unrecognized recipe: storagedrawers:warped_full_drawers_1 removed now.
[30Apr2026 21:06:56.987] [Server thread/ERROR] [net.minecraft.stats.ServerRecipeBook/]: Tried to load unrecognized recipe: storagedrawers:dark_oak_full_drawers_4 removed now.
[30Apr2026 21:06:56.987] [Server thread/ERROR] [net.minecraft.stats.ServerRecipeBook/]: Tried to load unrecognized recipe: storagedrawers:dark_oak_full_drawers_1 removed now.
[30Apr2026 21:06:56.988] [Server thread/ERROR] [net.minecraft.stats.ServerRecipeBook/]: Tried to load unrecognized recipe: storagedrawers:dark_oak_full_drawers_2 removed now.
[30Apr2026 21:06:56.988] [Server thread/ERROR] [net.minecraft.stats.ServerRecipeBook/]: Tried to load unrecognized recipe: tinyredstone:tiny_piston removed now.
[30Apr2026 21:06:56.988] [Server thread/ERROR] [net.minecraft.stats.ServerRecipeBook/]: Tried to load unrecognized recipe: tinyredstone:silicon removed now.
[30Apr2026 21:06:56.988] [Server thread/ERROR] [net.minecraft.stats.ServerRecipeBook/]: Tried to load unrecognized recipe: tinyredstone:tiny_sticky_piston removed now.
[30Apr2026 21:06:56.989] [Server thread/ERROR] [net.minecraft.stats.ServerRecipeBook/]: Tried to load unrecognized recipe: storagedrawers:conversion_upgrade removed now.
[30Apr2026 21:06:56.989] [Server thread/ERROR] [net.minecraft.stats.ServerRecipeBook/]: Tried to load unrecognized recipe: tinyredstone:dark_panel_cover removed now.
[30Apr2026 21:06:56.989] [Server thread/ERROR] [net.minecraft.stats.ServerRecipeBook/]: Tried to load unrecognized recipe: storagedrawers:dark_oak_trim removed now.
[30Apr2026 21:06:56.989] [Server thread/ERROR] [net.minecraft.stats.ServerRecipeBook/]: Tried to load unrecognized recipe: storagedrawers:bamboo_half_drawers_4 removed now.
[30Apr2026 21:06:56.990] [Server thread/ERROR] [net.minecraft.stats.ServerRecipeBook/]: Tried to load unrecognized recipe: storagedrawers:bamboo_half_drawers_1 removed now.
[30Apr2026 21:06:56.990] [Server thread/ERROR] [net.minecraft.stats.ServerRecipeBook/]: Tried to load unrecognized recipe: storagedrawers:bamboo_half_drawers_2 removed now.
[30Apr2026 21:06:56.990] [Server thread/ERROR] [net.minecraft.stats.ServerRecipeBook/]: Tried to load unrecognized recipe: storagedrawers:keybutton_concealment removed now.
[30Apr2026 21:06:56.990] [Server thread/ERROR] [net.minecraft.stats.ServerRecipeBook/]: Tried to load unrecognized recipe: storagedrawers:balanced_fill_upgrade removed now.
[30Apr2026 21:06:56.991] [Server thread/ERROR] [net.minecraft.stats.ServerRecipeBook/]: Tried to load unrecognized recipe: tinyredstone:tiny_redstone_torch removed now.
[30Apr2026 21:06:56.991] [Server thread/ERROR] [net.minecraft.stats.ServerRecipeBook/]: Tried to load unrecognized recipe: storagedrawers:bamboo_full_drawers_4 removed now.
[30Apr2026 21:06:56.991] [Server thread/ERROR] [net.minecraft.stats.ServerRecipeBook/]: Tried to load unrecognized recipe: storagedrawers:bamboo_full_drawers_2 removed now.
[30Apr2026 21:06:56.991] [Server thread/ERROR] [net.minecraft.stats.ServerRecipeBook/]: Tried to load unrecognized recipe: storagedrawers:bamboo_full_drawers_1 removed now.
[30Apr2026 21:06:56.992] [Server thread/ERROR] [net.minecraft.stats.ServerRecipeBook/]: Tried to load unrecognized recipe: tinyredstone:redstone_wrench removed now.
[30Apr2026 21:06:56.992] [Server thread/ERROR] [net.minecraft.stats.ServerRecipeBook/]: Tried to load unrecognized recipe: tinyredstone:tiny_stone_button removed now.
[30Apr2026 21:06:56.992] [Server thread/ERROR] [net.minecraft.stats.ServerRecipeBook/]: Tried to load unrecognized recipe: tinycreate:tiny_redstone_link removed now.
[30Apr2026 21:06:56.992] [Server thread/ERROR] [net.minecraft.stats.ServerRecipeBook/]: Tried to load unrecognized recipe: storagedrawers:drawer_puller removed now.
[30Apr2026 21:06:56.993] [Server thread/ERROR] [net.minecraft.stats.ServerRecipeBook/]: Tried to load unrecognized recipe: storagedrawers:remote_group_upgrade removed now.
[30Apr2026 21:06:56.993] [Server thread/ERROR] [net.minecraft.stats.ServerRecipeBook/]: Tried to load unrecognized recipe: storagedrawers:illumination_upgrade removed now.
[30Apr2026 21:06:56.993] [Server thread/ERROR] [net.minecraft.stats.ServerRecipeBook/]: Tried to load unrecognized recipe: storagedrawers:cherry_trim removed now.
[30Apr2026 21:06:56.993] [Server thread/ERROR] [net.minecraft.stats.ServerRecipeBook/]: Tried to load unrecognized recipe: tinyredstone:tiny_button removed now.
[30Apr2026 21:06:56.994] [Server thread/ERROR] [net.minecraft.stats.ServerRecipeBook/]: Tried to load unrecognized recipe: storagedrawers:crimson_trim removed now.
[30Apr2026 21:06:56.994] [Server thread/ERROR] [net.minecraft.stats.ServerRecipeBook/]: Tried to load unrecognized recipe: storagedrawers:acacia_trim removed now.
[30Apr2026 21:06:56.994] [Server thread/ERROR] [net.minecraft.stats.ServerRecipeBook/]: Tried to load unrecognized recipe: storagedrawers:redstone_upgrade removed now.
[30Apr2026 21:06:56.995] [Server thread/ERROR] [net.minecraft.stats.ServerRecipeBook/]: Tried to load unrecognized recipe: storagedrawers:diamond_storage_upgrade removed now.
[30Apr2026 21:06:56.995] [Server thread/ERROR] [net.minecraft.stats.ServerRecipeBook/]: Tried to load unrecognized recipe: tinyredstone:tiny_comparator removed now.
[30Apr2026 21:06:56.995] [Server thread/ERROR] [net.minecraft.stats.ServerRecipeBook/]: Tried to load unrecognized recipe: storagedrawers:fill_level_upgrade removed now.
[30Apr2026 21:06:56.995] [Server thread/ERROR] [net.minecraft.stats.ServerRecipeBook/]: Tried to load unrecognized recipe: storagedrawers:spruce_full_drawers_2 removed now.
[30Apr2026 21:06:56.995] [Server thread/ERROR] [net.minecraft.stats.ServerRecipeBook/]: Tried to load unrecognized recipe: storagedrawers:spruce_full_drawers_1 removed now.
[30Apr2026 21:06:56.996] [Server thread/ERROR] [net.minecraft.stats.ServerRecipeBook/]: Tried to load unrecognized recipe: storagedrawers:spruce_full_drawers_4 removed now.
[30Apr2026 21:06:56.996] [Server thread/ERROR] [net.minecraft.stats.ServerRecipeBook/]: Tried to load unrecognized recipe: tinyredstone:tiny_redstone_bridge removed now.
[30Apr2026 21:06:56.996] [Server thread/ERROR] [net.minecraft.stats.ServerRecipeBook/]: Tried to load unrecognized recipe: storagedrawers:remote_group_upgrade_inc removed now.
[30Apr2026 21:06:56.996] [Server thread/ERROR] [net.minecraft.stats.ServerRecipeBook/]: Tried to load unrecognized recipe: storagedrawers:emerald_storage_upgrade removed now.
[30Apr2026 21:06:56.997] [Server thread/ERROR] [net.minecraft.stats.ServerRecipeBook/]: Tried to load unrecognized recipe: storagedrawers:keyring removed now.
[30Apr2026 21:06:56.997] [Server thread/ERROR] [net.minecraft.stats.ServerRecipeBook/]: Tried to load unrecognized recipe: storagedrawers:iron_storage_upgrade removed now.
[30Apr2026 21:06:56.997] [Server thread/ERROR] [net.minecraft.stats.ServerRecipeBook/]: Tried to load unrecognized recipe: storagedrawers:cherry_full_drawers_1 removed now.
[30Apr2026 21:06:56.997] [Server thread/ERROR] [net.minecraft.stats.ServerRecipeBook/]: Tried to load unrecognized recipe: storagedrawers:cherry_full_drawers_2 removed now.
[30Apr2026 21:06:56.997] [Server thread/ERROR] [net.minecraft.stats.ServerRecipeBook/]: Tried to load unrecognized recipe: storagedrawers:cherry_full_drawers_4 removed now.
[30Apr2026 21:06:56.998] [Server thread/ERROR] [net.minecraft.stats.ServerRecipeBook/]: Tried to load unrecognized recipe: storagedrawers:min_redstone_upgrade removed now.
[30Apr2026 21:06:56.998] [Server thread/ERROR] [net.minecraft.stats.ServerRecipeBook/]: Tried to load unrecognized recipe: storagedrawers:spruce_half_drawers_1 removed now.
[30Apr2026 21:06:56.998] [Server thread/ERROR] [net.minecraft.stats.ServerRecipeBook/]: Tried to load unrecognized recipe: storagedrawers:spruce_half_drawers_2 removed now.
[30Apr2026 21:06:56.998] [Server thread/ERROR] [net.minecraft.stats.ServerRecipeBook/]: Tried to load unrecognized recipe: storagedrawers:personal_key removed now.
[30Apr2026 21:06:56.999] [Server thread/ERROR] [net.minecraft.stats.ServerRecipeBook/]: Tried to load unrecognized recipe: storagedrawers:remote_upgrade removed now.
[30Apr2026 21:06:56.999] [Server thread/ERROR] [net.minecraft.stats.ServerRecipeBook/]: Tried to load unrecognized recipe: storagedrawers:warped_half_drawers_4 removed now.
[30Apr2026 21:06:56.999] [Server thread/ERROR] [net.minecraft.stats.ServerRecipeBook/]: Tried to load unrecognized recipe: storagedrawers:warped_half_drawers_1 removed now.
[30Apr2026 21:06:56.999] [Server thread/ERROR] [net.minecraft.stats.ServerRecipeBook/]: Tried to load unrecognized recipe: storagedrawers:warped_half_drawers_2 removed now.
[30Apr2026 21:06:56.999] [Server thread/ERROR] [net.minecraft.stats.ServerRecipeBook/]: Tried to load unrecognized recipe: storagedrawers:dark_oak_half_drawers_1 removed now.
[30Apr2026 21:06:56.999] [Server thread/ERROR] [net.minecraft.stats.ServerRecipeBook/]: Tried to load unrecognized recipe: storagedrawers:dark_oak_half_drawers_2 removed now.
[30Apr2026 21:06:57.000] [Server thread/ERROR] [net.minecraft.stats.ServerRecipeBook/]: Tried to load unrecognized recipe: storagedrawers:dark_oak_half_drawers_4 removed now.
[30Apr2026 21:06:57.000] [Server thread/ERROR] [net.minecraft.stats.ServerRecipeBook/]: Tried to load unrecognized recipe: storagedrawers:oak_full_drawers_1 removed now.
[30Apr2026 21:06:57.000] [Server thread/ERROR] [net.minecraft.stats.ServerRecipeBook/]: Tried to load unrecognized recipe: storagedrawers:oak_full_drawers_4 removed now.
[30Apr2026 21:06:57.000] [Server thread/ERROR] [net.minecraft.stats.ServerRecipeBook/]: Tried to load unrecognized recipe: storagedrawers:oak_full_drawers_2 removed now.
[30Apr2026 21:06:57.000] [Server thread/ERROR] [net.minecraft.stats.ServerRecipeBook/]: Tried to load unrecognized recipe: storagedrawers:spruce_half_drawers_4 removed now.
[30Apr2026 21:06:57.001] [Server thread/ERROR] [net.minecraft.stats.ServerRecipeBook/]: Tried to load unrecognized recipe: tinyredstone:redstone_panel removed now.
[30Apr2026 21:06:57.001] [Server thread/ERROR] [net.minecraft.stats.ServerRecipeBook/]: Tried to load unrecognized recipe: tinyredstone:trimming_panel_cover removed now.
[30Apr2026 21:06:57.001] [Server thread/ERROR] [net.minecraft.stats.ServerRecipeBook/]: Tried to load unrecognized recipe: storagedrawers:controller removed now.
[30Apr2026 21:06:57.001] [Server thread/ERROR] [net.minecraft.stats.ServerRecipeBook/]: Tried to load unrecognized recipe: tinyredstone:silicon_compound removed now.
[30Apr2026 21:06:57.002] [Server thread/ERROR] [net.minecraft.stats.ServerRecipeBook/]: Tried to load unrecognized recipe: storagedrawers:cherry_half_drawers_4 removed now.
[30Apr2026 21:06:57.002] [Server thread/ERROR] [net.minecraft.stats.ServerRecipeBook/]: Tried to load unrecognized recipe: storagedrawers:cherry_half_drawers_2 removed now.
[30Apr2026 21:06:57.002] [Server thread/ERROR] [net.minecraft.stats.ServerRecipeBook/]: Tried to load unrecognized recipe: storagedrawers:cherry_half_drawers_1 removed now.
[30Apr2026 21:06:57.002] [Server thread/ERROR] [net.minecraft.stats.ServerRecipeBook/]: Tried to load unrecognized recipe: tinyredstone:tiny_redstone removed now.
[30Apr2026 21:06:57.003] [Server thread/ERROR] [net.minecraft.stats.ServerRecipeBook/]: Tried to load unrecognized recipe: storagedrawers:birch_full_drawers_1 removed now.
[30Apr2026 21:06:57.003] [Server thread/ERROR] [net.minecraft.stats.ServerRecipeBook/]: Tried to load unrecognized recipe: storagedrawers:birch_full_drawers_2 removed now.
[30Apr2026 21:06:57.003] [Server thread/ERROR] [net.minecraft.stats.ServerRecipeBook/]: Tried to load unrecognized recipe: storagedrawers:birch_full_drawers_4 removed now.
[30Apr2026 21:06:57.003] [Server thread/ERROR] [net.minecraft.stats.ServerRecipeBook/]: Tried to load unrecognized recipe: storagedrawers:magnet_upgrade removed now.
[30Apr2026 21:06:57.003] [Server thread/ERROR] [net.minecraft.stats.ServerRecipeBook/]: Tried to load unrecognized recipe: storagedrawers:one_stack_upgrade removed now.
[30Apr2026 21:06:57.004] [Server thread/ERROR] [net.minecraft.stats.ServerRecipeBook/]: Tried to load unrecognized recipe: storagedrawers:oak_half_drawers_1 removed now.
[30Apr2026 21:06:57.004] [Server thread/ERROR] [net.minecraft.stats.ServerRecipeBook/]: Tried to load unrecognized recipe: storagedrawers:oak_half_drawers_2 removed now.
[30Apr2026 21:06:57.004] [Server thread/ERROR] [net.minecraft.stats.ServerRecipeBook/]: Tried to load unrecognized recipe: storagedrawers:oak_half_drawers_4 removed now.
[30Apr2026 21:06:57.004] [Server thread/ERROR] [net.minecraft.stats.ServerRecipeBook/]: Tried to load unrecognized recipe: farmersdelight:basket removed now.
[30Apr2026 21:06:57.005] [Server thread/ERROR] [net.minecraft.stats.ServerRecipeBook/]: Tried to load unrecognized recipe: storagedrawers:crimson_full_drawers_4 removed now.
[30Apr2026 21:06:57.005] [Server thread/ERROR] [net.minecraft.stats.ServerRecipeBook/]: Tried to load unrecognized recipe: storagedrawers:crimson_full_drawers_2 removed now.
[30Apr2026 21:06:57.005] [Server thread/ERROR] [net.minecraft.stats.ServerRecipeBook/]: Tried to load unrecognized recipe: storagedrawers:quantify_key removed now.
[30Apr2026 21:06:57.005] [Server thread/ERROR] [net.minecraft.stats.ServerRecipeBook/]: Tried to load unrecognized recipe: storagedrawers:crimson_full_drawers_1 removed now.
[30Apr2026 21:06:57.005] [Server thread/ERROR] [net.minecraft.stats.ServerRecipeBook/]: Tried to load unrecognized recipe: tinyredstone:tiny_redstone_lamp removed now.
[30Apr2026 21:06:57.005] [Server thread/ERROR] [net.minecraft.stats.ServerRecipeBook/]: Tried to load unrecognized recipe: tinyredstone:tiny_color_selector removed now.
[30Apr2026 21:06:57.006] [Server thread/ERROR] [net.minecraft.stats.ServerRecipeBook/]: Tried to load unrecognized recipe: storagedrawers:priority_key removed now.
[30Apr2026 21:06:57.006] [Server thread/ERROR] [net.minecraft.stats.ServerRecipeBook/]: Tried to load unrecognized recipe: tinyredstone:tiny_super_repeater removed now.
[30Apr2026 21:06:57.006] [Server thread/ERROR] [net.minecraft.stats.ServerRecipeBook/]: Tried to load unrecognized recipe: tinyredstone:block_chopper removed now.
[30Apr2026 21:06:57.006] [Server thread/ERROR] [net.minecraft.stats.ServerRecipeBook/]: Tried to load unrecognized recipe: storagedrawers:crimson_half_drawers_4 removed now.
[30Apr2026 21:06:57.007] [Server thread/ERROR] [net.minecraft.stats.ServerRecipeBook/]: Tried to load unrecognized recipe: storagedrawers:crimson_half_drawers_1 removed now.
[30Apr2026 21:06:57.007] [Server thread/ERROR] [net.minecraft.stats.ServerRecipeBook/]: Tried to load unrecognized recipe: storagedrawers:crimson_half_drawers_2 removed now.
[30Apr2026 21:06:57.007] [Server thread/ERROR] [net.minecraft.stats.ServerRecipeBook/]: Tried to load unrecognized recipe: storagedrawers:gold_storage_upgrade removed now.
[30Apr2026 21:06:57.007] [Server thread/ERROR] [net.minecraft.stats.ServerRecipeBook/]: Tried to load unrecognized recipe: tinyredstone:blueprint_reset removed now.
[30Apr2026 21:06:57.008] [Server thread/ERROR] [net.minecraft.stats.ServerRecipeBook/]: Tried to load unrecognized recipe: storagedrawers:concealment_key removed now.
[30Apr2026 21:06:57.008] [Server thread/ERROR] [net.minecraft.stats.ServerRecipeBook/]: Tried to load unrecognized recipe: tinyredstone:tiny_lever removed now.
[30Apr2026 21:06:57.008] [Server thread/ERROR] [net.minecraft.stats.ServerRecipeBook/]: Tried to load unrecognized recipe: storagedrawers:compacting_half_drawers_2 removed now.
[30Apr2026 21:06:57.009] [Server thread/ERROR] [net.minecraft.stats.ServerRecipeBook/]: Tried to load unrecognized recipe: storagedrawers:compacting_half_drawers_3 removed now.
[30Apr2026 21:06:57.009] [Server thread/ERROR] [net.minecraft.stats.ServerRecipeBook/]: Tried to load unrecognized recipe: storagedrawers:keybutton_drawer removed now.
[30Apr2026 21:06:57.009] [Server thread/ERROR] [net.minecraft.stats.ServerRecipeBook/]: Tried to load unrecognized recipe: storagedrawers:warped_trim removed now.
[30Apr2026 21:06:57.009] [Server thread/ERROR] [net.minecraft.stats.ServerRecipeBook/]: Tried to load unrecognized recipe: storagedrawers:remote_group_upgrade_bound removed now.
[30Apr2026 21:06:57.009] [Server thread/ERROR] [net.minecraft.stats.ServerRecipeBook/]: Tried to load unrecognized recipe: tinyredstone:blueprint removed now.
[30Apr2026 21:06:57.010] [Server thread/ERROR] [net.minecraft.stats.ServerRecipeBook/]: Tried to load unrecognized recipe: storagedrawers:personal_key_cofh removed now.
[30Apr2026 21:06:57.010] [Server thread/ERROR] [net.minecraft.stats.ServerRecipeBook/]: Tried to load unrecognized recipe: storagedrawers:mangrove_trim removed now.
[30Apr2026 21:06:57.011] [Server thread/ERROR] [net.minecraft.stats.ServerRecipeBook/]: Tried to load unrecognized recipe: storagedrawers:jungle_full_drawers_1 removed now.
[30Apr2026 21:06:57.011] [Server thread/ERROR] [net.minecraft.stats.ServerRecipeBook/]: Tried to load unrecognized recipe: storagedrawers:upgrade_template removed now.
[30Apr2026 21:06:57.011] [Server thread/ERROR] [net.minecraft.stats.ServerRecipeBook/]: Tried to load unrecognized recipe: storagedrawers:suspend_key removed now.
[30Apr2026 21:06:57.011] [Server thread/ERROR] [net.minecraft.stats.ServerRecipeBook/]: Tried to load unrecognized recipe: storagedrawers:controller_io removed now.
[30Apr2026 21:06:57.012] [Server thread/ERROR] [net.minecraft.stats.ServerRecipeBook/]: Tried to load unrecognized recipe: tinycreate:tiny_analog_lever removed now.
[30Apr2026 21:06:57.012] [Server thread/ERROR] [net.minecraft.stats.ServerRecipeBook/]: Tried to load unrecognized recipe: storagedrawers:mangrove_full_drawers_4 removed now.
[30Apr2026 21:06:57.012] [Server thread/ERROR] [net.minecraft.stats.ServerRecipeBook/]: Tried to load unrecognized recipe: storagedrawers:mangrove_full_drawers_2 removed now.
[30Apr2026 21:06:57.012] [Server thread/ERROR] [net.minecraft.stats.ServerRecipeBook/]: Tried to load unrecognized recipe: storagedrawers:mangrove_full_drawers_1 removed now.
[30Apr2026 21:06:57.012] [Server thread/ERROR] [net.minecraft.stats.ServerRecipeBook/]: Tried to load unrecognized recipe: storagedrawers:jungle_full_drawers_4 removed now.
[30Apr2026 21:06:57.013] [Server thread/ERROR] [net.minecraft.stats.ServerRecipeBook/]: Tried to load unrecognized recipe: storagedrawers:jungle_full_drawers_2 removed now.
[30Apr2026 21:06:57.013] [Server thread/ERROR] [net.minecraft.stats.ServerRecipeBook/]: Tried to load unrecognized recipe: tinyredstone:tiny_observer removed now.
[30Apr2026 21:06:57.013] [Server thread/ERROR] [net.minecraft.stats.ServerRecipeBook/]: Tried to load unrecognized recipe: storagedrawers:portability_upgrade removed now.
[30Apr2026 21:06:57.014] [Server thread/ERROR] [net.minecraft.stats.ServerRecipeBook/]: Tried to load unrecognized recipe: storagedrawers:spruce_trim removed now.
[30Apr2026 21:06:57.014] [Server thread/ERROR] [net.minecraft.stats.ServerRecipeBook/]: Tried to load unrecognized recipe: storagedrawers:jungle_half_drawers_1 removed now.
[30Apr2026 21:06:57.014] [Server thread/ERROR] [net.minecraft.stats.ServerRecipeBook/]: Tried to load unrecognized recipe: storagedrawers:jungle_half_drawers_4 removed now.
[30Apr2026 21:06:57.014] [Server thread/ERROR] [net.minecraft.stats.ServerRecipeBook/]: Tried to load unrecognized recipe: storagedrawers:jungle_half_drawers_2 removed now.
[30Apr2026 21:06:57.015] [Server thread/ERROR] [net.minecraft.stats.ServerRecipeBook/]: Tried to load unrecognized recipe: storagedrawers:mangrove_half_drawers_2 removed now.
[30Apr2026 21:06:57.015] [Server thread/ERROR] [net.minecraft.stats.ServerRecipeBook/]: Tried to load unrecognized recipe: storagedrawers:mangrove_half_drawers_4 removed now.
[30Apr2026 21:06:57.015] [Server thread/ERROR] [net.minecraft.stats.ServerRecipeBook/]: Tried to load unrecognized recipe: storagedrawers:mangrove_half_drawers_1 removed now.
[30Apr2026 21:06:57.015] [Server thread/ERROR] [net.minecraft.stats.ServerRecipeBook/]: Tried to load unrecognized recipe: storagedrawers:detached_drawer removed now.
[30Apr2026 21:06:57.016] [Server thread/ERROR] [net.minecraft.stats.ServerRecipeBook/]: Tried to load unrecognized recipe: storagedrawers:copper_storage_upgrade removed now.
[30Apr2026 21:06:57.016] [Server thread/ERROR] [net.minecraft.stats.ServerRecipeBook/]: Tried to load unrecognized recipe: storagedrawers:keybutton_quantify removed now.
[30Apr2026 21:06:57.016] [Server thread/ERROR] [net.minecraft.stats.ServerRecipeBook/]: Tried to load unrecognized recipe: storagedrawers:framing_table removed now.
[30Apr2026 21:06:57.017] [Server thread/ERROR] [net.minecraft.stats.ServerRecipeBook/]: Tried to load unrecognized recipe: storagedrawers:compacting_drawers_2 removed now.
[30Apr2026 21:06:57.017] [Server thread/ERROR] [net.minecraft.stats.ServerRecipeBook/]: Tried to load unrecognized recipe: storagedrawers:compacting_drawers_3 removed now.
[30Apr2026 21:06:57.017] [Server thread/ERROR] [net.minecraft.stats.ServerRecipeBook/]: Tried to load unrecognized recipe: storagedrawers:hopper_upgrade removed now.
[30Apr2026 21:06:57.017] [Server thread/ERROR] [net.minecraft.stats.ServerRecipeBook/]: Tried to load unrecognized recipe: storagedrawers:bamboo_trim removed now.
[30Apr2026 21:06:57.018] [Server thread/ERROR] [net.minecraft.stats.ServerRecipeBook/]: Tried to load unrecognized recipe: tinyredstone:tiny_repeater removed now.
[30Apr2026 21:06:57.018] [Server thread/ERROR] [net.minecraft.stats.ServerRecipeBook/]: Tried to load unrecognized recipe: storagedrawers:birch_trim removed now.
[30Apr2026 21:06:57.018] [Server thread/ERROR] [net.minecraft.stats.ServerRecipeBook/]: Tried to load unrecognized recipe: tinyredstone:light_panel_cover removed now.
[30Apr2026 21:06:57.018] [Server thread/ERROR] [net.minecraft.stats.ServerRecipeBook/]: Tried to load unrecognized recipe: tinyredstone:tiny_solid_block removed now.
[30Apr2026 21:06:57.018] [Server thread/ERROR] [net.minecraft.stats.ServerRecipeBook/]: Tried to load unrecognized recipe: tinyredstone:tiny_note_block removed now.
[30Apr2026 21:06:57.019] [Server thread/ERROR] [net.minecraft.stats.ServerRecipeBook/]: Tried to load unrecognized recipe: tinyredstone:tiny_redstone_block removed now.
[30Apr2026 21:06:57.019] [Server thread/ERROR] [net.minecraft.stats.ServerRecipeBook/]: Tried to load unrecognized recipe: storagedrawers:jungle_trim removed now.
[30Apr2026 21:06:57.019] [Server thread/ERROR] [net.minecraft.stats.ServerRecipeBook/]: Tried to load unrecognized recipe: storagedrawers:magnet_upgrade_2 removed now.
[30Apr2026 21:06:57.020] [Server thread/ERROR] [net.minecraft.stats.ServerRecipeBook/]: Tried to load unrecognized recipe: storagedrawers:magnet_upgrade_3 removed now.
[30Apr2026 21:06:57.020] [Server thread/ERROR] [net.minecraft.stats.ServerRecipeBook/]: Tried to load unrecognized recipe: storagedrawers:netherite_storage_upgrade removed now.
[30Apr2026 21:06:57.020] [Server thread/ERROR] [net.minecraft.stats.ServerRecipeBook/]: Tried to load unrecognized recipe: storagedrawers:max_redstone_upgrade removed now.
[30Apr2026 21:06:57.020] [Server thread/ERROR] [net.minecraft.stats.ServerRecipeBook/]: Tried to load unrecognized recipe: storagedrawers:acacia_half_drawers_1 removed now.
[30Apr2026 21:06:57.021] [Server thread/ERROR] [net.minecraft.stats.ServerRecipeBook/]: Tried to load unrecognized recipe: storagedrawers:acacia_half_drawers_2 removed now.
[30Apr2026 21:06:57.021] [Server thread/ERROR] [net.minecraft.stats.ServerRecipeBook/]: Tried to load unrecognized recipe: storagedrawers:acacia_half_drawers_4 removed now.
[30Apr2026 21:06:57.021] [Server thread/ERROR] [net.minecraft.stats.ServerRecipeBook/]: Tried to load unrecognized recipe: storagedrawers:void_upgrade removed now.
[30Apr2026 21:06:57.021] [Server thread/ERROR] [net.minecraft.stats.ServerRecipeBook/]: Tried to load unrecognized recipe: storagedrawers:birch_half_drawers_4 removed now.
[30Apr2026 21:06:57.021] [Server thread/ERROR] [net.minecraft.stats.ServerRecipeBook/]: Tried to load unrecognized recipe: storagedrawers:birch_half_drawers_2 removed now.
[30Apr2026 21:06:57.022] [Server thread/ERROR] [net.minecraft.stats.ServerRecipeBook/]: Tried to load unrecognized recipe: storagedrawers:birch_half_drawers_1 removed now.
[30Apr2026 21:06:57.022] [Server thread/ERROR] [net.minecraft.stats.ServerRecipeBook/]: Tried to load unrecognized recipe: storagedrawers:obsidian_storage_upgrade removed now.
[30Apr2026 21:06:57.022] [Server thread/ERROR] [net.minecraft.stats.ServerRecipeBook/]: Tried to load unrecognized recipe: storagedrawers:oak_trim removed now.
[30Apr2026 21:06:57.023] [Server thread/ERROR] [net.minecraft.stats.ServerRecipeBook/]: Tried to load unrecognized recipe: tinycreate:tiny_eight_segment removed now.
[30Apr2026 21:06:57.023] [Server thread/ERROR] [net.minecraft.stats.ServerRecipeBook/]: Tried to load unrecognized recipe: storagedrawers:drawer_key removed now.
[30Apr2026 21:06:57.023] [Server thread/ERROR] [net.minecraft.stats.ServerRecipeBook/]: Tried to load unrecognized recipe: storagedrawers:acacia_full_drawers_2 removed now.
[30Apr2026 21:06:57.023] [Server thread/ERROR] [net.minecraft.stats.ServerRecipeBook/]: Tried to load unrecognized recipe: storagedrawers:acacia_full_drawers_1 removed now.
[30Apr2026 21:06:57.023] [Server thread/ERROR] [net.minecraft.stats.ServerRecipeBook/]: Tried to load unrecognized recipe: storagedrawers:acacia_full_drawers_4 removed now.
[30Apr2026 21:06:57.024] [Server thread/ERROR] [net.minecraft.stats.ServerRecipeBook/]: Tried to load unrecognized recipe: tinyredstone:tiny_transparent_block removed now.
[30Apr2026 21:06:57.024] [Server thread/ERROR] [net.minecraft.stats.ServerRecipeBook/]: Tried to load unrecognized recipe: storagedrawers:warped_full_drawers_4 removed now.
[30Apr2026 21:06:57.024] [Server thread/ERROR] [net.minecraft.stats.ServerRecipeBook/]: Tried to load unrecognized recipe: storagedrawers:warped_full_drawers_2 removed now.
[30Apr2026 21:06:57.024] [Server thread/ERROR] [net.minecraft.stats.ServerRecipeBook/]: Tried to load unrecognized recipe: storagedrawers:warped_full_drawers_1 removed now.
[30Apr2026 21:06:57.024] [Server thread/ERROR] [net.minecraft.stats.ServerRecipeBook/]: Tried to load unrecognized recipe: storagedrawers:dark_oak_full_drawers_4 removed now.
[30Apr2026 21:06:57.025] [Server thread/ERROR] [net.minecraft.stats.ServerRecipeBook/]: Tried to load unrecognized recipe: storagedrawers:dark_oak_full_drawers_1 removed now.
[30Apr2026 21:06:57.025] [Server thread/ERROR] [net.minecraft.stats.ServerRecipeBook/]: Tried to load unrecognized recipe: storagedrawers:dark_oak_full_drawers_2 removed now.
[30Apr2026 21:06:57.025] [Server thread/ERROR] [net.minecraft.stats.ServerRecipeBook/]: Tried to load unrecognized recipe: tinyredstone:tiny_piston removed now.
[30Apr2026 21:06:57.025] [Server thread/ERROR] [net.minecraft.stats.ServerRecipeBook/]: Tried to load unrecognized recipe: tinyredstone:silicon removed now.
[30Apr2026 21:06:57.025] [Server thread/ERROR] [net.minecraft.stats.ServerRecipeBook/]: Tried to load unrecognized recipe: tinyredstone:tiny_sticky_piston removed now.
[30Apr2026 21:06:57.026] [Server thread/ERROR] [net.minecraft.stats.ServerRecipeBook/]: Tried to load unrecognized recipe: storagedrawers:conversion_upgrade removed now.
[30Apr2026 21:06:57.026] [Server thread/ERROR] [net.minecraft.stats.ServerRecipeBook/]: Tried to load unrecognized recipe: tinyredstone:dark_panel_cover removed now.
[30Apr2026 21:06:57.026] [Server thread/ERROR] [net.minecraft.stats.ServerRecipeBook/]: Tried to load unrecognized recipe: storagedrawers:dark_oak_trim removed now.
[30Apr2026 21:06:57.026] [Server thread/ERROR] [net.minecraft.stats.ServerRecipeBook/]: Tried to load unrecognized recipe: storagedrawers:bamboo_half_drawers_4 removed now.
[30Apr2026 21:06:57.027] [Server thread/ERROR] [net.minecraft.stats.ServerRecipeBook/]: Tried to load unrecognized recipe: storagedrawers:bamboo_half_drawers_1 removed now.
[30Apr2026 21:06:57.027] [Server thread/ERROR] [net.minecraft.stats.ServerRecipeBook/]: Tried to load unrecognized recipe: storagedrawers:bamboo_half_drawers_2 removed now.
[30Apr2026 21:06:57.027] [Server thread/ERROR] [net.minecraft.stats.ServerRecipeBook/]: Tried to load unrecognized recipe: storagedrawers:keybutton_concealment removed now.
[30Apr2026 21:06:57.027] [Server thread/ERROR] [net.minecraft.stats.ServerRecipeBook/]: Tried to load unrecognized recipe: storagedrawers:balanced_fill_upgrade removed now.
[30Apr2026 21:06:57.028] [Server thread/ERROR] [net.minecraft.stats.ServerRecipeBook/]: Tried to load unrecognized recipe: tinyredstone:tiny_redstone_torch removed now.
[30Apr2026 21:06:57.028] [Server thread/ERROR] [net.minecraft.stats.ServerRecipeBook/]: Tried to load unrecognized recipe: storagedrawers:bamboo_full_drawers_4 removed now.
[30Apr2026 21:06:57.028] [Server thread/ERROR] [net.minecraft.stats.ServerRecipeBook/]: Tried to load unrecognized recipe: storagedrawers:bamboo_full_drawers_2 removed now.
[30Apr2026 21:06:57.028] [Server thread/ERROR] [net.minecraft.stats.ServerRecipeBook/]: Tried to load unrecognized recipe: storagedrawers:bamboo_full_drawers_1 removed now.
[30Apr2026 21:06:57.028] [Server thread/ERROR] [net.minecraft.stats.ServerRecipeBook/]: Tried to load unrecognized recipe: tinyredstone:redstone_wrench removed now.
[30Apr2026 21:06:57.029] [Server thread/ERROR] [net.minecraft.stats.ServerRecipeBook/]: Tried to load unrecognized recipe: tinyredstone:tiny_stone_button removed now.
[30Apr2026 21:06:57.029] [Server thread/ERROR] [net.minecraft.stats.ServerRecipeBook/]: Tried to load unrecognized recipe: tinycreate:tiny_redstone_link removed now.
[30Apr2026 21:06:57.029] [Server thread/ERROR] [net.minecraft.stats.ServerRecipeBook/]: Tried to load unrecognized recipe: storagedrawers:drawer_puller removed now.
[30Apr2026 21:06:57.029] [Server thread/ERROR] [net.minecraft.stats.ServerRecipeBook/]: Tried to load unrecognized recipe: storagedrawers:remote_group_upgrade removed now.
[30Apr2026 21:06:57.030] [Server thread/ERROR] [net.minecraft.stats.ServerRecipeBook/]: Tried to load unrecognized recipe: storagedrawers:illumination_upgrade removed now.
[30Apr2026 21:06:57.030] [Server thread/ERROR] [net.minecraft.stats.ServerRecipeBook/]: Tried to load unrecognized recipe: storagedrawers:cherry_trim removed now.
[30Apr2026 21:06:57.030] [Server thread/ERROR] [net.minecraft.stats.ServerRecipeBook/]: Tried to load unrecognized recipe: tinyredstone:tiny_button removed now.
[30Apr2026 21:06:57.030] [Server thread/ERROR] [net.minecraft.stats.ServerRecipeBook/]: Tried to load unrecognized recipe: storagedrawers:crimson_trim removed now.
[30Apr2026 21:06:57.031] [Server thread/ERROR] [net.minecraft.stats.ServerRecipeBook/]: Tried to load unrecognized recipe: storagedrawers:acacia_trim removed now.
[30Apr2026 21:06:57.031] [Server thread/ERROR] [net.minecraft.stats.ServerRecipeBook/]: Tried to load unrecognized recipe: storagedrawers:redstone_upgrade removed now.
[30Apr2026 21:06:57.031] [Server thread/ERROR] [net.minecraft.stats.ServerRecipeBook/]: Tried to load unrecognized recipe: storagedrawers:diamond_storage_upgrade removed now.
[30Apr2026 21:06:57.031] [Server thread/ERROR] [net.minecraft.stats.ServerRecipeBook/]: Tried to load unrecognized recipe: tinyredstone:tiny_comparator removed now.
[30Apr2026 21:06:57.032] [Server thread/ERROR] [net.minecraft.stats.ServerRecipeBook/]: Tried to load unrecognized recipe: storagedrawers:fill_level_upgrade removed now.
[30Apr2026 21:06:57.032] [Server thread/ERROR] [net.minecraft.stats.ServerRecipeBook/]: Tried to load unrecognized recipe: storagedrawers:spruce_full_drawers_2 removed now.
[30Apr2026 21:06:57.032] [Server thread/ERROR] [net.minecraft.stats.ServerRecipeBook/]: Tried to load unrecognized recipe: storagedrawers:spruce_full_drawers_1 removed now.
[30Apr2026 21:06:57.032] [Server thread/ERROR] [net.minecraft.stats.ServerRecipeBook/]: Tried to load unrecognized recipe: storagedrawers:spruce_full_drawers_4 removed now.
[30Apr2026 21:06:57.033] [Server thread/ERROR] [net.minecraft.stats.ServerRecipeBook/]: Tried to load unrecognized recipe: tinyredstone:tiny_redstone_bridge removed now.
[30Apr2026 21:06:57.033] [Server thread/ERROR] [net.minecraft.stats.ServerRecipeBook/]: Tried to load unrecognized recipe: storagedrawers:remote_group_upgrade_inc removed now.
[30Apr2026 21:06:57.033] [Server thread/ERROR] [net.minecraft.stats.ServerRecipeBook/]: Tried to load unrecognized recipe: storagedrawers:emerald_storage_upgrade removed now.
[30Apr2026 21:06:57.033] [Server thread/ERROR] [net.minecraft.stats.ServerRecipeBook/]: Tried to load unrecognized recipe: storagedrawers:keyring removed now.
[30Apr2026 21:06:57.033] [Server thread/ERROR] [net.minecraft.stats.ServerRecipeBook/]: Tried to load unrecognized recipe: storagedrawers:iron_storage_upgrade removed now.
[30Apr2026 21:06:57.034] [Server thread/ERROR] [net.minecraft.stats.ServerRecipeBook/]: Tried to load unrecognized recipe: storagedrawers:cherry_full_drawers_1 removed now.
[30Apr2026 21:06:57.034] [Server thread/ERROR] [net.minecraft.stats.ServerRecipeBook/]: Tried to load unrecognized recipe: storagedrawers:cherry_full_drawers_2 removed now.
[30Apr2026 21:06:57.034] [Server thread/ERROR] [net.minecraft.stats.ServerRecipeBook/]: Tried to load unrecognized recipe: storagedrawers:cherry_full_drawers_4 removed now.
[30Apr2026 21:06:57.034] [Server thread/ERROR] [net.minecraft.stats.ServerRecipeBook/]: Tried to load unrecognized recipe: storagedrawers:min_redstone_upgrade removed now.
[30Apr2026 21:06:57.035] [Server thread/ERROR] [net.minecraft.stats.ServerRecipeBook/]: Tried to load unrecognized recipe: storagedrawers:spruce_half_drawers_1 removed now.
[30Apr2026 21:06:57.035] [Server thread/ERROR] [net.minecraft.stats.ServerRecipeBook/]: Tried to load unrecognized recipe: storagedrawers:spruce_half_drawers_2 removed now.
[30Apr2026 21:06:57.035] [Server thread/ERROR] [net.minecraft.stats.ServerRecipeBook/]: Tried to load unrecognized recipe: storagedrawers:personal_key removed now.
[30Apr2026 21:06:57.035] [Server thread/ERROR] [net.minecraft.stats.ServerRecipeBook/]: Tried to load unrecognized recipe: storagedrawers:remote_upgrade removed now.
[30Apr2026 21:06:57.035] [Server thread/ERROR] [net.minecraft.stats.ServerRecipeBook/]: Tried to load unrecognized recipe: storagedrawers:warped_half_drawers_4 removed now.
[30Apr2026 21:06:57.036] [Server thread/ERROR] [net.minecraft.stats.ServerRecipeBook/]: Tried to load unrecognized recipe: storagedrawers:warped_half_drawers_1 removed now.
[30Apr2026 21:06:57.036] [Server thread/ERROR] [net.minecraft.stats.ServerRecipeBook/]: Tried to load unrecognized recipe: storagedrawers:warped_half_drawers_2 removed now.
[30Apr2026 21:06:57.036] [Server thread/ERROR] [net.minecraft.stats.ServerRecipeBook/]: Tried to load unrecognized recipe: storagedrawers:dark_oak_half_drawers_1 removed now.
[30Apr2026 21:06:57.036] [Server thread/ERROR] [net.minecraft.stats.ServerRecipeBook/]: Tried to load unrecognized recipe: storagedrawers:dark_oak_half_drawers_2 removed now.
[30Apr2026 21:06:57.036] [Server thread/ERROR] [net.minecraft.stats.ServerRecipeBook/]: Tried to load unrecognized recipe: storagedrawers:dark_oak_half_drawers_4 removed now.
[30Apr2026 21:06:57.036] [Server thread/ERROR] [net.minecraft.stats.ServerRecipeBook/]: Tried to load unrecognized recipe: storagedrawers:oak_full_drawers_1 removed now.
[30Apr2026 21:06:57.037] [Server thread/ERROR] [net.minecraft.stats.ServerRecipeBook/]: Tried to load unrecognized recipe: storagedrawers:oak_full_drawers_4 removed now.
[30Apr2026 21:06:57.037] [Server thread/ERROR] [net.minecraft.stats.ServerRecipeBook/]: Tried to load unrecognized recipe: storagedrawers:oak_full_drawers_2 removed now.
[30Apr2026 21:06:57.037] [Server thread/ERROR] [net.minecraft.stats.ServerRecipeBook/]: Tried to load unrecognized recipe: storagedrawers:spruce_half_drawers_4 removed now.
[30Apr2026 21:06:57.037] [Server thread/ERROR] [net.minecraft.stats.ServerRecipeBook/]: Tried to load unrecognized recipe: tinyredstone:redstone_panel removed now.
[30Apr2026 21:06:57.037] [Server thread/ERROR] [net.minecraft.stats.ServerRecipeBook/]: Tried to load unrecognized recipe: tinyredstone:trimming_panel_cover removed now.
[30Apr2026 21:06:57.038] [Server thread/ERROR] [net.minecraft.stats.ServerRecipeBook/]: Tried to load unrecognized recipe: storagedrawers:controller removed now.
[30Apr2026 21:06:57.038] [Server thread/ERROR] [net.minecraft.stats.ServerRecipeBook/]: Tried to load unrecognized recipe: tinyredstone:silicon_compound removed now.
[30Apr2026 21:06:57.038] [Server thread/ERROR] [net.minecraft.stats.ServerRecipeBook/]: Tried to load unrecognized recipe: storagedrawers:cherry_half_drawers_4 removed now.
[30Apr2026 21:06:57.038] [Server thread/ERROR] [net.minecraft.stats.ServerRecipeBook/]: Tried to load unrecognized recipe: storagedrawers:cherry_half_drawers_2 removed now.
[30Apr2026 21:06:57.038] [Server thread/ERROR] [net.minecraft.stats.ServerRecipeBook/]: Tried to load unrecognized recipe: storagedrawers:cherry_half_drawers_1 removed now.
[30Apr2026 21:06:57.039] [Server thread/ERROR] [net.minecraft.stats.ServerRecipeBook/]: Tried to load unrecognized recipe: tinyredstone:tiny_redstone removed now.
[30Apr2026 21:06:57.039] [Server thread/ERROR] [net.minecraft.stats.ServerRecipeBook/]: Tried to load unrecognized recipe: storagedrawers:birch_full_drawers_1 removed now.
[30Apr2026 21:06:57.039] [Server thread/ERROR] [net.minecraft.stats.ServerRecipeBook/]: Tried to load unrecognized recipe: storagedrawers:birch_full_drawers_2 removed now.
[30Apr2026 21:06:57.039] [Server thread/ERROR] [net.minecraft.stats.ServerRecipeBook/]: Tried to load unrecognized recipe: storagedrawers:birch_full_drawers_4 removed now.
[30Apr2026 21:06:57.040] [Server thread/INFO] [net.minecraft.server.players.PlayerList/]: ElSangre1910[/35.148.79.230:63630] logged in with entity id 170940 at (116.07499998807907, 67.0, 807.3694047596483)
[30Apr2026 21:06:57.040] [Server thread/INFO] [dev.ryanhcode.sable.Sable/]: Beginning attempted authentication with player ElSangre1910
[30Apr2026 21:06:57.045] [Server thread/INFO] [Create cobblestone NeoForge/]: Syncing generator types to new client
[30Apr2026 21:06:57.045] [Server thread/INFO] [Create cobblestone NeoForge/]: Sent generator update payload (5 entries) to 1 player(s)
[30Apr2026 21:06:57.047] [Server thread/INFO] [net.minecraft.server.MinecraftServer/]: ElSangre1910 joined the game
[30Apr2026 21:06:57.071] [Server thread/INFO] [DistantHorizons-DistantHorizons-com.seibel.distanthorizons.core.api.internal.ServerApi/]: Player [ElSangre1910] joined.
[30Apr2026 21:11:30.007] [Server thread/INFO] [dev.ryanhcode.sable.Sable/]: Saving sub-levels for level 'ServerLevel[world]'/minecraft:overworld
[30Apr2026 21:11:30.064] [Server thread/INFO] [dev.ryanhcode.sable.Sable/]: Saving sub-levels for level 'ServerLevel[world]'/minecraft:the_nether
[30Apr2026 21:11:30.065] [Server thread/INFO] [dev.ryanhcode.sable.Sable/]: Saving sub-levels for level 'ServerLevel[world]'/minecraft:the_end
[30Apr2026 21:11:30.073] [Server thread/INFO] [Chunk Activity Tracker/]: Saving data for 110 chunks for dimension 'the_nether' took 1 milliseconds
[30Apr2026 21:11:30.082] [Server thread/INFO] [Chunk Activity Tracker/]: Saving data for 2875 chunks for dimension 'overworld' took 8 milliseconds
[30Apr2026 21:16:02.124] [Server thread/INFO] [AllTheLeaks/]: Listing events...
[30Apr2026 21:16:02.125] [Server thread/INFO] [AllTheLeaks/]: Server Player Clone: 7
[30Apr2026 21:16:02.125] [Server thread/INFO] [AllTheLeaks/]: Server Player Logout: 7
[30Apr2026 21:16:02.125] [Server thread/INFO] [AllTheLeaks/]: Listing memory leaks so far...
[30Apr2026 21:16:02.126] [Server thread/INFO] [AllTheLeaks/]: B: 1289MB / C: 1594MB / Diff: +305MB
[30Apr2026 21:16:02.126] [Server thread/INFO] [AllTheLeaks/]: Memory Leaks detected: (/atl force_refresh to update)
[30Apr2026 21:16:02.126] [Server thread/INFO] [AllTheLeaks/]: | ChunkAccess:
[30Apr2026 21:16:02.126] [Server thread/INFO] [AllTheLeaks/]: |- LevelChunk (minecraft): 22
[30Apr2026 21:16:02.126] [Server thread/INFO] [AllTheLeaks/]: | Player:
[30Apr2026 21:16:02.126] [Server thread/INFO] [AllTheLeaks/]: |- ServerPlayer (minecraft): 14
[30Apr2026 21:16:30.041] [Server thread/INFO] [dev.ryanhcode.sable.Sable/]: Saving sub-levels for level 'ServerLevel[world]'/minecraft:overworld
[30Apr2026 21:16:30.095] [Server thread/INFO] [dev.ryanhcode.sable.Sable/]: Saving sub-levels for level 'ServerLevel[world]'/minecraft:the_nether
[30Apr2026 21:16:30.096] [Server thread/INFO] [dev.ryanhcode.sable.Sable/]: Saving sub-levels for level 'ServerLevel[world]'/minecraft:the_end
[30Apr2026 21:16:30.133] [Server thread/INFO] [Chunk Activity Tracker/]: Saving data for 110 chunks for dimension 'the_nether' took 1 milliseconds
[30Apr2026 21:16:30.142] [Server thread/INFO] [Chunk Activity Tracker/]: Saving data for 2875 chunks for dimension 'overworld' took 9 milliseconds
[30Apr2026 21:21:29.985] [Server thread/INFO] [dev.ryanhcode.sable.Sable/]: Saving sub-levels for level 'ServerLevel[world]'/minecraft:overworld
[30Apr2026 21:21:30.038] [Server thread/INFO] [dev.ryanhcode.sable.Sable/]: Saving sub-levels for level 'ServerLevel[world]'/minecraft:the_nether
[30Apr2026 21:21:30.039] [Server thread/INFO] [dev.ryanhcode.sable.Sable/]: Saving sub-levels for level 'ServerLevel[world]'/minecraft:the_end
[30Apr2026 21:21:30.046] [Server thread/INFO] [Chunk Activity Tracker/]: Saving data for 110 chunks for dimension 'the_nether' took 1 milliseconds
[30Apr2026 21:21:30.056] [Server thread/INFO] [Chunk Activity Tracker/]: Saving data for 2875 chunks for dimension 'overworld' took 9 milliseconds
[30Apr2026 21:23:41.175] [User Authenticator #13/INFO] [net.minecraft.server.network.ServerLoginPacketListenerImpl/]: UUID of player ArcRaiderElite is 4d73ddd4-b327-467f-93b3-2e9acda11896
[30Apr2026 21:23:41.336] [Server thread/INFO] [net.minecraft.server.network.ServerConfigurationPacketListenerImpl/]: com.mojang.authlib.GameProfile@77325e2a[id=4d73ddd4-b327-467f-93b3-2e9acda11896,name=ArcRaiderElite,properties={textures=[Property[name=textures, value=ewogICJ0aW1lc3RhbXAiIDogMTc3NzYwMjIyMDkxNSwKICAicHJvZmlsZUlkIiA6ICI0ZDczZGRkNGIzMjc0NjdmOTNiMzJlOWFjZGExMTg5NiIsCiAgInByb2ZpbGVOYW1lIiA6ICJBcmNSYWlkZXJFbGl0ZSIsCiAgInNpZ25hdHVyZVJlcXVpcmVkIiA6IHRydWUsCiAgInRleHR1cmVzIiA6IHsKICAgICJTS0lOIiA6IHsKICAgICAgInVybCIgOiAiaHR0cDovL3RleHR1cmVzLm1pbmVjcmFmdC5uZXQvdGV4dHVyZS85ZTRhOTc0MjdmMmE4NjJhMzU4YjE3MDg0YmEzYjcxMmM0M2FlYzA1YjIxYTdlMDhjMGIxMDIwMWQ5YzQxMzBkIiwKICAgICAgIm1ldGFkYXRhIiA6IHsKICAgICAgICAibW9kZWwiIDogInNsaW0iCiAgICAgIH0KICAgIH0KICB9Cn0=, signature=jowXrlivamRa08g9Gl2hMCspOn+aqTq3lcp8fst3ywUjyz5XcIlZuosXZROFu7VXmKQRwexFgmP8t9U7695iBatlgzweMTDpna65Kib2O5bz2c/DSb9mUZptgVsJYlIFLFQAh8qH9FWzt6n+TAaLzxAQLrzVZWzkjasrlP2y9ZdG+JFTroVuIXU0nCrSFZaZ6bwF4UwPTMDcQVhTJ97/gKORVsWLzZmmVwWKUqDOFiawUZ4BL0zcT4f5X0d0oSzgOBRTMUFkrkmSlr8Xqu7pEnlsESTu8riko64njg6LTbGA4zQqoKoes5+0iPKUFBemS8PVd5oWPQs8yV2zHyk8DZ8WnS9ctcS1QIZH9XlUXAbCl0eCOgZHdUlMql86gANjzBjP0Uvy+BndJvmdfpgNupc0aO3v+eNEIiPfK+dt3HxHnFvCOwmgph3YuLAGhmW+bxDqzkO7ZljaCDzWDrwyZZKC3IEDOKTyoF5bCuyHo7ytAYmJ6XAXY8m3qUdkMyzSY3hjyuPjZOV4PLdtBhv8R1CMqbgLT9NNJqh2RZpc8fM/2fWe94l+3mueqJ/eh4IjYKd4OmIyxxxgc21Zqjps0PskiWKjZQIWWOCBWGhO+wHa5ky81dGMS8BBuGM3kos4CIkP3EhGnweMCcwDOwhEQtNEBx5WfU4zA4jCCkD6Tv8=]]}] lost connection: Incompatible client! Please use NeoForge 21.1.228
[30Apr2026 21:23:41.380] [Server thread/WARN] [net.minecraft.network.Connection/]: handleDisconnection() called twice
[30Apr2026 21:24:20.217] [User Authenticator #14/INFO] [net.minecraft.server.network.ServerLoginPacketListenerImpl/]: UUID of player ArcRaiderElite is 4d73ddd4-b327-467f-93b3-2e9acda11896
[30Apr2026 21:24:20.329] [Server thread/INFO] [net.minecraft.server.network.ServerConfigurationPacketListenerImpl/]: com.mojang.authlib.GameProfile@2c147f3[id=4d73ddd4-b327-467f-93b3-2e9acda11896,name=ArcRaiderElite,properties={textures=[Property[name=textures, value=ewogICJ0aW1lc3RhbXAiIDogMTc3NzYwMjI1OTk3OCwKICAicHJvZmlsZUlkIiA6ICI0ZDczZGRkNGIzMjc0NjdmOTNiMzJlOWFjZGExMTg5NiIsCiAgInByb2ZpbGVOYW1lIiA6ICJBcmNSYWlkZXJFbGl0ZSIsCiAgInNpZ25hdHVyZVJlcXVpcmVkIiA6IHRydWUsCiAgInRleHR1cmVzIiA6IHsKICAgICJTS0lOIiA6IHsKICAgICAgInVybCIgOiAiaHR0cDovL3RleHR1cmVzLm1pbmVjcmFmdC5uZXQvdGV4dHVyZS85ZTRhOTc0MjdmMmE4NjJhMzU4YjE3MDg0YmEzYjcxMmM0M2FlYzA1YjIxYTdlMDhjMGIxMDIwMWQ5YzQxMzBkIiwKICAgICAgIm1ldGFkYXRhIiA6IHsKICAgICAgICAibW9kZWwiIDogInNsaW0iCiAgICAgIH0KICAgIH0KICB9Cn0=, signature=vVsF5jts+s2p4zOrCOJddNkxm38Pb5AnXbyXwt070mp5S4isXS9ksZU9O5ejZ78cqMEQ8f9UUf0zVk/lOOUemW/k3GtjO5Lku9H/uyWoU7+mWZlhNLGobInhBXrXb3mhSey7OeLPFyUIzKNkIJgMtqFjjvaBTjaqVcY4FPEGSVZn39fuivS51LA2hHu03qMQ6z2gH+ty4fjpezHvHuSSuZtb97tpmra8+UjuzmR6bDkGBv/ow7/H/hQyphPyqTic1efZdDsZkGbsQFIuQTkKNZKq43WcWc/ERSZibFyMONoFSYuk7dCxjuFLpb27qycFEKQaoJW62a1gdnfom47vgLbx2ANAhjIylTQLts9JMRpvDJvy/scksqSRByPVhQHvlqDCJeMqO6bIZFHEEAuXJOW3mRGJEZfuCMGXdy8U78TsOuOg5DVjVv/us/6XoP8jSu02MXrE+IA1ERGCuAnoudeEirYTwoFk0QIBNG2aHzIzaqZXNodflq7qqEI3QXTWlRdLCPuxRyvy1K7YLpWx4qXWZVkwyIW9gcC9wov3R/Yc2Qskm6zaEDJ861DeQEyp6EovuMWD++OtsfVK1rppbHtMhNjQZupABzay4vG5inI682q1/S10FXC/lrm6YD2NQzqybNnzFVU/JHsdeFzJhqCJCGAlMzQhc8F0hJlaBto=]]}] lost connection: Incompatible client! Please use NeoForge 21.1.228
[30Apr2026 21:24:20.375] [Server thread/WARN] [net.minecraft.network.Connection/]: handleDisconnection() called twice
[30Apr2026 21:26:02.175] [Server thread/INFO] [AllTheLeaks/]: Listing events...
[30Apr2026 21:26:02.176] [Server thread/INFO] [AllTheLeaks/]: Server Player Clone: 7
[30Apr2026 21:26:02.176] [Server thread/INFO] [AllTheLeaks/]: Server Player Logout: 7
[30Apr2026 21:26:02.176] [Server thread/INFO] [AllTheLeaks/]: Listing memory leaks so far...
[30Apr2026 21:26:02.176] [Server thread/INFO] [AllTheLeaks/]: B: 1289MB / C: 1620MB / Diff: +331MB
[30Apr2026 21:26:02.176] [Server thread/INFO] [AllTheLeaks/]: Memory Leaks detected: (/atl force_refresh to update)
[30Apr2026 21:26:02.177] [Server thread/INFO] [AllTheLeaks/]: | ChunkAccess:
[30Apr2026 21:26:02.177] [Server thread/INFO] [AllTheLeaks/]: |- LevelChunk (minecraft): 22
[30Apr2026 21:26:02.177] [Server thread/INFO] [AllTheLeaks/]: | Player:
[30Apr2026 21:26:02.177] [Server thread/INFO] [AllTheLeaks/]: |- ServerPlayer (minecraft): 14
[30Apr2026 21:26:30.012] [Server thread/INFO] [dev.ryanhcode.sable.Sable/]: Saving sub-levels for level 'ServerLevel[world]'/minecraft:overworld
[30Apr2026 21:26:30.068] [Server thread/INFO] [dev.ryanhcode.sable.Sable/]: Saving sub-levels for level 'ServerLevel[world]'/minecraft:the_nether
[30Apr2026 21:26:30.069] [Server thread/INFO] [dev.ryanhcode.sable.Sable/]: Saving sub-levels for level 'ServerLevel[world]'/minecraft:the_end
[30Apr2026 21:26:30.076] [Server thread/INFO] [Chunk Activity Tracker/]: Saving data for 110 chunks for dimension 'the_nether' took 1 milliseconds
[30Apr2026 21:26:30.084] [Server thread/INFO] [Chunk Activity Tracker/]: Saving data for 2875 chunks for dimension 'overworld' took 8 milliseconds
[30Apr2026 21:28:25.109] [User Authenticator #15/INFO] [net.minecraft.server.network.ServerLoginPacketListenerImpl/]: UUID of player ArcRaiderElite is 4d73ddd4-b327-467f-93b3-2e9acda11896
[30Apr2026 21:28:25.282] [Server thread/INFO] [net.minecraft.server.network.ServerConfigurationPacketListenerImpl/]: com.mojang.authlib.GameProfile@74c48f2[id=4d73ddd4-b327-467f-93b3-2e9acda11896,name=ArcRaiderElite,properties={textures=[Property[name=textures, value=ewogICJ0aW1lc3RhbXAiIDogMTc3NzYwMjUwNDg3MywKICAicHJvZmlsZUlkIiA6ICI0ZDczZGRkNGIzMjc0NjdmOTNiMzJlOWFjZGExMTg5NiIsCiAgInByb2ZpbGVOYW1lIiA6ICJBcmNSYWlkZXJFbGl0ZSIsCiAgInNpZ25hdHVyZVJlcXVpcmVkIiA6IHRydWUsCiAgInRleHR1cmVzIiA6IHsKICAgICJTS0lOIiA6IHsKICAgICAgInVybCIgOiAiaHR0cDovL3RleHR1cmVzLm1pbmVjcmFmdC5uZXQvdGV4dHVyZS85ZTRhOTc0MjdmMmE4NjJhMzU4YjE3MDg0YmEzYjcxMmM0M2FlYzA1YjIxYTdlMDhjMGIxMDIwMWQ5YzQxMzBkIiwKICAgICAgIm1ldGFkYXRhIiA6IHsKICAgICAgICAibW9kZWwiIDogInNsaW0iCiAgICAgIH0KICAgIH0KICB9Cn0=, signature=ZPCK/TrwZtchJV5lxRlW306oMwSzUWsYYto3gSP2aDj/9/FzyNhlrRrLYTQBR3MyqNALbhnaCVnq0Br+aQKGTE6m4/j98aOpQpVzolnDUsXf1EwVfZtuPj4uSsFjGXq6cLQtOaXhCpuYd0dDI1yRwAWkrOJU01904b06G+jSac6+423T8mzOxInBHEQAKViB2CYhNGnQG/3QlEKSSyzswAUHYv6KW956x3nSfvzd9636VyRRCCuBk/grajelcRAgLArPzUFtwYJwzRholtBVEYQNCj5KmSD3Z46wu7d7qS0UgrQbHisHSlA2lNKWdNGubUr5Te7hya5b3Q+ZMciTE8Bd7/8nkdjHbPLczZMFITNc1gSQ+XaIh7T+X+0QMB+YHBc1lOuDpp9G1Bb5x0IPz91iFdXAakwuzxpnRo5YDhd+stbDb49dRqhzAlPOxYT/HcLBHJjlVwRCgdfcNj/2C6j1qANXh1pLyuoeqrMwqQzXVY8Tu9J6zBMuqEINs2HlC4U6c4Wbme/GP0ujXKslWeNxk0W8RSZZnmx25AQAa8D/6kMxjOTrfU6wcWmjdOEYhpcUUZS5vHxG8RrlnW1B3caN0ai7cvLZB6FUsTaIdkc5JqzE61z0Glxw88jDpNc4VcFkNBNhchx7W1TnWrRsh6tjRQ94hxEaPMfIpoTVkrA=]]}] lost connection: Incompatible client! Please use NeoForge 21.1.228
[30Apr2026 21:28:25.282] [Server thread/WARN] [net.minecraft.network.Connection/]: handleDisconnection() called twice
[30Apr2026 21:30:10.416] [Server thread/ERROR] [net.minecraft.world.level.block.entity.BlockEntity/]: Failed to create block entity create:analog_lever
java.lang.IllegalStateException: Invalid block entity create:analog_lever // com.simibubi.create.content.redstone.analogLever.AnalogLeverBlockEntity state at BlockPos{x=122, y=80, z=488}, got Block{minecraft:air}
	at TRANSFORMER/minecraft@1.21.1/net.minecraft.world.level.block.entity.BlockEntity.validateBlockState(BlockEntity.java:52) ~[server-1.21.1-20240808.144430-srg.jar%23228!/:?]
	at TRANSFORMER/minecraft@1.21.1/net.minecraft.world.level.block.entity.BlockEntity.<init>(BlockEntity.java:46) ~[server-1.21.1-20240808.144430-srg.jar%23228!/:?]
	at TRANSFORMER/create@6.0.10/com.simibubi.create.foundation.blockEntity.SyncedBlockEntity.<init>(SyncedBlockEntity.java:24) ~[create-1.21.1-6.0.10.jar%23253!/:6.0.10]
	at TRANSFORMER/create@6.0.10/com.simibubi.create.foundation.blockEntity.CachedRenderBBBlockEntity.<init>(CachedRenderBBBlockEntity.java:15) ~[create-1.21.1-6.0.10.jar%23253!/:6.0.10]
	at TRANSFORMER/create@6.0.10/com.simibubi.create.foundation.blockEntity.SmartBlockEntity.<init>(SmartBlockEntity.java:47) ~[create-1.21.1-6.0.10.jar%23253!/:6.0.10]
	at TRANSFORMER/create@6.0.10/com.simibubi.create.content.redstone.analogLever.AnalogLeverBlockEntity.<init>(AnalogLeverBlockEntity.java:27) ~[create-1.21.1-6.0.10.jar%23253!/:6.0.10]
	at TRANSFORMER/Registrate.MC1._21._67@1.3.0+67/com.tterrag.registrate.builders.BlockEntityBuilder.lambda$createEntry$2(BlockEntityBuilder.java:152) ~[Registrate-MC1.21-1.3.0+67.jar%23582!/:?]
	at TRANSFORMER/minecraft@1.21.1/net.minecraft.world.level.block.entity.BlockEntityType.create(BlockEntityType.java:298) ~[server-1.21.1-20240808.144430-srg.jar%23228!/:?]
	at TRANSFORMER/minecraft@1.21.1/net.minecraft.world.level.block.entity.BlockEntity.lambda$loadStatic$4(BlockEntity.java:171) [server-1.21.1-20240808.144430-srg.jar%23228!/:?]
	at java.base/java.util.Optional.map(Optional.java:260) [?:?]
	at TRANSFORMER/minecraft@1.21.1/net.minecraft.world.level.block.entity.BlockEntity.loadStatic(BlockEntity.java:169) [server-1.21.1-20240808.144430-srg.jar%23228!/:?]
	at TRANSFORMER/minecraft@1.21.1/net.minecraft.world.level.chunk.storage.ChunkSerializer.lambda$postLoadChunk$10(ChunkSerializer.java:440) [server-1.21.1-20240808.144430-srg.jar%23228!/:?]
	at TRANSFORMER/minecraft@1.21.1/net.minecraft.world.level.chunk.LevelChunk.runPostLoad(LevelChunk.java:480) [server-1.21.1-20240808.144430-srg.jar%23228!/:?]
	at TRANSFORMER/c2me_rewrites_chunk_system@0.3.0+alpha.0.91+1.21.1/com.ishland.c2me.rewrites.chunksystem.common.statuses.ServerAccessible.invokeFullChunkEvents(ServerAccessible.java:75) [c2me-rewrites-chunk-system-mc1.21.1-0.3.0+alpha.0.91.jar%23549!/:?]
	at TRANSFORMER/c2me_rewrites_chunk_system@0.3.0+alpha.0.91+1.21.1/com.ishland.c2me.rewrites.chunksystem.common.statuses.ServerAccessible.lambda$postUpgradeToThis$1(ServerAccessible.java:69) [c2me-rewrites-chunk-system-mc1.21.1-0.3.0+alpha.0.91.jar%23549!/:?]
	at LAYER PLUGIN/io.reactivex.rxjava3@3.1.12/io.reactivex.rxjava3.internal.operators.completable.CompletableFromRunnable.subscribeActual(CompletableFromRunnable.java:35) [rxjava-3.1.12.jar%23584!/:?]
	at LAYER PLUGIN/io.reactivex.rxjava3@3.1.12/io.reactivex.rxjava3.core.Completable.subscribe(Completable.java:2860) [rxjava-3.1.12.jar%23584!/:?]
	at LAYER PLUGIN/io.reactivex.rxjava3@3.1.12/io.reactivex.rxjava3.internal.operators.completable.CompletableCache.subscribeActual(CompletableCache.java:57) [rxjava-3.1.12.jar%23584!/:?]
	at LAYER PLUGIN/io.reactivex.rxjava3@3.1.12/io.reactivex.rxjava3.core.Completable.subscribe(Completable.java:2860) [rxjava-3.1.12.jar%23584!/:?]
	at LAYER PLUGIN/io.reactivex.rxjava3@3.1.12/io.reactivex.rxjava3.internal.operators.completable.CompletableDefer.subscribeActual(CompletableDefer.java:43) [rxjava-3.1.12.jar%23584!/:?]
	at LAYER PLUGIN/io.reactivex.rxjava3@3.1.12/io.reactivex.rxjava3.core.Completable.subscribe(Completable.java:2860) [rxjava-3.1.12.jar%23584!/:?]
	at LAYER PLUGIN/io.reactivex.rxjava3@3.1.12/io.reactivex.rxjava3.internal.operators.completable.CompletableResumeNext.subscribeActual(CompletableResumeNext.java:41) [rxjava-3.1.12.jar%23584!/:?]
	at LAYER PLUGIN/io.reactivex.rxjava3@3.1.12/io.reactivex.rxjava3.core.Completable.subscribe(Completable.java:2860) [rxjava-3.1.12.jar%23584!/:?]
	at LAYER PLUGIN/io.reactivex.rxjava3@3.1.12/io.reactivex.rxjava3.internal.operators.completable.CompletableAndThenCompletable$SourceObserver.onComplete(CompletableAndThenCompletable.java:67) [rxjava-3.1.12.jar%23584!/:?]
	at LAYER PLUGIN/io.reactivex.rxjava3@3.1.12/io.reactivex.rxjava3.internal.operators.completable.CompletableDoOnEvent$DoOnEvent.onComplete(CompletableDoOnEvent.java:52) [rxjava-3.1.12.jar%23584!/:?]
	at LAYER PLUGIN/io.reactivex.rxjava3@3.1.12/io.reactivex.rxjava3.internal.operators.completable.CompletableResumeNext$ResumeNextObserver.onComplete(CompletableResumeNext.java:68) [rxjava-3.1.12.jar%23584!/:?]
	at LAYER PLUGIN/io.reactivex.rxjava3@3.1.12/io.reactivex.rxjava3.internal.operators.completable.CompletableAndThenCompletable$NextObserver.onComplete(CompletableAndThenCompletable.java:99) [rxjava-3.1.12.jar%23584!/:?]
	at LAYER PLUGIN/io.reactivex.rxjava3@3.1.12/io.reactivex.rxjava3.internal.operators.completable.CompletableCache.onComplete(CompletableCache.java:88) [rxjava-3.1.12.jar%23584!/:?]
	at LAYER PLUGIN/io.reactivex.rxjava3@3.1.12/io.reactivex.rxjava3.internal.operators.completable.CompletableSubscribeOn$SubscribeOnObserver.onComplete(CompletableSubscribeOn.java:79) [rxjava-3.1.12.jar%23584!/:?]
	at LAYER PLUGIN/io.reactivex.rxjava3@3.1.12/io.reactivex.rxjava3.internal.operators.completable.CompletableFromRunnable.subscribeActual(CompletableFromRunnable.java:46) [rxjava-3.1.12.jar%23584!/:?]
	at LAYER PLUGIN/io.reactivex.rxjava3@3.1.12/io.reactivex.rxjava3.core.Completable.subscribe(Completable.java:2860) [rxjava-3.1.12.jar%23584!/:?]
	at LAYER PLUGIN/io.reactivex.rxjava3@3.1.12/io.reactivex.rxjava3.internal.operators.completable.CompletableSubscribeOn$SubscribeOnObserver.run(CompletableSubscribeOn.java:64) [rxjava-3.1.12.jar%23584!/:?]
	at LAYER PLUGIN/io.reactivex.rxjava3@3.1.12/io.reactivex.rxjava3.internal.schedulers.ExecutorScheduler$ExecutorWorker$BooleanRunnable.run(ExecutorScheduler.java:324) [rxjava-3.1.12.jar%23584!/:?]
	at TRANSFORMER/minecraft@1.21.1/net.minecraft.util.thread.BlockableEventLoop.doRunTask(BlockableEventLoop.java:148) [server-1.21.1-20240808.144430-srg.jar%23228!/:?]
	at TRANSFORMER/minecraft@1.21.1/net.minecraft.server.level.ServerChunkCache$MainThreadExecutor.doRunTask(ServerChunkCache.java:559) [server-1.21.1-20240808.144430-srg.jar%23228!/:?]
	at TRANSFORMER/minecraft@1.21.1/net.minecraft.util.thread.BlockableEventLoop.pollTask(BlockableEventLoop.java:122) [server-1.21.1-20240808.144430-srg.jar%23228!/:?]
	at TRANSFORMER/minecraft@1.21.1/net.minecraft.server.level.ServerChunkCache$MainThreadExecutor.pollTask(ServerChunkCache.java:568) [server-1.21.1-20240808.144430-srg.jar%23228!/:?]
	at TRANSFORMER/minecraft@1.21.1/net.minecraft.server.MinecraftServer.executeTasksMidTick(MinecraftServer.java:12146) [server-1.21.1-20240808.144430-srg.jar%23228!/:?]
	at TRANSFORMER/minecraft@1.21.1/net.minecraft.server.level.ServerChunkCache.handler$bgl000$c2me_opts_scheduling$onPostTickChunk(ServerChunkCache.java:6593) [server-1.21.1-20240808.144430-srg.jar%23228!/:?]
	at TRANSFORMER/minecraft@1.21.1/net.minecraft.server.level.ServerChunkCache.tickChunks(ServerChunkCache.java:371) [server-1.21.1-20240808.144430-srg.jar%23228!/:?]
	at TRANSFORMER/minecraft@1.21.1/net.minecraft.server.level.ServerChunkCache.tick(ServerChunkCache.java:321) [server-1.21.1-20240808.144430-srg.jar%23228!/:?]
	at TRANSFORMER/minecraft@1.21.1/net.minecraft.server.level.ServerLevel.tick(ServerLevel.java:379) [server-1.21.1-20240808.144430-srg.jar%23228!/:?]
	at TRANSFORMER/minecraft@1.21.1/net.minecraft.server.MinecraftServer.tickChildren(MinecraftServer.java:1037) [server-1.21.1-20240808.144430-srg.jar%23228!/:?]
	at TRANSFORMER/minecraft@1.21.1/net.minecraft.server.dedicated.DedicatedServer.tickChildren(DedicatedServer.java:317) [server-1.21.1-20240808.144430-srg.jar%23228!/:?]
	at TRANSFORMER/minecraft@1.21.1/net.minecraft.server.MinecraftServer.tickServer(MinecraftServer.java:917) [server-1.21.1-20240808.144430-srg.jar%23228!/:?]
	at TRANSFORMER/minecraft@1.21.1/net.minecraft.server.MinecraftServer.runServer(MinecraftServer.java:707) [server-1.21.1-20240808.144430-srg.jar%23228!/:?]
	at TRANSFORMER/minecraft@1.21.1/net.minecraft.server.MinecraftServer.lambda$spin$2(MinecraftServer.java:267) [server-1.21.1-20240808.144430-srg.jar%23228!/:?]
	at java.base/java.lang.Thread.run(Thread.java:1474) [?:?]
[30Apr2026 21:30:10.418] [Server thread/WARN] [net.minecraft.world.level.block.entity.BlockEntity/]: Skipping BlockEntity with id create:analog_lever
[30Apr2026 21:30:10.418] [Server thread/ERROR] [net.minecraft.world.level.block.entity.BlockEntity/]: Failed to create block entity create:analog_lever
java.lang.IllegalStateException: Invalid block entity create:analog_lever // com.simibubi.create.content.redstone.analogLever.AnalogLeverBlockEntity state at BlockPos{x=113, y=79, z=490}, got Block{minecraft:air}
	at TRANSFORMER/minecraft@1.21.1/net.minecraft.world.level.block.entity.BlockEntity.validateBlockState(BlockEntity.java:52) ~[server-1.21.1-20240808.144430-srg.jar%23228!/:?]
	at TRANSFORMER/minecraft@1.21.1/net.minecraft.world.level.block.entity.BlockEntity.<init>(BlockEntity.java:46) ~[server-1.21.1-20240808.144430-srg.jar%23228!/:?]
	at TRANSFORMER/create@6.0.10/com.simibubi.create.foundation.blockEntity.SyncedBlockEntity.<init>(SyncedBlockEntity.java:24) ~[create-1.21.1-6.0.10.jar%23253!/:6.0.10]
	at TRANSFORMER/create@6.0.10/com.simibubi.create.foundation.blockEntity.CachedRenderBBBlockEntity.<init>(CachedRenderBBBlockEntity.java:15) ~[create-1.21.1-6.0.10.jar%23253!/:6.0.10]
	at TRANSFORMER/create@6.0.10/com.simibubi.create.foundation.blockEntity.SmartBlockEntity.<init>(SmartBlockEntity.java:47) ~[create-1.21.1-6.0.10.jar%23253!/:6.0.10]
	at TRANSFORMER/create@6.0.10/com.simibubi.create.content.redstone.analogLever.AnalogLeverBlockEntity.<init>(AnalogLeverBlockEntity.java:27) ~[create-1.21.1-6.0.10.jar%23253!/:6.0.10]
	at TRANSFORMER/Registrate.MC1._21._67@1.3.0+67/com.tterrag.registrate.builders.BlockEntityBuilder.lambda$createEntry$2(BlockEntityBuilder.java:152) ~[Registrate-MC1.21-1.3.0+67.jar%23582!/:?]
	at TRANSFORMER/minecraft@1.21.1/net.minecraft.world.level.block.entity.BlockEntityType.create(BlockEntityType.java:298) ~[server-1.21.1-20240808.144430-srg.jar%23228!/:?]
	at TRANSFORMER/minecraft@1.21.1/net.minecraft.world.level.block.entity.BlockEntity.lambda$loadStatic$4(BlockEntity.java:171) [server-1.21.1-20240808.144430-srg.jar%23228!/:?]
	at java.base/java.util.Optional.map(Optional.java:260) [?:?]
	at TRANSFORMER/minecraft@1.21.1/net.minecraft.world.level.block.entity.BlockEntity.loadStatic(BlockEntity.java:169) [server-1.21.1-20240808.144430-srg.jar%23228!/:?]
	at TRANSFORMER/minecraft@1.21.1/net.minecraft.world.level.chunk.storage.ChunkSerializer.lambda$postLoadChunk$10(ChunkSerializer.java:440) [server-1.21.1-20240808.144430-srg.jar%23228!/:?]
	at TRANSFORMER/minecraft@1.21.1/net.minecraft.world.level.chunk.LevelChunk.runPostLoad(LevelChunk.java:480) [server-1.21.1-20240808.144430-srg.jar%23228!/:?]
	at TRANSFORMER/c2me_rewrites_chunk_system@0.3.0+alpha.0.91+1.21.1/com.ishland.c2me.rewrites.chunksystem.common.statuses.ServerAccessible.invokeFullChunkEvents(ServerAccessible.java:75) [c2me-rewrites-chunk-system-mc1.21.1-0.3.0+alpha.0.91.jar%23549!/:?]
	at TRANSFORMER/c2me_rewrites_chunk_system@0.3.0+alpha.0.91+1.21.1/com.ishland.c2me.rewrites.chunksystem.common.statuses.ServerAccessible.lambda$postUpgradeToThis$1(ServerAccessible.java:69) [c2me-rewrites-chunk-system-mc1.21.1-0.3.0+alpha.0.91.jar%23549!/:?]
	at LAYER PLUGIN/io.reactivex.rxjava3@3.1.12/io.reactivex.rxjava3.internal.operators.completable.CompletableFromRunnable.subscribeActual(CompletableFromRunnable.java:35) [rxjava-3.1.12.jar%23584!/:?]
	at LAYER PLUGIN/io.reactivex.rxjava3@3.1.12/io.reactivex.rxjava3.core.Completable.subscribe(Completable.java:2860) [rxjava-3.1.12.jar%23584!/:?]
	at LAYER PLUGIN/io.reactivex.rxjava3@3.1.12/io.reactivex.rxjava3.internal.operators.completable.CompletableCache.subscribeActual(CompletableCache.java:57) [rxjava-3.1.12.jar%23584!/:?]
	at LAYER PLUGIN/io.reactivex.rxjava3@3.1.12/io.reactivex.rxjava3.core.Completable.subscribe(Completable.java:2860) [rxjava-3.1.12.jar%23584!/:?]
	at LAYER PLUGIN/io.reactivex.rxjava3@3.1.12/io.reactivex.rxjava3.internal.operators.completable.CompletableDefer.subscribeActual(CompletableDefer.java:43) [rxjava-3.1.12.jar%23584!/:?]
	at LAYER PLUGIN/io.reactivex.rxjava3@3.1.12/io.reactivex.rxjava3.core.Completable.subscribe(Completable.java:2860) [rxjava-3.1.12.jar%23584!/:?]
	at LAYER PLUGIN/io.reactivex.rxjava3@3.1.12/io.reactivex.rxjava3.internal.operators.completable.CompletableResumeNext.subscribeActual(CompletableResumeNext.java:41) [rxjava-3.1.12.jar%23584!/:?]
	at LAYER PLUGIN/io.reactivex.rxjava3@3.1.12/io.reactivex.rxjava3.core.Completable.subscribe(Completable.java:2860) [rxjava-3.1.12.jar%23584!/:?]
	at LAYER PLUGIN/io.reactivex.rxjava3@3.1.12/io.reactivex.rxjava3.internal.operators.completable.CompletableAndThenCompletable$SourceObserver.onComplete(CompletableAndThenCompletable.java:67) [rxjava-3.1.12.jar%23584!/:?]
	at LAYER PLUGIN/io.reactivex.rxjava3@3.1.12/io.reactivex.rxjava3.internal.operators.completable.CompletableDoOnEvent$DoOnEvent.onComplete(CompletableDoOnEvent.java:52) [rxjava-3.1.12.jar%23584!/:?]
	at LAYER PLUGIN/io.reactivex.rxjava3@3.1.12/io.reactivex.rxjava3.internal.operators.completable.CompletableResumeNext$ResumeNextObserver.onComplete(CompletableResumeNext.java:68) [rxjava-3.1.12.jar%23584!/:?]
	at LAYER PLUGIN/io.reactivex.rxjava3@3.1.12/io.reactivex.rxjava3.internal.operators.completable.CompletableAndThenCompletable$NextObserver.onComplete(CompletableAndThenCompletable.java:99) [rxjava-3.1.12.jar%23584!/:?]
	at LAYER PLUGIN/io.reactivex.rxjava3@3.1.12/io.reactivex.rxjava3.internal.operators.completable.CompletableCache.onComplete(CompletableCache.java:88) [rxjava-3.1.12.jar%23584!/:?]
	at LAYER PLUGIN/io.reactivex.rxjava3@3.1.12/io.reactivex.rxjava3.internal.operators.completable.CompletableSubscribeOn$SubscribeOnObserver.onComplete(CompletableSubscribeOn.java:79) [rxjava-3.1.12.jar%23584!/:?]
	at LAYER PLUGIN/io.reactivex.rxjava3@3.1.12/io.reactivex.rxjava3.internal.operators.completable.CompletableFromRunnable.subscribeActual(CompletableFromRunnable.java:46) [rxjava-3.1.12.jar%23584!/:?]
	at LAYER PLUGIN/io.reactivex.rxjava3@3.1.12/io.reactivex.rxjava3.core.Completable.subscribe(Completable.java:2860) [rxjava-3.1.12.jar%23584!/:?]
	at LAYER PLUGIN/io.reactivex.rxjava3@3.1.12/io.reactivex.rxjava3.internal.operators.completable.CompletableSubscribeOn$SubscribeOnObserver.run(CompletableSubscribeOn.java:64) [rxjava-3.1.12.jar%23584!/:?]
	at LAYER PLUGIN/io.reactivex.rxjava3@3.1.12/io.reactivex.rxjava3.internal.schedulers.ExecutorScheduler$ExecutorWorker$BooleanRunnable.run(ExecutorScheduler.java:324) [rxjava-3.1.12.jar%23584!/:?]
	at TRANSFORMER/minecraft@1.21.1/net.minecraft.util.thread.BlockableEventLoop.doRunTask(BlockableEventLoop.java:148) [server-1.21.1-20240808.144430-srg.jar%23228!/:?]
	at TRANSFORMER/minecraft@1.21.1/net.minecraft.server.level.ServerChunkCache$MainThreadExecutor.doRunTask(ServerChunkCache.java:559) [server-1.21.1-20240808.144430-srg.jar%23228!/:?]
	at TRANSFORMER/minecraft@1.21.1/net.minecraft.util.thread.BlockableEventLoop.pollTask(BlockableEventLoop.java:122) [server-1.21.1-20240808.144430-srg.jar%23228!/:?]
	at TRANSFORMER/minecraft@1.21.1/net.minecraft.server.level.ServerChunkCache$MainThreadExecutor.pollTask(ServerChunkCache.java:568) [server-1.21.1-20240808.144430-srg.jar%23228!/:?]
	at TRANSFORMER/minecraft@1.21.1/net.minecraft.server.MinecraftServer.executeTasksMidTick(MinecraftServer.java:12146) [server-1.21.1-20240808.144430-srg.jar%23228!/:?]
	at TRANSFORMER/minecraft@1.21.1/net.minecraft.server.level.ServerChunkCache.handler$bgl000$c2me_opts_scheduling$onPostTickChunk(ServerChunkCache.java:6593) [server-1.21.1-20240808.144430-srg.jar%23228!/:?]
	at TRANSFORMER/minecraft@1.21.1/net.minecraft.server.level.ServerChunkCache.tickChunks(ServerChunkCache.java:371) [server-1.21.1-20240808.144430-srg.jar%23228!/:?]
	at TRANSFORMER/minecraft@1.21.1/net.minecraft.server.level.ServerChunkCache.tick(ServerChunkCache.java:321) [server-1.21.1-20240808.144430-srg.jar%23228!/:?]
	at TRANSFORMER/minecraft@1.21.1/net.minecraft.server.level.ServerLevel.tick(ServerLevel.java:379) [server-1.21.1-20240808.144430-srg.jar%23228!/:?]
	at TRANSFORMER/minecraft@1.21.1/net.minecraft.server.MinecraftServer.tickChildren(MinecraftServer.java:1037) [server-1.21.1-20240808.144430-srg.jar%23228!/:?]
	at TRANSFORMER/minecraft@1.21.1/net.minecraft.server.dedicated.DedicatedServer.tickChildren(DedicatedServer.java:317) [server-1.21.1-20240808.144430-srg.jar%23228!/:?]
	at TRANSFORMER/minecraft@1.21.1/net.minecraft.server.MinecraftServer.tickServer(MinecraftServer.java:917) [server-1.21.1-20240808.144430-srg.jar%23228!/:?]
	at TRANSFORMER/minecraft@1.21.1/net.minecraft.server.MinecraftServer.runServer(MinecraftServer.java:707) [server-1.21.1-20240808.144430-srg.jar%23228!/:?]
	at TRANSFORMER/minecraft@1.21.1/net.minecraft.server.MinecraftServer.lambda$spin$2(MinecraftServer.java:267) [server-1.21.1-20240808.144430-srg.jar%23228!/:?]
	at java.base/java.lang.Thread.run(Thread.java:1474) [?:?]
[30Apr2026 21:30:10.420] [Server thread/WARN] [net.minecraft.world.level.block.entity.BlockEntity/]: Skipping BlockEntity with id create:analog_lever
[30Apr2026 21:30:10.420] [Server thread/ERROR] [net.minecraft.world.level.block.entity.BlockEntity/]: Failed to create block entity simulated:throttle_lever
java.lang.IllegalStateException: Invalid block entity simulated:throttle_lever // dev.simulated_team.simulated.content.blocks.throttle_lever.ThrottleLeverBlockEntity state at BlockPos{x=113, y=79, z=488}, got Block{minecraft:air}
	at TRANSFORMER/minecraft@1.21.1/net.minecraft.world.level.block.entity.BlockEntity.validateBlockState(BlockEntity.java:52) ~[server-1.21.1-20240808.144430-srg.jar%23228!/:?]
	at TRANSFORMER/minecraft@1.21.1/net.minecraft.world.level.block.entity.BlockEntity.<init>(BlockEntity.java:46) ~[server-1.21.1-20240808.144430-srg.jar%23228!/:?]
	at TRANSFORMER/create@6.0.10/com.simibubi.create.foundation.blockEntity.SyncedBlockEntity.<init>(SyncedBlockEntity.java:24) ~[create-1.21.1-6.0.10.jar%23253!/:6.0.10]
	at TRANSFORMER/create@6.0.10/com.simibubi.create.foundation.blockEntity.CachedRenderBBBlockEntity.<init>(CachedRenderBBBlockEntity.java:15) ~[create-1.21.1-6.0.10.jar%23253!/:6.0.10]
	at TRANSFORMER/create@6.0.10/com.simibubi.create.foundation.blockEntity.SmartBlockEntity.<init>(SmartBlockEntity.java:47) ~[create-1.21.1-6.0.10.jar%23253!/:6.0.10]
	at TRANSFORMER/simulated@1.2.1/dev.simulated_team.simulated.content.blocks.throttle_lever.ThrottleLeverBlockEntity.<init>(ThrottleLeverBlockEntity.java:33) ~[dev.simulated_team.simulated.simulated-neoforge-1.21.1-1.2.1.jar%23479!/:1.2.1]
	at TRANSFORMER/Registrate.MC1._21._67@1.3.0+67/com.tterrag.registrate.builders.BlockEntityBuilder.lambda$createEntry$2(BlockEntityBuilder.java:152) ~[Registrate-MC1.21-1.3.0+67.jar%23582!/:?]
	at TRANSFORMER/minecraft@1.21.1/net.minecraft.world.level.block.entity.BlockEntityType.create(BlockEntityType.java:298) ~[server-1.21.1-20240808.144430-srg.jar%23228!/:?]
	at TRANSFORMER/minecraft@1.21.1/net.minecraft.world.level.block.entity.BlockEntity.lambda$loadStatic$4(BlockEntity.java:171) [server-1.21.1-20240808.144430-srg.jar%23228!/:?]
	at java.base/java.util.Optional.map(Optional.java:260) [?:?]
	at TRANSFORMER/minecraft@1.21.1/net.minecraft.world.level.block.entity.BlockEntity.loadStatic(BlockEntity.java:169) [server-1.21.1-20240808.144430-srg.jar%23228!/:?]
	at TRANSFORMER/minecraft@1.21.1/net.minecraft.world.level.chunk.storage.ChunkSerializer.lambda$postLoadChunk$10(ChunkSerializer.java:440) [server-1.21.1-20240808.144430-srg.jar%23228!/:?]
	at TRANSFORMER/minecraft@1.21.1/net.minecraft.world.level.chunk.LevelChunk.runPostLoad(LevelChunk.java:480) [server-1.21.1-20240808.144430-srg.jar%23228!/:?]
	at TRANSFORMER/c2me_rewrites_chunk_system@0.3.0+alpha.0.91+1.21.1/com.ishland.c2me.rewrites.chunksystem.common.statuses.ServerAccessible.invokeFullChunkEvents(ServerAccessible.java:75) [c2me-rewrites-chunk-system-mc1.21.1-0.3.0+alpha.0.91.jar%23549!/:?]
	at TRANSFORMER/c2me_rewrites_chunk_system@0.3.0+alpha.0.91+1.21.1/com.ishland.c2me.rewrites.chunksystem.common.statuses.ServerAccessible.lambda$postUpgradeToThis$1(ServerAccessible.java:69) [c2me-rewrites-chunk-system-mc1.21.1-0.3.0+alpha.0.91.jar%23549!/:?]
	at LAYER PLUGIN/io.reactivex.rxjava3@3.1.12/io.reactivex.rxjava3.internal.operators.completable.CompletableFromRunnable.subscribeActual(CompletableFromRunnable.java:35) [rxjava-3.1.12.jar%23584!/:?]
	at LAYER PLUGIN/io.reactivex.rxjava3@3.1.12/io.reactivex.rxjava3.core.Completable.subscribe(Completable.java:2860) [rxjava-3.1.12.jar%23584!/:?]
	at LAYER PLUGIN/io.reactivex.rxjava3@3.1.12/io.reactivex.rxjava3.internal.operators.completable.CompletableCache.subscribeActual(CompletableCache.java:57) [rxjava-3.1.12.jar%23584!/:?]
	at LAYER PLUGIN/io.reactivex.rxjava3@3.1.12/io.reactivex.rxjava3.core.Completable.subscribe(Completable.java:2860) [rxjava-3.1.12.jar%23584!/:?]
	at LAYER PLUGIN/io.reactivex.rxjava3@3.1.12/io.reactivex.rxjava3.internal.operators.completable.CompletableDefer.subscribeActual(CompletableDefer.java:43) [rxjava-3.1.12.jar%23584!/:?]
	at LAYER PLUGIN/io.reactivex.rxjava3@3.1.12/io.reactivex.rxjava3.core.Completable.subscribe(Completable.java:2860) [rxjava-3.1.12.jar%23584!/:?]
	at LAYER PLUGIN/io.reactivex.rxjava3@3.1.12/io.reactivex.rxjava3.internal.operators.completable.CompletableResumeNext.subscribeActual(CompletableResumeNext.java:41) [rxjava-3.1.12.jar%23584!/:?]
	at LAYER PLUGIN/io.reactivex.rxjava3@3.1.12/io.reactivex.rxjava3.core.Completable.subscribe(Completable.java:2860) [rxjava-3.1.12.jar%23584!/:?]
	at LAYER PLUGIN/io.reactivex.rxjava3@3.1.12/io.reactivex.rxjava3.internal.operators.completable.CompletableAndThenCompletable$SourceObserver.onComplete(CompletableAndThenCompletable.java:67) [rxjava-3.1.12.jar%23584!/:?]
	at LAYER PLUGIN/io.reactivex.rxjava3@3.1.12/io.reactivex.rxjava3.internal.operators.completable.CompletableDoOnEvent$DoOnEvent.onComplete(CompletableDoOnEvent.java:52) [rxjava-3.1.12.jar%23584!/:?]
	at LAYER PLUGIN/io.reactivex.rxjava3@3.1.12/io.reactivex.rxjava3.internal.operators.completable.CompletableResumeNext$ResumeNextObserver.onComplete(CompletableResumeNext.java:68) [rxjava-3.1.12.jar%23584!/:?]
	at LAYER PLUGIN/io.reactivex.rxjava3@3.1.12/io.reactivex.rxjava3.internal.operators.completable.CompletableAndThenCompletable$NextObserver.onComplete(CompletableAndThenCompletable.java:99) [rxjava-3.1.12.jar%23584!/:?]
	at LAYER PLUGIN/io.reactivex.rxjava3@3.1.12/io.reactivex.rxjava3.internal.operators.completable.CompletableCache.onComplete(CompletableCache.java:88) [rxjava-3.1.12.jar%23584!/:?]
	at LAYER PLUGIN/io.reactivex.rxjava3@3.1.12/io.reactivex.rxjava3.internal.operators.completable.CompletableSubscribeOn$SubscribeOnObserver.onComplete(CompletableSubscribeOn.java:79) [rxjava-3.1.12.jar%23584!/:?]
	at LAYER PLUGIN/io.reactivex.rxjava3@3.1.12/io.reactivex.rxjava3.internal.operators.completable.CompletableFromRunnable.subscribeActual(CompletableFromRunnable.java:46) [rxjava-3.1.12.jar%23584!/:?]
	at LAYER PLUGIN/io.reactivex.rxjava3@3.1.12/io.reactivex.rxjava3.core.Completable.subscribe(Completable.java:2860) [rxjava-3.1.12.jar%23584!/:?]
	at LAYER PLUGIN/io.reactivex.rxjava3@3.1.12/io.reactivex.rxjava3.internal.operators.completable.CompletableSubscribeOn$SubscribeOnObserver.run(CompletableSubscribeOn.java:64) [rxjava-3.1.12.jar%23584!/:?]
	at LAYER PLUGIN/io.reactivex.rxjava3@3.1.12/io.reactivex.rxjava3.internal.schedulers.ExecutorScheduler$ExecutorWorker$BooleanRunnable.run(ExecutorScheduler.java:324) [rxjava-3.1.12.jar%23584!/:?]
	at TRANSFORMER/minecraft@1.21.1/net.minecraft.util.thread.BlockableEventLoop.doRunTask(BlockableEventLoop.java:148) [server-1.21.1-20240808.144430-srg.jar%23228!/:?]
	at TRANSFORMER/minecraft@1.21.1/net.minecraft.server.level.ServerChunkCache$MainThreadExecutor.doRunTask(ServerChunkCache.java:559) [server-1.21.1-20240808.144430-srg.jar%23228!/:?]
	at TRANSFORMER/minecraft@1.21.1/net.minecraft.util.thread.BlockableEventLoop.pollTask(BlockableEventLoop.java:122) [server-1.21.1-20240808.144430-srg.jar%23228!/:?]
	at TRANSFORMER/minecraft@1.21.1/net.minecraft.server.level.ServerChunkCache$MainThreadExecutor.pollTask(ServerChunkCache.java:568) [server-1.21.1-20240808.144430-srg.jar%23228!/:?]
	at TRANSFORMER/minecraft@1.21.1/net.minecraft.server.MinecraftServer.executeTasksMidTick(MinecraftServer.java:12146) [server-1.21.1-20240808.144430-srg.jar%23228!/:?]
	at TRANSFORMER/minecraft@1.21.1/net.minecraft.server.level.ServerChunkCache.handler$bgl000$c2me_opts_scheduling$onPostTickChunk(ServerChunkCache.java:6593) [server-1.21.1-20240808.144430-srg.jar%23228!/:?]
	at TRANSFORMER/minecraft@1.21.1/net.minecraft.server.level.ServerChunkCache.tickChunks(ServerChunkCache.java:371) [server-1.21.1-20240808.144430-srg.jar%23228!/:?]
	at TRANSFORMER/minecraft@1.21.1/net.minecraft.server.level.ServerChunkCache.tick(ServerChunkCache.java:321) [server-1.21.1-20240808.144430-srg.jar%23228!/:?]
	at TRANSFORMER/minecraft@1.21.1/net.minecraft.server.level.ServerLevel.tick(ServerLevel.java:379) [server-1.21.1-20240808.144430-srg.jar%23228!/:?]
	at TRANSFORMER/minecraft@1.21.1/net.minecraft.server.MinecraftServer.tickChildren(MinecraftServer.java:1037) [server-1.21.1-20240808.144430-srg.jar%23228!/:?]
	at TRANSFORMER/minecraft@1.21.1/net.minecraft.server.dedicated.DedicatedServer.tickChildren(DedicatedServer.java:317) [server-1.21.1-20240808.144430-srg.jar%23228!/:?]
	at TRANSFORMER/minecraft@1.21.1/net.minecraft.server.MinecraftServer.tickServer(MinecraftServer.java:917) [server-1.21.1-20240808.144430-srg.jar%23228!/:?]
	at TRANSFORMER/minecraft@1.21.1/net.minecraft.server.MinecraftServer.runServer(MinecraftServer.java:707) [server-1.21.1-20240808.144430-srg.jar%23228!/:?]
	at TRANSFORMER/minecraft@1.21.1/net.minecraft.server.MinecraftServer.lambda$spin$2(MinecraftServer.java:267) [server-1.21.1-20240808.144430-srg.jar%23228!/:?]
	at java.base/java.lang.Thread.run(Thread.java:1474) [?:?]
[30Apr2026 21:30:10.578] [Server thread/WARN] [net.minecraft.world.level.block.entity.BlockEntity/]: Skipping BlockEntity with id simulated:throttle_lever
[30Apr2026 21:30:47.902] [User Authenticator #16/INFO] [net.minecraft.server.network.ServerLoginPacketListenerImpl/]: UUID of player ArcRaiderElite is 4d73ddd4-b327-467f-93b3-2e9acda11896
[30Apr2026 21:30:50.448] [Server thread/WARN] [net.minecraft.server.PlayerAdvancements/]: Ignored advancement 'farmersdelight:recipes/decorations/basket' in progress file ./world/advancements/4d73ddd4-b327-467f-93b3-2e9acda11896.json - it doesn't exist anymore?
[30Apr2026 21:30:50.476] [Server thread/ERROR] [net.minecraft.stats.ServerRecipeBook/]: Tried to load unrecognized recipe: farmersdelight:basket removed now.
[30Apr2026 21:30:50.482] [Server thread/ERROR] [net.minecraft.stats.ServerRecipeBook/]: Tried to load unrecognized recipe: farmersdelight:basket removed now.
[30Apr2026 21:30:50.486] [Server thread/INFO] [net.minecraft.server.players.PlayerList/]: ArcRaiderElite[/71.82.253.46:49619] logged in with entity id 175383 at (285.74872772673217, 119.0, 317.69892009703784)
[30Apr2026 21:30:50.487] [Server thread/INFO] [dev.ryanhcode.sable.Sable/]: Beginning attempted authentication with player ArcRaiderElite
[30Apr2026 21:30:50.491] [Server thread/INFO] [Create cobblestone NeoForge/]: Syncing generator types to new client
[30Apr2026 21:30:50.491] [Server thread/INFO] [Create cobblestone NeoForge/]: Sent generator update payload (5 entries) to 1 player(s)
[30Apr2026 21:30:50.493] [Server thread/INFO] [net.minecraft.server.MinecraftServer/]: ArcRaiderElite joined the game
[30Apr2026 21:30:50.510] [Server thread/INFO] [DistantHorizons-DistantHorizons-com.seibel.distanthorizons.core.api.internal.ServerApi/]: Player [ArcRaiderElite] joined.
[30Apr2026 21:31:30.136] [Server thread/INFO] [dev.ryanhcode.sable.Sable/]: Saving sub-levels for level 'ServerLevel[world]'/minecraft:overworld
[30Apr2026 21:31:30.233] [Server thread/INFO] [dev.ryanhcode.sable.Sable/]: Saving sub-levels for level 'ServerLevel[world]'/minecraft:the_nether
[30Apr2026 21:31:30.233] [Server thread/INFO] [dev.ryanhcode.sable.Sable/]: Saving sub-levels for level 'ServerLevel[world]'/minecraft:the_end
[30Apr2026 21:31:30.240] [Server thread/INFO] [Chunk Activity Tracker/]: Saving data for 110 chunks for dimension 'the_nether' took 1 milliseconds
[30Apr2026 21:31:30.249] [Server thread/INFO] [Chunk Activity Tracker/]: Saving data for 2876 chunks for dimension 'overworld' took 8 milliseconds
[30Apr2026 21:33:09.594] [Server thread/INFO] [net.minecraft.server.MinecraftServer/]: ArcRaiderElite was shot by Skeleton
[30Apr2026 21:33:09.596] [Server thread/INFO] [gravestone/]: The death ID of player ArcRaiderElite is dca8112d-d849-4d27-81cd-08b46e49f409
[30Apr2026 21:36:02.243] [Server thread/INFO] [AllTheLeaks/]: Listing events...
[30Apr2026 21:36:02.243] [Server thread/INFO] [AllTheLeaks/]: Server Player Clone: 8
[30Apr2026 21:36:02.243] [Server thread/INFO] [AllTheLeaks/]: Server Player Logout: 7
[30Apr2026 21:36:02.243] [Server thread/INFO] [AllTheLeaks/]: Listing memory leaks so far...
[30Apr2026 21:36:02.244] [Server thread/INFO] [AllTheLeaks/]: B: 1289MB / C: 1927MB / Diff: +638MB
[30Apr2026 21:36:02.244] [Server thread/INFO] [AllTheLeaks/]: Memory Leaks detected: (/atl force_refresh to update)
[30Apr2026 21:36:02.244] [Server thread/INFO] [AllTheLeaks/]: | ChunkAccess:
[30Apr2026 21:36:02.244] [Server thread/INFO] [AllTheLeaks/]: |- LevelChunk (minecraft): 28
[30Apr2026 21:36:02.244] [Server thread/INFO] [AllTheLeaks/]: | Player:
[30Apr2026 21:36:02.244] [Server thread/INFO] [AllTheLeaks/]: |- ServerPlayer (minecraft): 15
[30Apr2026 21:36:30.131] [Server thread/INFO] [dev.ryanhcode.sable.Sable/]: Saving sub-levels for level 'ServerLevel[world]'/minecraft:overworld
[30Apr2026 21:36:30.225] [Server thread/INFO] [dev.ryanhcode.sable.Sable/]: Saving sub-levels for level 'ServerLevel[world]'/minecraft:the_nether
[30Apr2026 21:36:30.225] [Server thread/INFO] [dev.ryanhcode.sable.Sable/]: Saving sub-levels for level 'ServerLevel[world]'/minecraft:the_end
[30Apr2026 21:36:30.233] [Server thread/INFO] [Chunk Activity Tracker/]: Saving data for 110 chunks for dimension 'the_nether' took 1 milliseconds
[30Apr2026 21:36:30.243] [Server thread/INFO] [Chunk Activity Tracker/]: Saving data for 2876 chunks for dimension 'overworld' took 9 milliseconds
[30Apr2026 21:39:19.208] [Server thread/INFO] [net.minecraft.server.MinecraftServer/]: KobaltKhaos has made the advancement [A Glorious Feast]
[30Apr2026 21:41:30.116] [Server thread/INFO] [dev.ryanhcode.sable.Sable/]: Saving sub-levels for level 'ServerLevel[world]'/minecraft:overworld
[30Apr2026 21:41:30.210] [Server thread/INFO] [dev.ryanhcode.sable.Sable/]: Saving sub-levels for level 'ServerLevel[world]'/minecraft:the_nether
[30Apr2026 21:41:30.211] [Server thread/INFO] [dev.ryanhcode.sable.Sable/]: Saving sub-levels for level 'ServerLevel[world]'/minecraft:the_end
[30Apr2026 21:41:30.219] [Server thread/INFO] [Chunk Activity Tracker/]: Saving data for 110 chunks for dimension 'the_nether' took 1 milliseconds
[30Apr2026 21:41:30.228] [Server thread/INFO] [Chunk Activity Tracker/]: Saving data for 2886 chunks for dimension 'overworld' took 9 milliseconds
[30Apr2026 21:46:02.282] [Server thread/INFO] [AllTheLeaks/]: Listing events...
[30Apr2026 21:46:02.282] [Server thread/INFO] [AllTheLeaks/]: Server Player Clone: 8
[30Apr2026 21:46:02.282] [Server thread/INFO] [AllTheLeaks/]: Server Player Logout: 7
[30Apr2026 21:46:02.283] [Server thread/INFO] [AllTheLeaks/]: Listing memory leaks so far...
[30Apr2026 21:46:02.283] [Server thread/INFO] [AllTheLeaks/]: B: 1289MB / C: 1921MB / Diff: +632MB
[30Apr2026 21:46:02.283] [Server thread/INFO] [AllTheLeaks/]: Memory Leaks detected: (/atl force_refresh to update)
[30Apr2026 21:46:02.283] [Server thread/INFO] [AllTheLeaks/]: | ChunkAccess:
[30Apr2026 21:46:02.283] [Server thread/INFO] [AllTheLeaks/]: |- LevelChunk (minecraft): 671
[30Apr2026 21:46:02.284] [Server thread/INFO] [AllTheLeaks/]: | Player:
[30Apr2026 21:46:02.284] [Server thread/INFO] [AllTheLeaks/]: |- ServerPlayer (minecraft): 15
[30Apr2026 21:46:30.111] [Server thread/INFO] [dev.ryanhcode.sable.Sable/]: Saving sub-levels for level 'ServerLevel[world]'/minecraft:overworld
[30Apr2026 21:46:30.190] [Server thread/INFO] [dev.ryanhcode.sable.Sable/]: Saving sub-levels for level 'ServerLevel[world]'/minecraft:the_nether
[30Apr2026 21:46:30.190] [Server thread/INFO] [dev.ryanhcode.sable.Sable/]: Saving sub-levels for level 'ServerLevel[world]'/minecraft:the_end
[30Apr2026 21:46:30.197] [Server thread/INFO] [Chunk Activity Tracker/]: Saving data for 110 chunks for dimension 'the_nether' took 1 milliseconds
[30Apr2026 21:46:30.206] [Server thread/INFO] [Chunk Activity Tracker/]: Saving data for 2892 chunks for dimension 'overworld' took 9 milliseconds
[30Apr2026 21:51:30.112] [Server thread/INFO] [dev.ryanhcode.sable.Sable/]: Saving sub-levels for level 'ServerLevel[world]'/minecraft:overworld
[30Apr2026 21:51:30.176] [Server thread/INFO] [dev.ryanhcode.sable.Sable/]: Saving sub-levels for level 'ServerLevel[world]'/minecraft:the_nether
[30Apr2026 21:51:30.177] [Server thread/INFO] [dev.ryanhcode.sable.Sable/]: Saving sub-levels for level 'ServerLevel[world]'/minecraft:the_end
[30Apr2026 21:51:30.184] [Server thread/INFO] [Chunk Activity Tracker/]: Saving data for 110 chunks for dimension 'the_nether' took 1 milliseconds
[30Apr2026 21:51:30.193] [Server thread/INFO] [Chunk Activity Tracker/]: Saving data for 2900 chunks for dimension 'overworld' took 9 milliseconds
[30Apr2026 21:56:02.339] [Server thread/INFO] [AllTheLeaks/]: Listing events...
[30Apr2026 21:56:02.340] [Server thread/INFO] [AllTheLeaks/]: Server Player Clone: 8
[30Apr2026 21:56:02.340] [Server thread/INFO] [AllTheLeaks/]: Server Player Logout: 7
[30Apr2026 21:56:02.340] [Server thread/INFO] [AllTheLeaks/]: Listing memory leaks so far...
[30Apr2026 21:56:02.341] [Server thread/INFO] [AllTheLeaks/]: B: 1289MB / C: 1864MB / Diff: +575MB
[30Apr2026 21:56:02.341] [Server thread/INFO] [AllTheLeaks/]: Memory Leaks detected: (/atl force_refresh to update)
[30Apr2026 21:56:02.341] [Server thread/INFO] [AllTheLeaks/]: | ChunkAccess:
[30Apr2026 21:56:02.341] [Server thread/INFO] [AllTheLeaks/]: |- LevelChunk (minecraft): 103
[30Apr2026 21:56:02.341] [Server thread/INFO] [AllTheLeaks/]: | Player:
[30Apr2026 21:56:02.342] [Server thread/INFO] [AllTheLeaks/]: |- ServerPlayer (minecraft): 15
[30Apr2026 21:56:30.118] [Server thread/INFO] [dev.ryanhcode.sable.Sable/]: Saving sub-levels for level 'ServerLevel[world]'/minecraft:overworld
[30Apr2026 21:56:30.203] [Server thread/INFO] [dev.ryanhcode.sable.Sable/]: Saving sub-levels for level 'ServerLevel[world]'/minecraft:the_nether
[30Apr2026 21:56:30.203] [Server thread/INFO] [dev.ryanhcode.sable.Sable/]: Saving sub-levels for level 'ServerLevel[world]'/minecraft:the_end
[30Apr2026 21:56:30.211] [Server thread/INFO] [Chunk Activity Tracker/]: Saving data for 110 chunks for dimension 'the_nether' took 1 milliseconds
[30Apr2026 21:56:30.220] [Server thread/INFO] [Chunk Activity Tracker/]: Saving data for 2906 chunks for dimension 'overworld' took 9 milliseconds
[30Apr2026 22:00:39.826] [Server thread/WARN] [net.minecraft.server.network.ServerGamePacketListenerImpl/]: KobaltKhaos moved too quickly! 4.922743482796225,0.0,-8.75771800690677
[30Apr2026 22:00:39.838] [Server thread/WARN] [net.minecraft.server.MinecraftServer/]: Can't keep up! Is the server overloaded? Running 2331ms or 46 ticks behind
[30Apr2026 22:01:32.428] [Server thread/INFO] [dev.ryanhcode.sable.Sable/]: Saving sub-levels for level 'ServerLevel[world]'/minecraft:overworld
[30Apr2026 22:01:32.498] [Server thread/INFO] [dev.ryanhcode.sable.Sable/]: Saving sub-levels for level 'ServerLevel[world]'/minecraft:the_nether
[30Apr2026 22:01:32.499] [Server thread/INFO] [dev.ryanhcode.sable.Sable/]: Saving sub-levels for level 'ServerLevel[world]'/minecraft:the_end
[30Apr2026 22:01:32.507] [Server thread/INFO] [Chunk Activity Tracker/]: Saving data for 110 chunks for dimension 'the_nether' took 1 milliseconds
[30Apr2026 22:01:32.516] [Server thread/INFO] [Chunk Activity Tracker/]: Saving data for 2993 chunks for dimension 'overworld' took 9 milliseconds
[30Apr2026 22:01:42.185] [Server thread/INFO] [net.minecraft.server.MinecraftServer/]: ArcRaiderElite has made the advancement [Crops of the Wild]
[30Apr2026 22:01:44.140] [c2me-worker-4/ERROR] [net.minecraft.world.item.ItemStack/]: Tried to load invalid item: 'Item must not be minecraft:air'
[30Apr2026 22:02:03.986] [c2me-worker-5/ERROR] [net.minecraft.world.item.ItemStack/]: Tried to load invalid item: 'Item must not be minecraft:air'
[30Apr2026 22:06:04.683] [Server thread/INFO] [AllTheLeaks/]: Listing events...
[30Apr2026 22:06:04.684] [Server thread/INFO] [AllTheLeaks/]: Server Player Clone: 8
[30Apr2026 22:06:04.684] [Server thread/INFO] [AllTheLeaks/]: Server Player Logout: 7
[30Apr2026 22:06:04.684] [Server thread/INFO] [AllTheLeaks/]: Listing memory leaks so far...
[30Apr2026 22:06:04.685] [Server thread/INFO] [AllTheLeaks/]: B: 1289MB / C: 2143MB / Diff: +854MB
[30Apr2026 22:06:04.685] [Server thread/INFO] [AllTheLeaks/]: Memory Leaks detected: (/atl force_refresh to update)
[30Apr2026 22:06:04.685] [Server thread/INFO] [AllTheLeaks/]: | ChunkAccess:
[30Apr2026 22:06:04.685] [Server thread/INFO] [AllTheLeaks/]: |- LevelChunk (minecraft): 159
[30Apr2026 22:06:04.685] [Server thread/INFO] [AllTheLeaks/]: | Player:
[30Apr2026 22:06:04.685] [Server thread/INFO] [AllTheLeaks/]: |- ServerPlayer (minecraft): 15
[30Apr2026 22:06:32.413] [Server thread/INFO] [dev.ryanhcode.sable.Sable/]: Saving sub-levels for level 'ServerLevel[world]'/minecraft:overworld
[30Apr2026 22:06:32.478] [Server thread/INFO] [dev.ryanhcode.sable.Sable/]: Saving sub-levels for level 'ServerLevel[world]'/minecraft:the_nether
[30Apr2026 22:06:32.478] [Server thread/INFO] [dev.ryanhcode.sable.Sable/]: Saving sub-levels for level 'ServerLevel[world]'/minecraft:the_end
[30Apr2026 22:06:32.485] [Server thread/INFO] [Chunk Activity Tracker/]: Saving data for 110 chunks for dimension 'the_nether' took 1 milliseconds
[30Apr2026 22:06:32.494] [Server thread/INFO] [Chunk Activity Tracker/]: Saving data for 3039 chunks for dimension 'overworld' took 8 milliseconds
[30Apr2026 22:09:14.785] [Server thread/INFO] [net.minecraft.server.MinecraftServer/]: ArcRaiderElite has made the advancement [Monster Hunter]
[30Apr2026 22:11:32.452] [Server thread/INFO] [dev.ryanhcode.sable.Sable/]: Saving sub-levels for level 'ServerLevel[world]'/minecraft:overworld
[30Apr2026 22:11:32.528] [Server thread/INFO] [dev.ryanhcode.sable.Sable/]: Saving sub-levels for level 'ServerLevel[world]'/minecraft:the_nether
[30Apr2026 22:11:32.529] [Server thread/INFO] [dev.ryanhcode.sable.Sable/]: Saving sub-levels for level 'ServerLevel[world]'/minecraft:the_end
[30Apr2026 22:11:32.536] [Server thread/INFO] [Chunk Activity Tracker/]: Saving data for 110 chunks for dimension 'the_nether' took 1 milliseconds
[30Apr2026 22:11:32.546] [Server thread/INFO] [Chunk Activity Tracker/]: Saving data for 3165 chunks for dimension 'overworld' took 9 milliseconds
[30Apr2026 22:12:35.089] [Server thread/INFO] [net.minecraft.server.network.ServerGamePacketListenerImpl/]: ElSangre1910 lost connection: Disconnected
[30Apr2026 22:12:35.089] [Server thread/INFO] [net.minecraft.server.MinecraftServer/]: ElSangre1910 left the game
[30Apr2026 22:12:35.089] [Server thread/INFO] [DistantHorizons-DistantHorizons-com.seibel.distanthorizons.core.api.internal.ServerApi/]: Player [ElSangre1910] disconnected.
[30Apr2026 22:16:04.843] [Server thread/INFO] [AllTheLeaks/]: Listing events...
[30Apr2026 22:16:04.844] [Server thread/INFO] [AllTheLeaks/]: Server Player Clone: 8
[30Apr2026 22:16:04.845] [Server thread/INFO] [AllTheLeaks/]: Server Player Logout: 8
[30Apr2026 22:16:04.846] [Server thread/INFO] [AllTheLeaks/]: Listing memory leaks so far...
[30Apr2026 22:16:04.846] [Server thread/INFO] [AllTheLeaks/]: B: 1289MB / C: 2259MB / Diff: +970MB
[30Apr2026 22:16:04.847] [Server thread/INFO] [AllTheLeaks/]: Memory Leaks detected: (/atl force_refresh to update)
[30Apr2026 22:16:04.847] [Server thread/INFO] [AllTheLeaks/]: | ChunkAccess:
[30Apr2026 22:16:04.847] [Server thread/INFO] [AllTheLeaks/]: |- LevelChunk (minecraft): 429
[30Apr2026 22:16:04.847] [Server thread/INFO] [AllTheLeaks/]: | Player:
[30Apr2026 22:16:04.848] [Server thread/INFO] [AllTheLeaks/]: |- ServerPlayer (minecraft): 16
[30Apr2026 22:16:32.355] [Server thread/INFO] [dev.ryanhcode.sable.Sable/]: Saving sub-levels for level 'ServerLevel[world]'/minecraft:overworld
[30Apr2026 22:16:32.431] [Server thread/INFO] [dev.ryanhcode.sable.Sable/]: Saving sub-levels for level 'ServerLevel[world]'/minecraft:the_nether
[30Apr2026 22:16:32.431] [Server thread/INFO] [dev.ryanhcode.sable.Sable/]: Saving sub-levels for level 'ServerLevel[world]'/minecraft:the_end
[30Apr2026 22:16:32.439] [Server thread/INFO] [Chunk Activity Tracker/]: Saving data for 110 chunks for dimension 'the_nether' took 2 milliseconds
[30Apr2026 22:16:32.448] [Server thread/INFO] [Chunk Activity Tracker/]: Saving data for 3263 chunks for dimension 'overworld' took 9 milliseconds
[30Apr2026 22:17:14.177] [Server thread/INFO] [net.minecraft.server.MinecraftServer/]: KobaltKhaos has made the advancement [Winter Wagon]
[30Apr2026 22:18:42.488] [Server thread/INFO] [net.minecraft.server.MinecraftServer/]: ArcRaiderElite has made the advancement [Acquire Hardware]
[30Apr2026 22:21:32.754] [Server thread/INFO] [dev.ryanhcode.sable.Sable/]: Saving sub-levels for level 'ServerLevel[world]'/minecraft:overworld
[30Apr2026 22:21:32.855] [Server thread/INFO] [dev.ryanhcode.sable.Sable/]: Saving sub-levels for level 'ServerLevel[world]'/minecraft:the_nether
[30Apr2026 22:21:32.858] [Server thread/INFO] [dev.ryanhcode.sable.Sable/]: Saving sub-levels for level 'ServerLevel[world]'/minecraft:the_end
[30Apr2026 22:21:32.877] [Server thread/INFO] [Chunk Activity Tracker/]: Saving data for 110 chunks for dimension 'the_nether' took 3 milliseconds
[30Apr2026 22:21:32.899] [Server thread/INFO] [Chunk Activity Tracker/]: Saving data for 3366 chunks for dimension 'overworld' took 22 milliseconds
[30Apr2026 22:22:24.810] [pool-11-thread-1/INFO] [Supplementaries/]: Searching for closest structure among [integrated_villages:kutcha_village, integrated_villages:oasis_village, idas:fishermans_lodge, integrated_villages:mediterranean_village, minecraft:village_snowy, idas:desert_market/desert_market, integrated_villages:tavern_village, minecraft:village_plains, idas:castle, integrated_villages:pirate_village, integrated_villages:clockwork_village, integrated_villages:cabin_village] from position BlockPos{x=-251, y=69, z=3989}
[30Apr2026 22:22:25.066] [pool-11-thread-1/INFO] [Supplementaries/]: 
 Structure locator found 2 structures: 
integrated_villages:cabin_village at BlockPos{x=464, y=0, z=4192}, dist = 746.454955104459
integrated_villages:tavern_village at BlockPos{x=832, y=0, z=3760}, dist = 1109.0946758505336
[30Apr2026 22:23:18.128] [Server thread/INFO] [net.minecraft.server.MinecraftServer/]: KobaltKhaos has completed the challenge [Tinker's Citadel]
[30Apr2026 22:24:29.983] [Server thread/INFO] [net.minecraft.server.MinecraftServer/]: ArcRaiderElite has made the advancement [Winter Wagon]
[30Apr2026 22:26:04.779] [Server thread/INFO] [AllTheLeaks/]: Listing events...
[30Apr2026 22:26:04.779] [Server thread/INFO] [AllTheLeaks/]: Server Player Clone: 8
[30Apr2026 22:26:04.780] [Server thread/INFO] [AllTheLeaks/]: Server Player Logout: 8
[30Apr2026 22:26:04.780] [Server thread/INFO] [AllTheLeaks/]: Listing memory leaks so far...
[30Apr2026 22:26:04.780] [Server thread/INFO] [AllTheLeaks/]: B: 1289MB / C: 2345MB / Diff: +1056MB
[30Apr2026 22:26:04.780] [Server thread/INFO] [AllTheLeaks/]: Memory Leaks detected: (/atl force_refresh to update)
[30Apr2026 22:26:04.780] [Server thread/INFO] [AllTheLeaks/]: | ChunkAccess:
[30Apr2026 22:26:04.780] [Server thread/INFO] [AllTheLeaks/]: |- LevelChunk (minecraft): 79
[30Apr2026 22:26:04.781] [Server thread/INFO] [AllTheLeaks/]: | Player:
[30Apr2026 22:26:04.781] [Server thread/INFO] [AllTheLeaks/]: |- ServerPlayer (minecraft): 16
[30Apr2026 22:26:32.297] [Server thread/INFO] [dev.ryanhcode.sable.Sable/]: Saving sub-levels for level 'ServerLevel[world]'/minecraft:overworld
[30Apr2026 22:26:32.367] [Server thread/INFO] [dev.ryanhcode.sable.Sable/]: Saving sub-levels for level 'ServerLevel[world]'/minecraft:the_nether
[30Apr2026 22:26:32.368] [Server thread/INFO] [dev.ryanhcode.sable.Sable/]: Saving sub-levels for level 'ServerLevel[world]'/minecraft:the_end
[30Apr2026 22:26:32.375] [Server thread/INFO] [Chunk Activity Tracker/]: Saving data for 110 chunks for dimension 'the_nether' took 1 milliseconds
[30Apr2026 22:26:32.385] [Server thread/INFO] [Chunk Activity Tracker/]: Saving data for 3481 chunks for dimension 'overworld' took 10 milliseconds
[30Apr2026 22:31:32.501] [Server thread/INFO] [dev.ryanhcode.sable.Sable/]: Saving sub-levels for level 'ServerLevel[world]'/minecraft:overworld
[30Apr2026 22:31:32.564] [Server thread/INFO] [dev.ryanhcode.sable.Sable/]: Saving sub-levels for level 'ServerLevel[world]'/minecraft:the_nether
[30Apr2026 22:31:32.564] [Server thread/INFO] [dev.ryanhcode.sable.Sable/]: Saving sub-levels for level 'ServerLevel[world]'/minecraft:the_end
[30Apr2026 22:31:32.571] [Server thread/INFO] [Chunk Activity Tracker/]: Saving data for 110 chunks for dimension 'the_nether' took 1 milliseconds
[30Apr2026 22:31:32.582] [Server thread/INFO] [Chunk Activity Tracker/]: Saving data for 3510 chunks for dimension 'overworld' took 10 milliseconds
[30Apr2026 22:34:51.378] [Server thread/INFO] [net.minecraft.server.MinecraftServer/]: KobaltKhaos has reached the goal [This Belongs in a Museum]
[30Apr2026 22:35:13.979] [Server thread/INFO] [net.minecraft.server.MinecraftServer/]: ArcRaiderElite has completed the challenge [Tinker's Citadel]
[30Apr2026 22:36:04.827] [Server thread/INFO] [AllTheLeaks/]: Listing events...
[30Apr2026 22:36:04.828] [Server thread/INFO] [AllTheLeaks/]: Server Player Clone: 8
[30Apr2026 22:36:04.828] [Server thread/INFO] [AllTheLeaks/]: Server Player Logout: 8
[30Apr2026 22:36:04.828] [Server thread/INFO] [AllTheLeaks/]: Listing memory leaks so far...
[30Apr2026 22:36:04.828] [Server thread/INFO] [AllTheLeaks/]: B: 1289MB / C: 2233MB / Diff: +944MB
[30Apr2026 22:36:04.828] [Server thread/INFO] [AllTheLeaks/]: Memory Leaks detected: (/atl force_refresh to update)
[30Apr2026 22:36:04.829] [Server thread/INFO] [AllTheLeaks/]: | ChunkAccess:
[30Apr2026 22:36:04.829] [Server thread/INFO] [AllTheLeaks/]: |- LevelChunk (minecraft): 708
[30Apr2026 22:36:04.829] [Server thread/INFO] [AllTheLeaks/]: | Player:
[30Apr2026 22:36:04.829] [Server thread/INFO] [AllTheLeaks/]: |- ServerPlayer (minecraft): 16
[30Apr2026 22:36:06.280] [Server thread/INFO] [net.minecraft.server.MinecraftServer/]: ArcRaiderElite was slain by Forgotten
[30Apr2026 22:36:06.282] [Server thread/INFO] [gravestone/]: The death ID of player ArcRaiderElite is 671b99da-c880-4dc1-b4ba-420dc0552045
[30Apr2026 22:36:32.311] [Server thread/INFO] [dev.ryanhcode.sable.Sable/]: Saving sub-levels for level 'ServerLevel[world]'/minecraft:overworld
[30Apr2026 22:36:32.372] [Server thread/INFO] [dev.ryanhcode.sable.Sable/]: Saving sub-levels for level 'ServerLevel[world]'/minecraft:the_nether
[30Apr2026 22:36:32.372] [Server thread/INFO] [dev.ryanhcode.sable.Sable/]: Saving sub-levels for level 'ServerLevel[world]'/minecraft:the_end
[30Apr2026 22:36:32.380] [Server thread/INFO] [Chunk Activity Tracker/]: Saving data for 110 chunks for dimension 'the_nether' took 1 milliseconds
[30Apr2026 22:36:32.389] [Server thread/INFO] [Chunk Activity Tracker/]: Saving data for 3551 chunks for dimension 'overworld' took 9 milliseconds
[30Apr2026 22:41:05.833] [Server thread/INFO] [net.minecraft.server.network.ServerGamePacketListenerImpl/]: ArcRaiderElite lost connection: Disconnected
[30Apr2026 22:41:05.833] [Server thread/INFO] [net.minecraft.server.MinecraftServer/]: ArcRaiderElite left the game
[30Apr2026 22:41:05.834] [Server thread/INFO] [DistantHorizons-DistantHorizons-com.seibel.distanthorizons.core.api.internal.ServerApi/]: Player [ArcRaiderElite] disconnected.
[30Apr2026 22:41:32.183] [Server thread/INFO] [dev.ryanhcode.sable.Sable/]: Saving sub-levels for level 'ServerLevel[world]'/minecraft:overworld
[30Apr2026 22:41:32.251] [Server thread/INFO] [dev.ryanhcode.sable.Sable/]: Saving sub-levels for level 'ServerLevel[world]'/minecraft:the_nether
[30Apr2026 22:41:32.251] [Server thread/INFO] [dev.ryanhcode.sable.Sable/]: Saving sub-levels for level 'ServerLevel[world]'/minecraft:the_end
[30Apr2026 22:41:32.259] [Server thread/INFO] [Chunk Activity Tracker/]: Saving data for 110 chunks for dimension 'the_nether' took 1 milliseconds
[30Apr2026 22:41:32.268] [Server thread/INFO] [Chunk Activity Tracker/]: Saving data for 3565 chunks for dimension 'overworld' took 9 milliseconds
[30Apr2026 22:41:46.775] [Server thread/INFO] [net.minecraft.server.MinecraftServer/]: KobaltKhaos was slain by Forgotten
[30Apr2026 22:41:46.776] [Server thread/INFO] [gravestone/]: The death ID of player KobaltKhaos is 9333bc65-43a6-4e43-b813-ef8114aff9aa
[30Apr2026 22:41:50.720] [Server thread/INFO] [dev.ryanhcode.sable.Sable/]: Player logged in with tracking point in non-loaded sub-level. Attempting to load.
[30Apr2026 22:42:42.277] [Server thread/INFO] [net.minecraft.server.network.ServerGamePacketListenerImpl/]: KruKnight lost connection: Disconnected
[30Apr2026 22:42:42.277] [Server thread/INFO] [net.minecraft.server.MinecraftServer/]: KruKnight left the game
[30Apr2026 22:42:42.278] [Server thread/INFO] [DistantHorizons-DistantHorizons-com.seibel.distanthorizons.core.api.internal.ServerApi/]: Player [KruKnight] disconnected.
[30Apr2026 22:46:04.868] [Server thread/INFO] [AllTheLeaks/]: Listing events...
[30Apr2026 22:46:04.869] [Server thread/INFO] [AllTheLeaks/]: Server Player Clone: 10
[30Apr2026 22:46:04.869] [Server thread/INFO] [AllTheLeaks/]: Server Player Logout: 10
[30Apr2026 22:46:04.869] [Server thread/INFO] [AllTheLeaks/]: Listing memory leaks so far...
[30Apr2026 22:46:04.869] [Server thread/INFO] [AllTheLeaks/]: B: 1289MB / C: 1996MB / Diff: +707MB
[30Apr2026 22:46:04.869] [Server thread/INFO] [AllTheLeaks/]: Memory Leaks detected: (/atl force_refresh to update)
[30Apr2026 22:46:04.869] [Server thread/INFO] [AllTheLeaks/]: | ChunkAccess:
[30Apr2026 22:46:04.870] [Server thread/INFO] [AllTheLeaks/]: |- LevelChunk (minecraft): 2679
[30Apr2026 22:46:04.870] [Server thread/INFO] [AllTheLeaks/]: | Player:
[30Apr2026 22:46:04.870] [Server thread/INFO] [AllTheLeaks/]: |- ServerPlayer (minecraft): 20
[30Apr2026 22:46:32.070] [Server thread/INFO] [dev.ryanhcode.sable.Sable/]: Saving sub-levels for level 'ServerLevel[world]'/minecraft:overworld
[30Apr2026 22:46:32.132] [Server thread/INFO] [dev.ryanhcode.sable.Sable/]: Saving sub-levels for level 'ServerLevel[world]'/minecraft:the_nether
[30Apr2026 22:46:32.133] [Server thread/INFO] [dev.ryanhcode.sable.Sable/]: Saving sub-levels for level 'ServerLevel[world]'/minecraft:the_end
[30Apr2026 22:46:32.140] [Server thread/INFO] [Chunk Activity Tracker/]: Saving data for 110 chunks for dimension 'the_nether' took 1 milliseconds
[30Apr2026 22:46:32.149] [Server thread/INFO] [Chunk Activity Tracker/]: Saving data for 3565 chunks for dimension 'overworld' took 9 milliseconds
[30Apr2026 22:47:27.317] [Server thread/INFO] [net.minecraft.server.network.ServerGamePacketListenerImpl/]: KobaltKhaos lost connection: Disconnected
[30Apr2026 22:47:27.318] [Server thread/INFO] [net.minecraft.server.MinecraftServer/]: KobaltKhaos left the game
[30Apr2026 22:47:27.318] [Server thread/INFO] [DistantHorizons-DistantHorizons-com.seibel.distanthorizons.core.api.internal.ServerApi/]: Player [KobaltKhaos] disconnected.
[30Apr2026 22:51:31.957] [Server thread/INFO] [dev.ryanhcode.sable.Sable/]: Saving sub-levels for level 'ServerLevel[world]'/minecraft:overworld
[30Apr2026 22:51:31.976] [Server thread/INFO] [dev.ryanhcode.sable.Sable/]: Saving sub-levels for level 'ServerLevel[world]'/minecraft:the_nether
[30Apr2026 22:51:31.976] [Server thread/INFO] [dev.ryanhcode.sable.Sable/]: Saving sub-levels for level 'ServerLevel[world]'/minecraft:the_end
[30Apr2026 22:51:31.982] [Server thread/INFO] [Chunk Activity Tracker/]: Saving data for 110 chunks for dimension 'the_nether' took 0 milliseconds
[30Apr2026 22:51:31.992] [Server thread/INFO] [Chunk Activity Tracker/]: Saving data for 3565 chunks for dimension 'overworld' took 9 milliseconds
[30Apr2026 22:56:04.908] [Server thread/INFO] [AllTheLeaks/]: Listing events...
[30Apr2026 22:56:04.908] [Server thread/INFO] [AllTheLeaks/]: Server Player Clone: 10
[30Apr2026 22:56:04.909] [Server thread/INFO] [AllTheLeaks/]: Server Player Logout: 11
[30Apr2026 22:56:04.909] [Server thread/INFO] [AllTheLeaks/]: Listing memory leaks so far...
[30Apr2026 22:56:04.909] [Server thread/INFO] [AllTheLeaks/]: B: 1289MB / C: 1978MB / Diff: +689MB
[30Apr2026 22:56:04.910] [Server thread/INFO] [AllTheLeaks/]: Memory Leaks detected: (/atl force_refresh to update)
[30Apr2026 22:56:04.910] [Server thread/INFO] [AllTheLeaks/]: | ChunkAccess:
[30Apr2026 22:56:04.911] [Server thread/INFO] [AllTheLeaks/]: |- LevelChunk (minecraft): 3624
[30Apr2026 22:56:04.911] [Server thread/INFO] [AllTheLeaks/]: | Player:
[30Apr2026 22:56:04.911] [Server thread/INFO] [AllTheLeaks/]: |- ServerPlayer (minecraft): 21
[30Apr2026 22:56:31.957] [Server thread/INFO] [dev.ryanhcode.sable.Sable/]: Saving sub-levels for level 'ServerLevel[world]'/minecraft:overworld
[30Apr2026 22:56:31.963] [Server thread/INFO] [dev.ryanhcode.sable.Sable/]: Saving sub-levels for level 'ServerLevel[world]'/minecraft:the_nether
[30Apr2026 22:56:31.963] [Server thread/INFO] [dev.ryanhcode.sable.Sable/]: Saving sub-levels for level 'ServerLevel[world]'/minecraft:the_end
[30Apr2026 22:56:31.974] [Server thread/INFO] [Chunk Activity Tracker/]: Saving data for 110 chunks for dimension 'the_nether' took 1 milliseconds
[30Apr2026 22:56:31.987] [Server thread/INFO] [Chunk Activity Tracker/]: Saving data for 3565 chunks for dimension 'overworld' took 13 milliseconds
[30Apr2026 23:01:31.957] [Server thread/INFO] [dev.ryanhcode.sable.Sable/]: Saving sub-levels for level 'ServerLevel[world]'/minecraft:overworld
[30Apr2026 23:01:31.961] [Server thread/INFO] [dev.ryanhcode.sable.Sable/]: Saving sub-levels for level 'ServerLevel[world]'/minecraft:the_nether
[30Apr2026 23:01:31.962] [Server thread/INFO] [dev.ryanhcode.sable.Sable/]: Saving sub-levels for level 'ServerLevel[world]'/minecraft:the_end
[30Apr2026 23:01:31.969] [Server thread/INFO] [Chunk Activity Tracker/]: Saving data for 110 chunks for dimension 'the_nether' took 1 milliseconds
[30Apr2026 23:01:31.979] [Server thread/INFO] [Chunk Activity Tracker/]: Saving data for 3565 chunks for dimension 'overworld' took 10 milliseconds
[30Apr2026 23:06:04.957] [Server thread/INFO] [AllTheLeaks/]: Listing events...
[30Apr2026 23:06:04.958] [Server thread/INFO] [AllTheLeaks/]: Server Player Clone: 10
[30Apr2026 23:06:04.958] [Server thread/INFO] [AllTheLeaks/]: Server Player Logout: 11
[30Apr2026 23:06:04.958] [Server thread/INFO] [AllTheLeaks/]: Listing memory leaks so far...
[30Apr2026 23:06:04.958] [Server thread/INFO] [AllTheLeaks/]: B: 1289MB / C: 1978MB / Diff: +689MB
[30Apr2026 23:06:04.959] [Server thread/INFO] [AllTheLeaks/]: Memory Leaks detected: (/atl force_refresh to update)
[30Apr2026 23:06:04.959] [Server thread/INFO] [AllTheLeaks/]: | ChunkAccess:
[30Apr2026 23:06:04.959] [Server thread/INFO] [AllTheLeaks/]: |- LevelChunk (minecraft): 3624
[30Apr2026 23:06:04.959] [Server thread/INFO] [AllTheLeaks/]: | Player:
[30Apr2026 23:06:04.959] [Server thread/INFO] [AllTheLeaks/]: |- ServerPlayer (minecraft): 21
[30Apr2026 23:06:31.957] [Server thread/INFO] [dev.ryanhcode.sable.Sable/]: Saving sub-levels for level 'ServerLevel[world]'/minecraft:overworld
[30Apr2026 23:06:31.961] [Server thread/INFO] [dev.ryanhcode.sable.Sable/]: Saving sub-levels for level 'ServerLevel[world]'/minecraft:the_nether
[30Apr2026 23:06:31.962] [Server thread/INFO] [dev.ryanhcode.sable.Sable/]: Saving sub-levels for level 'ServerLevel[world]'/minecraft:the_end
[30Apr2026 23:06:31.969] [Server thread/INFO] [Chunk Activity Tracker/]: Saving data for 110 chunks for dimension 'the_nether' took 1 milliseconds
[30Apr2026 23:06:31.979] [Server thread/INFO] [Chunk Activity Tracker/]: Saving data for 3565 chunks for dimension 'overworld' took 10 milliseconds
[30Apr2026 23:11:31.957] [Server thread/INFO] [dev.ryanhcode.sable.Sable/]: Saving sub-levels for level 'ServerLevel[world]'/minecraft:overworld
[30Apr2026 23:11:31.962] [Server thread/INFO] [dev.ryanhcode.sable.Sable/]: Saving sub-levels for level 'ServerLevel[world]'/minecraft:the_nether
[30Apr2026 23:11:31.962] [Server thread/INFO] [dev.ryanhcode.sable.Sable/]: Saving sub-levels for level 'ServerLevel[world]'/minecraft:the_end
[30Apr2026 23:11:31.970] [Server thread/INFO] [Chunk Activity Tracker/]: Saving data for 110 chunks for dimension 'the_nether' took 1 milliseconds
[30Apr2026 23:11:31.979] [Server thread/INFO] [Chunk Activity Tracker/]: Saving data for 3565 chunks for dimension 'overworld' took 9 milliseconds
[30Apr2026 23:16:05.008] [Server thread/INFO] [AllTheLeaks/]: Listing events...
[30Apr2026 23:16:05.008] [Server thread/INFO] [AllTheLeaks/]: Server Player Clone: 10
[30Apr2026 23:16:05.008] [Server thread/INFO] [AllTheLeaks/]: Server Player Logout: 11
[30Apr2026 23:16:05.009] [Server thread/INFO] [AllTheLeaks/]: Listing memory leaks so far...
[30Apr2026 23:16:05.009] [Server thread/INFO] [AllTheLeaks/]: B: 1289MB / C: 1961MB / Diff: +672MB
[30Apr2026 23:16:05.009] [Server thread/INFO] [AllTheLeaks/]: Memory Leaks detected: (/atl force_refresh to update)
[30Apr2026 23:16:05.009] [Server thread/INFO] [AllTheLeaks/]: | ChunkAccess:
[30Apr2026 23:16:05.009] [Server thread/INFO] [AllTheLeaks/]: |- LevelChunk (minecraft): 2382
[30Apr2026 23:16:05.010] [Server thread/INFO] [AllTheLeaks/]: | Player:
[30Apr2026 23:16:05.010] [Server thread/INFO] [AllTheLeaks/]: |- ServerPlayer (minecraft): 21
[30Apr2026 23:16:31.957] [Server thread/INFO] [dev.ryanhcode.sable.Sable/]: Saving sub-levels for level 'ServerLevel[world]'/minecraft:overworld
[30Apr2026 23:16:31.962] [Server thread/INFO] [dev.ryanhcode.sable.Sable/]: Saving sub-levels for level 'ServerLevel[world]'/minecraft:the_nether
[30Apr2026 23:16:31.963] [Server thread/INFO] [dev.ryanhcode.sable.Sable/]: Saving sub-levels for level 'ServerLevel[world]'/minecraft:the_end
[30Apr2026 23:16:31.971] [Server thread/INFO] [Chunk Activity Tracker/]: Saving data for 110 chunks for dimension 'the_nether' took 1 milliseconds
[30Apr2026 23:16:31.981] [Server thread/INFO] [Chunk Activity Tracker/]: Saving data for 3565 chunks for dimension 'overworld' took 10 milliseconds
[30Apr2026 23:21:31.957] [Server thread/INFO] [dev.ryanhcode.sable.Sable/]: Saving sub-levels for level 'ServerLevel[world]'/minecraft:overworld
[30Apr2026 23:21:31.973] [Server thread/INFO] [dev.ryanhcode.sable.Sable/]: Saving sub-levels for level 'ServerLevel[world]'/minecraft:the_nether
[30Apr2026 23:21:31.974] [Server thread/INFO] [dev.ryanhcode.sable.Sable/]: Saving sub-levels for level 'ServerLevel[world]'/minecraft:the_end
[30Apr2026 23:21:31.990] [Server thread/INFO] [Chunk Activity Tracker/]: Saving data for 110 chunks for dimension 'the_nether' took 3 milliseconds
[30Apr2026 23:21:32.000] [Server thread/INFO] [Chunk Activity Tracker/]: Saving data for 3565 chunks for dimension 'overworld' took 10 milliseconds
[30Apr2026 23:26:05.057] [Server thread/INFO] [AllTheLeaks/]: Listing events...
[30Apr2026 23:26:05.058] [Server thread/INFO] [AllTheLeaks/]: Server Player Clone: 10
[30Apr2026 23:26:05.058] [Server thread/INFO] [AllTheLeaks/]: Server Player Logout: 11
[30Apr2026 23:26:05.058] [Server thread/INFO] [AllTheLeaks/]: Listing memory leaks so far...
[30Apr2026 23:26:05.059] [Server thread/INFO] [AllTheLeaks/]: B: 1289MB / C: 1961MB / Diff: +672MB
[30Apr2026 23:26:05.059] [Server thread/INFO] [AllTheLeaks/]: Memory Leaks detected: (/atl force_refresh to update)
[30Apr2026 23:26:05.059] [Server thread/INFO] [AllTheLeaks/]: | ChunkAccess:
[30Apr2026 23:26:05.059] [Server thread/INFO] [AllTheLeaks/]: |- LevelChunk (minecraft): 2382
[30Apr2026 23:26:05.059] [Server thread/INFO] [AllTheLeaks/]: | Player:
[30Apr2026 23:26:05.059] [Server thread/INFO] [AllTheLeaks/]: |- ServerPlayer (minecraft): 21
[30Apr2026 23:26:31.957] [Server thread/INFO] [dev.ryanhcode.sable.Sable/]: Saving sub-levels for level 'ServerLevel[world]'/minecraft:overworld
[30Apr2026 23:26:31.962] [Server thread/INFO] [dev.ryanhcode.sable.Sable/]: Saving sub-levels for level 'ServerLevel[world]'/minecraft:the_nether
[30Apr2026 23:26:31.963] [Server thread/INFO] [dev.ryanhcode.sable.Sable/]: Saving sub-levels for level 'ServerLevel[world]'/minecraft:the_end
[30Apr2026 23:26:31.969] [Server thread/INFO] [Chunk Activity Tracker/]: Saving data for 110 chunks for dimension 'the_nether' took 1 milliseconds
[30Apr2026 23:26:31.979] [Server thread/INFO] [Chunk Activity Tracker/]: Saving data for 3565 chunks for dimension 'overworld' took 10 milliseconds
[30Apr2026 23:31:31.957] [Server thread/INFO] [dev.ryanhcode.sable.Sable/]: Saving sub-levels for level 'ServerLevel[world]'/minecraft:overworld
[30Apr2026 23:31:31.961] [Server thread/INFO] [dev.ryanhcode.sable.Sable/]: Saving sub-levels for level 'ServerLevel[world]'/minecraft:the_nether
[30Apr2026 23:31:31.962] [Server thread/INFO] [dev.ryanhcode.sable.Sable/]: Saving sub-levels for level 'ServerLevel[world]'/minecraft:the_end
[30Apr2026 23:31:31.969] [Server thread/INFO] [Chunk Activity Tracker/]: Saving data for 110 chunks for dimension 'the_nether' took 1 milliseconds
[30Apr2026 23:31:31.979] [Server thread/INFO] [Chunk Activity Tracker/]: Saving data for 3565 chunks for dimension 'overworld' took 9 milliseconds
[30Apr2026 23:36:05.107] [Server thread/INFO] [AllTheLeaks/]: Listing events...
[30Apr2026 23:36:05.108] [Server thread/INFO] [AllTheLeaks/]: Server Player Clone: 10
[30Apr2026 23:36:05.108] [Server thread/INFO] [AllTheLeaks/]: Server Player Logout: 11
[30Apr2026 23:36:05.108] [Server thread/INFO] [AllTheLeaks/]: Listing memory leaks so far...
[30Apr2026 23:36:05.109] [Server thread/INFO] [AllTheLeaks/]: B: 1289MB / C: 1961MB / Diff: +672MB
[30Apr2026 23:36:05.109] [Server thread/INFO] [AllTheLeaks/]: Memory Leaks detected: (/atl force_refresh to update)
[30Apr2026 23:36:05.109] [Server thread/INFO] [AllTheLeaks/]: | ChunkAccess:
[30Apr2026 23:36:05.109] [Server thread/INFO] [AllTheLeaks/]: |- LevelChunk (minecraft): 2382
[30Apr2026 23:36:05.109] [Server thread/INFO] [AllTheLeaks/]: | Player:
[30Apr2026 23:36:05.109] [Server thread/INFO] [AllTheLeaks/]: |- ServerPlayer (minecraft): 21
[30Apr2026 23:36:31.957] [Server thread/INFO] [dev.ryanhcode.sable.Sable/]: Saving sub-levels for level 'ServerLevel[world]'/minecraft:overworld
[30Apr2026 23:36:31.961] [Server thread/INFO] [dev.ryanhcode.sable.Sable/]: Saving sub-levels for level 'ServerLevel[world]'/minecraft:the_nether
[30Apr2026 23:36:31.962] [Server thread/INFO] [dev.ryanhcode.sable.Sable/]: Saving sub-levels for level 'ServerLevel[world]'/minecraft:the_end
[30Apr2026 23:36:31.970] [Server thread/INFO] [Chunk Activity Tracker/]: Saving data for 110 chunks for dimension 'the_nether' took 1 milliseconds
[30Apr2026 23:36:31.980] [Server thread/INFO] [Chunk Activity Tracker/]: Saving data for 3565 chunks for dimension 'overworld' took 10 milliseconds
[30Apr2026 23:41:31.957] [Server thread/INFO] [dev.ryanhcode.sable.Sable/]: Saving sub-levels for level 'ServerLevel[world]'/minecraft:overworld
[30Apr2026 23:41:31.963] [Server thread/INFO] [dev.ryanhcode.sable.Sable/]: Saving sub-levels for level 'ServerLevel[world]'/minecraft:the_nether
[30Apr2026 23:41:31.963] [Server thread/INFO] [dev.ryanhcode.sable.Sable/]: Saving sub-levels for level 'ServerLevel[world]'/minecraft:the_end
[30Apr2026 23:41:31.971] [Server thread/INFO] [Chunk Activity Tracker/]: Saving data for 110 chunks for dimension 'the_nether' took 1 milliseconds
[30Apr2026 23:41:31.980] [Server thread/INFO] [Chunk Activity Tracker/]: Saving data for 3565 chunks for dimension 'overworld' took 9 milliseconds
[30Apr2026 23:46:05.157] [Server thread/INFO] [AllTheLeaks/]: Listing events...
[30Apr2026 23:46:05.159] [Server thread/INFO] [AllTheLeaks/]: Server Player Clone: 10
[30Apr2026 23:46:05.159] [Server thread/INFO] [AllTheLeaks/]: Server Player Logout: 11
[30Apr2026 23:46:05.159] [Server thread/INFO] [AllTheLeaks/]: Listing memory leaks so far...
[30Apr2026 23:46:05.159] [Server thread/INFO] [AllTheLeaks/]: B: 1289MB / C: 1961MB / Diff: +672MB
[30Apr2026 23:46:05.160] [Server thread/INFO] [AllTheLeaks/]: Memory Leaks detected: (/atl force_refresh to update)
[30Apr2026 23:46:05.160] [Server thread/INFO] [AllTheLeaks/]: | ChunkAccess:
[30Apr2026 23:46:05.160] [Server thread/INFO] [AllTheLeaks/]: |- LevelChunk (minecraft): 2382
[30Apr2026 23:46:05.160] [Server thread/INFO] [AllTheLeaks/]: | Player:
[30Apr2026 23:46:05.160] [Server thread/INFO] [AllTheLeaks/]: |- ServerPlayer (minecraft): 21
[30Apr2026 23:46:31.957] [Server thread/INFO] [dev.ryanhcode.sable.Sable/]: Saving sub-levels for level 'ServerLevel[world]'/minecraft:overworld
[30Apr2026 23:46:31.961] [Server thread/INFO] [dev.ryanhcode.sable.Sable/]: Saving sub-levels for level 'ServerLevel[world]'/minecraft:the_nether
[30Apr2026 23:46:31.962] [Server thread/INFO] [dev.ryanhcode.sable.Sable/]: Saving sub-levels for level 'ServerLevel[world]'/minecraft:the_end
[30Apr2026 23:46:31.969] [Server thread/INFO] [Chunk Activity Tracker/]: Saving data for 110 chunks for dimension 'the_nether' took 1 milliseconds
[30Apr2026 23:46:31.979] [Server thread/INFO] [Chunk Activity Tracker/]: Saving data for 3565 chunks for dimension 'overworld' took 10 milliseconds
[30Apr2026 23:51:31.957] [Server thread/INFO] [dev.ryanhcode.sable.Sable/]: Saving sub-levels for level 'ServerLevel[world]'/minecraft:overworld
[30Apr2026 23:51:31.962] [Server thread/INFO] [dev.ryanhcode.sable.Sable/]: Saving sub-levels for level 'ServerLevel[world]'/minecraft:the_nether
[30Apr2026 23:51:31.962] [Server thread/INFO] [dev.ryanhcode.sable.Sable/]: Saving sub-levels for level 'ServerLevel[world]'/minecraft:the_end
[30Apr2026 23:51:31.972] [Server thread/INFO] [Chunk Activity Tracker/]: Saving data for 110 chunks for dimension 'the_nether' took 1 milliseconds
[30Apr2026 23:51:31.984] [Server thread/INFO] [Chunk Activity Tracker/]: Saving data for 3565 chunks for dimension 'overworld' took 12 milliseconds
[30Apr2026 23:56:05.207] [Server thread/INFO] [AllTheLeaks/]: Listing events...
[30Apr2026 23:56:05.208] [Server thread/INFO] [AllTheLeaks/]: Server Player Clone: 10
[30Apr2026 23:56:05.208] [Server thread/INFO] [AllTheLeaks/]: Server Player Logout: 11
[30Apr2026 23:56:05.208] [Server thread/INFO] [AllTheLeaks/]: Listing memory leaks so far...
[30Apr2026 23:56:05.208] [Server thread/INFO] [AllTheLeaks/]: B: 1289MB / C: 1961MB / Diff: +672MB
[30Apr2026 23:56:05.209] [Server thread/INFO] [AllTheLeaks/]: Memory Leaks detected: (/atl force_refresh to update)
[30Apr2026 23:56:05.209] [Server thread/INFO] [AllTheLeaks/]: | ChunkAccess:
[30Apr2026 23:56:05.209] [Server thread/INFO] [AllTheLeaks/]: |- LevelChunk (minecraft): 2382
[30Apr2026 23:56:05.209] [Server thread/INFO] [AllTheLeaks/]: | Player:
[30Apr2026 23:56:05.209] [Server thread/INFO] [AllTheLeaks/]: |- ServerPlayer (minecraft): 21
[30Apr2026 23:56:31.957] [Server thread/INFO] [dev.ryanhcode.sable.Sable/]: Saving sub-levels for level 'ServerLevel[world]'/minecraft:overworld
[30Apr2026 23:56:31.961] [Server thread/INFO] [dev.ryanhcode.sable.Sable/]: Saving sub-levels for level 'ServerLevel[world]'/minecraft:the_nether
[30Apr2026 23:56:31.962] [Server thread/INFO] [dev.ryanhcode.sable.Sable/]: Saving sub-levels for level 'ServerLevel[world]'/minecraft:the_end
[30Apr2026 23:56:31.970] [Server thread/INFO] [Chunk Activity Tracker/]: Saving data for 110 chunks for dimension 'the_nether' took 1 milliseconds
[30Apr2026 23:56:31.981] [Server thread/INFO] [Chunk Activity Tracker/]: Saving data for 3565 chunks for dimension 'overworld' took 11 milliseconds
